5516 10 1
1 690 5116 5102 5152 5393 5394 5395 5396 5398 5397 30
2 3554 253 5346 5257 5399 5400 5401 5402 5404 5403 30
3 690 5102 5125 5152 5395 5405 5406 5396 5397 5407 30
4 3707 221 222 3541 5408 1336 5409 4559 5411 5410 30
5 3764 5318 5278 5329 5412 5413 5414 5415 5417 5416 30
6 249 5117 5137 5145 5418 5419 5420 5421 5423 5422 30
7 3564 5313 5269 3563 5424 5425 5426 4716 5428 5427 30
8 659 5172 5162 5210 5429 5430 5431 5432 5434 5433 30
9 440 3559 441 5326 5435 5436 2440 5437 5439 5438 30
10 5326 496 747 5330 5440 2443 5441 5442 5444 5443 30
11 496 3555 497 5346 5445 5446 2451 5447 5449 5448 30
12 3519 5207 5177 5244 5450 5451 5452 5453 5455 5454 30
13 508 5096 5095 5097 5456 5457 5458 5459 5461 5460 30
14 3559 3557 441 5326 4692 5462 5436 5439 5463 5438 30
15 3568 465 412 5303 5464 2303 5465 5466 5468 5467 30
16 437 3560 3781 5326 5469 4701 5470 5471 5473 5472 30
17 5339 3548 3547 3541 5474 4612 5475 5476 4611 4606 30
18 217 3772 5339 216 5477 5478 5479 1309 5481 5480 30
19 412 3568 768 531 5465 5482 2281 2305 5483 2306 30
20 5241 926 568 696 5484 3029 5485 5486 3043 3042 30
21 496 497 3555 3557 2451 5446 5445 5487 5488 4682 30
22 696 5192 5183 5202 5489 5490 5491 5492 5494 5493 30
23 507 5095 5164 5097 5495 5496 5497 5498 5460 5499 30
24 447 5124 748 5154 5500 5501 2081 5502 5504 5503 30
25 3805 497 441 3557 5505 2452 5506 4683 5488 5462 30
26 581 5089 5090 5110 5507 5508 5509 5510 5512 5511 30
27 3430 3799 914 5337 4056 5513 5514 5515 5517 5516 30
28 696 5192 5202 5241 5489 5494 5492 5486 5519 5518 30
29 5114 5124 447 5139 5520 5500 5521 5522 5524 5523 30
30 768 3568 412 5303 5482 5465 2281 5525 5466 5467 30
31 497 441 754 3805 2452 2449 2453 5505 5506 5526 30
32 245 3727 5308 5277 5527 5528 5529 5530 5532 5531 30
33 3707 221 3541 3779 5408 5411 4559 4615 5533 4613 30
34 5271 3441 829 5349 5534 5535 5536 5537 5539 5538 30
35 5120 5106 478 5116 5540 5541 5542 5543 5545 5544 30
36 366 364 367 5118 2063 2065 2064 5546 5548 5547 30
37 5278 5318 303 5329 5413 5549 5550 5416 5417 5551 30
38 3555 496 3556 5346 5445 5552 4599 5449 5447 5553 30
39 245 3727 5277 3549 5527 5532 5530 5554 4610 5555 30
40 3707 5284 224 5297 5556 5557 5558 5559 5561 5560 30
41 5107 367 5114 5118 5562 5563 5564 5565 5547 5566 30
42 286 5222 5260 5259 5567 5568 5569 5570 5572 5571 30
43 3700 701 164 5316 5573 5574 3971 5575 5577 5576 30
44 437 3560 3569 3781 5469 4709 5578 5470 4701 4710 30
45 249 5145 5137 5147 5421 5422 5420 5579 5581 5580 30
46 447 5139 5124 5154 5523 5524 5500 5502 5582 5504 30
47 3746 5134 5124 5167 5583 5584 5585 5586 5588 5587 30
48 217 3772 216 214 5477 5481 1309 1310 5589 1308 30
49 3555 497 612 3805 5446 2729 5590 4684 5505 5591 30
50 392 5187 5244 5234 5592 5593 5594 5595 5597 5596 30
51 3756 3799 3430 5337 4057 4056 4053 5598 5517 5515 30
52 3717 5137 5117 5145 5599 5419 5600 5601 5422 5423 30
53 787 3560 437 5325 5602 5469 1844 5603 5605 5604 30
54 263 5111 5099 5130 5606 5607 5608 5609 5611 5610 30
55 477 5326 437 3781 5612 5471 2430 5613 5472 5470 30
56 3805 3555 497 3557 4684 5446 5505 4683 4682 5488 30
57 768 5300 3539 5303 5614 5615 5616 5525 5618 5617 30
58 164 3700 3427 701 3971 3976 3968 5574 5573 5619 30
59 3562 3560 787 5325 4707 5602 5620 5621 5605 5603 30
60 3707 221 3779 223 5408 5533 4615 5622 1343 5623 30
61 477 5326 3781 775 5612 5472 5613 2438 5625 5624 30
62 3545 5108 5103 5219 5626 5627 5628 5629 5631 5630 30
63 612 497 3555 5346 2729 5446 5590 5632 5448 5449 30
64 3449 5222 5260 5216 5633 5568 5634 5635 5637 5636 30
65 5169 5210 5243 660 5638 5639 5640 5641 5643 5642 30
66 478 5106 720 5116 5541 5644 2637 5544 5545 5645 30
67 737 5108 5103 5109 5646 5627 5647 5648 5650 5649 30
68 3564 5313 3563 3562 5424 5428 4716 4717 5651 4712 30
69 690 5102 816 5125 5395 5652 3234 5406 5405 5653 30
70 3554 253 5257 5239 5399 5404 5402 5654 5656 5655 30
71 540 5124 5134 5167 5657 5584 5658 5659 5587 5588 30
72 5339 3548 3541 777 5474 4611 5476 5660 5662 5661 30
73 826 5208 5147 5236 5663 5664 5665 5666 5668 5667 30
74 3568 412 465 531 5465 2303 5464 5483 2305 2304 30
75 768 3539 3568 5303 5616 4604 5482 5525 5617 5466 30
76 3557 3555 496 3556 4682 5445 5487 4681 4599 5552 30
77 364 367 5118 5124 2065 5547 5548 5669 5671 5670 30
78 3554 3787 827 5239 4678 5672 5673 5654 5675 5674 30
79 5108 5219 543 5103 5631 5676 5677 5627 5630 5678 30
80 3676 5332 3735 3810 5679 5680 5043 5044 5681 4304 30
81 477 437 3569 3781 2430 5578 5682 5613 5470 4710 30
82 446 3735 3676 5332 5683 5043 5684 5685 5680 5679 30
83 5114 5118 367 5124 5566 5547 5563 5520 5670 5671 30
84 5120 478 5106 476 5542 5541 5540 5686 2620 5687 30
85 3545 5092 5108 5219 5688 5689 5626 5629 5690 5631 30
86 642 5181 5168 5189 5691 5692 5693 5694 5696 5695 30
87 497 496 441 3557 2451 2442 2452 5488 5487 5462 30
88 3425 5087 5083 5095 5697 5698 5699 5700 5702 5701 30
89 3794 245 217 3549 5703 1322 5704 4651 5554 5705 30
90 3717 5137 5145 5147 5599 5422 5601 5706 5580 5581 30
91 478 476 479 5106 2620 2628 2627 5541 5687 5707 30
92 5147 5157 826 5236 5708 5709 5665 5667 5710 5666 30
93 392 5187 5234 713 5592 5597 5595 2191 5712 5711 30
94 5261 5120 478 5116 5713 5542 5714 5715 5543 5544 30
95 532 3637 442 440 5716 5717 2446 2447 5718 2445 30
96 787 437 3560 3569 1844 5469 5602 5719 5578 4709 30
97 540 5124 363 5134 5657 5720 2022 5658 5584 5721 30
98 3427 701 3700 5331 5619 5573 3976 5722 5724 5723 30
99 3781 3559 775 5326 4702 5725 5624 5472 5439 5625 30
100 5262 5283 3695 5284 5726 5727 5728 5729 5731 5730 30
101 3568 3567 768 531 4603 5732 5482 5483 5733 2306 30
102 543 5108 5103 737 5677 5627 5678 2935 5646 5647 30
103 5096 5178 822 5086 5734 5735 5736 5737 5739 5738 30
104 507 5095 5097 508 5495 5460 5498 2767 5458 5459 30
105 5326 496 5330 3557 5440 5444 5442 5463 5487 5740 30
106 787 5313 3562 5325 5741 5651 5620 5603 5742 5621 30
107 245 3727 3549 3794 5527 4610 5554 5703 4652 4651 30
108 763 5197 334 5206 5743 5744 1902 5745 5747 5746 30
109 5271 164 701 5304 5748 5574 5749 5750 5752 5751 30
110 5211 5222 282 5259 5753 5754 5755 5756 5572 5757 30
111 5318 5278 358 5251 5413 5758 5759 5760 5762 5761 30
112 224 3707 222 5284 5558 5409 1349 5557 5556 5763 30
113 5102 5116 3592 5152 5394 5764 5765 5397 5398 5766 30
114 164 701 5304 5316 5574 5751 5752 5576 5577 5767 30
115 428 5090 5085 5092 5768 5769 5770 5771 5773 5772 30
116 5083 186 5087 5093 5774 5775 5698 5776 5778 5777 30
117 455 3602 468 3601 5779 5780 2521 5781 4888 5782 30
118 496 3557 3556 5330 5487 4681 5552 5444 5740 5783 30
119 754 612 3805 3626 2730 5591 5526 5784 5785 4921 30
120 532 442 3638 533 2446 5786 5787 2455 2454 5788 30
121 3746 5134 5167 3553 5583 5588 5586 4433 5790 5789 30
122 491 5085 5090 5182 5791 5769 5792 5793 5795 5794 30
123 3770 5378 3657 206 5796 5797 4016 5798 5800 5799 30
124 5261 478 5120 474 5714 5542 5713 5801 2619 5802 30
125 5091 5093 5155 3438 5803 5804 5805 5806 5808 5807 30
126 371 5115 5114 5139 5809 5810 5811 5812 5813 5522 30
127 330 5088 5099 5103 5814 5815 5816 5817 5819 5818 30
128 3688 5162 5172 5210 5820 5430 5821 5822 5433 5434 30
129 658 5175 5172 5210 5823 5824 5825 5826 5827 5434 30
130 531 465 3568 3583 2304 5464 5483 5828 5829 4742 30
131 5326 496 3557 441 5440 5487 5463 5438 2442 5462 30
132 540 5167 5134 5242 5659 5588 5658 5830 5832 5831 30
133 3541 220 3540 5339 5833 5834 4557 5476 5836 5835 30
134 3657 5378 3770 3422 5797 5796 4016 4013 5837 3867 30
135 714 3787 3707 5239 5838 4923 5839 5840 5675 5841 30
136 334 5206 5197 5253 5746 5747 5744 5842 5844 5843 30
137 3707 221 223 222 5408 1343 5622 5409 1336 1344 30
138 378 5144 5146 5143 5845 5846 5847 5848 5850 5849 30
139 5203 3455 5258 5305 5851 5852 5853 5854 5856 5855 30
140 854 5283 5262 5284 5857 5726 5858 5859 5731 5729 30
141 468 3602 455 467 5780 5779 2521 2522 5860 2514 30
142 5095 5096 3754 5097 5457 5861 5862 5460 5461 5863 30
143 3560 3562 787 3569 4707 5620 5602 4709 4708 5719 30
144 581 5090 582 5110 5509 5864 2689 5510 5511 5865 30
145 153 5083 3425 5087 5866 5699 3899 5867 5698 5697 30
146 496 5330 3556 5346 5444 5783 5552 5447 5868 5553 30
147 3541 220 222 3530 5833 1337 5410 4556 5870 5869 30
148 5339 3548 777 3577 5474 5662 5660 5871 4641 5872 30
149 330 5088 5098 5099 5814 5873 5874 5816 5815 5875 30
150 5091 5093 3438 5106 5803 5808 5806 5876 5878 5877 30
151 581 488 5089 5110 2687 5879 5507 5510 5880 5512 30
152 3553 5134 5167 5242 5790 5588 5789 5881 5831 5832 30
153 3451 5222 5259 5260 5882 5572 5883 5884 5568 5571 30
154 5083 5087 657 5095 5698 5885 5886 5701 5702 5887 30
155 690 5125 879 5152 5406 5888 3233 5396 5407 5889 30
156 731 165 3430 5316 5890 3978 5891 5892 5894 5893 30
157 623 5310 3441 5338 5895 5896 5897 5898 5900 5899 30
158 5087 186 69 70 5775 1062 5901 5902 1061 91 30
159 5217 5234 713 5274 5903 5711 5904 5905 5907 5906 30
160 3521 5207 3519 5244 5908 5450 4502 5909 5455 5453 30
161 5169 5210 660 5162 5638 5643 5641 5910 5433 5911 30
162 378 5126 5143 5146 5912 5913 5848 5847 5914 5849 30
163 3636 441 440 3559 5915 2440 5916 4693 5436 5435 30
164 430 5208 826 5236 5917 5663 2344 5918 5668 5666 30
165 3554 253 5239 827 5399 5656 5654 5673 1377 5674 30
166 5083 186 5093 744 5774 5778 5776 5919 1065 5920 30
167 5103 261 718 5111 5921 1532 5922 5923 5925 5924 30
168 539 5210 660 5243 5926 5643 2922 5927 5639 5642 30
169 3805 441 754 3636 5506 2449 5526 4695 5915 5928 30
170 3567 768 463 5341 5732 2286 5929 5930 5932 5931 30
171 531 648 906 3583 2885 2886 2575 5828 5934 5933 30
172 543 5108 737 640 5677 5646 2935 2936 5935 1514 30
173 5194 5225 3464 5294 5936 5937 5938 5939 5941 5940 30
174 3541 222 3707 3530 5410 5409 4559 4556 5869 4558 30
175 497 754 612 3805 2453 2730 2729 5505 5526 5591 30
176 3583 648 906 3678 5934 2886 5933 4822 5943 5942 30
177 5129 3789 5192 5140 5944 5945 5946 5947 5949 5948 30
178 3449 5222 5216 3480 5633 5637 5635 4151 5951 5950 30
179 3657 5378 5392 206 5797 5952 5953 5799 5800 5954 30
180 627 5096 5097 5178 5955 5461 5956 5957 5734 5958 30
181 5207 5244 400 5177 5455 5959 5960 5451 5454 5961 30
182 881 5162 5123 5169 5962 5963 5964 5965 5910 5966 30
183 858 371 5114 5139 2089 5811 5967 5968 5812 5522 30
184 446 3735 5332 778 5683 5680 5685 1929 5970 5969 30
185 3521 5207 5244 5279 5908 5455 5909 5971 5973 5972 30
186 477 5326 775 438 5612 5625 2438 2429 5974 2437 30
187 330 361 5088 5103 1730 5975 5814 5817 5976 5819 30
188 787 320 5313 5325 1832 5977 5741 5603 5978 5742 30
189 3559 3636 441 3557 4693 5915 5436 4692 4694 5462 30
190 249 5137 5117 5270 5420 5419 5418 5979 5981 5980 30
191 3564 5313 3562 360 5424 5651 4717 5982 5984 5983 30
192 3444 5290 448 5338 5985 5986 5987 5988 5990 5989 30
193 441 440 442 3636 2440 2445 2444 5915 5916 5991 30
194 262 5111 263 5130 5992 5606 1545 5993 5611 5609 30
195 685 5261 5146 5156 5994 5995 5996 5997 5999 5998 30
196 3695 5262 5246 5283 5728 6000 6001 5727 5726 6002 30
197 3717 3780 5137 5147 4398 6003 5599 5706 6004 5580 30
198 3602 5340 456 5348 6005 6006 6007 6008 6010 6009 30
199 792 5257 5215 5237 6011 6012 6013 6014 6016 6015 30
200 474 5128 5120 5261 6017 6018 5802 5801 6019 5713 30
201 5392 5378 3657 3422 5952 5797 5953 6020 5837 4013 30
202 792 5257 5237 722 6011 6016 6014 1397 6022 6021 30
203 330 5099 298 5103 5816 6023 1729 5817 5818 6024 30
204 3764 5251 5278 5318 6025 5762 5414 5412 5760 5413 30
205 879 690 816 5125 3233 3234 2684 5888 5406 5653 30
206 378 5144 5143 377 5845 5850 5848 2123 6027 6026 30
207 330 298 361 5103 1729 1731 1730 5817 6024 5976 30
208 658 359 5172 5175 1964 6028 5825 5823 6029 5824 30
209 330 5088 335 5098 5814 6030 1791 5874 5873 6031 30
210 463 3565 3567 5341 6032 4601 5929 5931 6033 5930 30
211 5326 496 441 439 5440 2442 5438 6034 2441 2439 30
212 5222 288 286 5260 6035 1668 5567 5568 6036 5569 30
213 473 5156 5128 5261 6037 6038 6039 6040 5999 6019 30
214 541 5154 5124 5167 6041 5504 6042 6043 6044 5587 30
215 854 5246 5262 5283 6045 6000 5858 5857 6002 5726 30
216 3441 5255 623 5349 6046 6047 5897 5539 6049 6048 30
217 5217 5234 5274 3778 5903 5907 5905 6050 6052 6051 30
218 440 775 3559 5326 2436 5725 5435 5437 5625 5439 30
219 547 5320 5330 5346 6053 6054 6055 6056 6057 5868 30
220 5102 3592 5125 5152 5765 6058 5405 5397 5766 5407 30
221 448 5298 3443 5342 6059 6060 6061 6062 6064 6063 30
222 664 5203 5258 5305 6065 5853 6066 6067 5854 5855 30
223 3449 5222 3480 3451 5633 5951 4151 4149 5882 4150 30
224 286 5222 5259 282 5567 5572 5570 1649 5754 5757 30
225 5271 164 5304 163 5748 5752 5750 6068 180 6069 30
226 731 5316 3430 5337 5892 5893 5891 6070 6071 5515 30
227 262 263 264 5130 1545 1551 1550 5993 5609 6072 30
228 5339 221 777 3541 6073 1334 5660 5476 5411 5661 30
229 5271 829 3441 5304 5536 5535 5534 5750 6075 6074 30
230 3601 3602 468 3603 4888 5780 5782 4896 4895 6076 30
231 222 3707 3530 5284 5409 4558 5869 5763 5556 6077 30
232 3441 623 5255 5310 5897 6047 6046 5896 5895 6078 30
233 5392 5378 636 206 5952 6079 6080 5954 5800 999 30
234 330 5098 310 5099 5874 6081 1728 5816 5875 6082 30
235 3602 468 3603 467 5780 6076 4895 5860 2522 6083 30
236 3568 3567 3539 768 4603 4602 4604 5482 5732 5616 30
237 534 569 3638 533 2892 6084 6085 2457 2893 5788 30
238 245 3727 3794 5308 5527 4652 5703 5529 5528 6086 30
239 4 5085 5086 5182 6087 6088 6089 6090 5795 6091 30
240 731 165 166 3430 5890 182 6092 5891 3978 3977 30
241 5157 5179 432 5236 6093 6094 6095 5710 6097 6096 30
242 3506 5124 5114 5139 6098 5520 6099 6100 5524 5522 30
243 608 3819 3735 5342 6101 4306 6102 6103 6105 6104 30
244 838 5262 5160 5273 6106 6107 6108 6109 6111 6110 30
245 369 858 371 5114 2090 2089 2088 6112 5967 5811 30
246 3506 5124 5139 5154 6098 5524 6100 6113 5504 5582 30
247 5091 5093 5106 503 5803 5878 5876 6114 6116 6115 30
248 612 3555 3805 3607 5590 4684 5591 6117 4676 4685 30
249 5217 5234 3778 5187 5903 6052 6050 6118 5597 6119 30
250 5112 5172 544 5223 6120 6121 6122 6123 6125 6124 30
251 3820 3794 217 3549 4655 5704 6126 4654 4651 5705 30
252 5103 261 5111 5099 5921 5925 5923 5818 6127 5607 30
253 3583 465 3568 3620 5829 5464 4742 4746 6128 4747 30
254 3603 468 3604 570 6076 6129 4897 6130 2587 6131 30
255 3565 463 469 5341 6032 2424 6132 6033 5931 6133 30
256 5083 5096 625 5345 6134 6135 6136 6137 6139 6138 30
257 327 5119 5108 5117 6140 6141 6142 6143 6145 6144 30
258 236 5167 5148 5193 6146 6147 6148 6149 6151 6150 30
259 720 5106 482 5102 5644 6152 2646 6153 6155 6154 30
260 3444 448 3443 5338 5987 6061 4114 5988 5989 6156 30
261 3471 5202 5192 5241 6157 5494 6158 6159 5518 5519 30
262 3734 3808 3616 5315 4964 4963 4957 6160 6162 6161 30
263 330 335 310 5098 1791 1790 1728 5874 6031 6081 30
264 843 447 748 5154 2479 2081 2480 6163 5502 5503 30
265 857 826 5157 5236 2396 5709 6164 6165 5666 5710 30
266 718 5109 5103 5111 6166 5649 5922 5924 6167 5923 30
267 622 5392 3669 3668 6168 6169 6170 6171 6172 4017 30
268 3729 5087 3425 5095 6173 5697 3909 6174 5702 5700 30
269 3555 3607 612 5346 4676 6117 5590 5449 6175 5632 30
270 3608 5116 5106 5120 6176 5545 6177 6178 5543 5540 30
271 3746 5134 3553 3505 5583 5790 4433 4429 6179 4432 30
272 5083 625 5096 5095 6136 6135 6134 5701 6180 5457 30
273 477 5326 438 437 5612 5974 2429 2430 5471 1851 30
274 693 5094 5118 5288 6181 6182 6183 6184 6186 6185 30
275 3599 456 3602 5340 6187 6007 4887 6188 6006 6005 30
276 5392 636 677 206 6080 1274 6189 5954 999 1275 30
277 692 5281 5265 5286 6190 6191 6192 6193 6195 6194 30
278 69 5087 657 5083 5901 5885 1067 6196 5698 5886 30
279 817 5209 5194 5236 6197 6198 6199 6200 6202 6201 30
280 5107 367 5118 366 5562 5547 5565 6203 2064 5546 30
281 3554 253 827 5346 5399 1377 5673 5401 5400 6204 30
282 878 5095 5087 5196 6205 5702 6206 6207 6209 6208 30
283 5129 3789 5140 3744 5944 5949 5947 6210 4788 6211 30
284 3669 3422 5392 3657 4015 6020 6169 4014 4013 5953 30
285 5168 5181 3486 5189 5692 6212 6213 5695 5696 6214 30
286 543 5108 640 823 5677 5935 2936 2371 6215 2937 30
287 3636 3805 441 3557 4695 5506 5915 4694 4683 5462 30
288 221 220 222 3541 1332 1337 1336 5411 5833 5410 30
289 5234 5244 3818 5187 5596 6216 6217 5597 5593 6218 30
290 792 5257 722 5235 6011 6022 1397 6219 6221 6220 30
291 720 5106 5102 5116 5644 6155 6153 5645 5545 5394 30
292 827 3787 714 5239 5672 5838 1367 5674 5675 5840 30
293 428 452 5090 5092 2377 6222 5768 5771 6223 5773 30
294 731 166 738 3430 6092 6224 1164 5891 3977 6225 30
295 690 5126 5116 5152 6226 6227 5393 5396 6228 5398 30
296 5108 543 5219 823 5677 5676 5631 6215 2371 6229 30
297 3444 3443 448 5298 4114 6061 5987 6230 6060 6059 30
298 708 5148 236 5167 6231 6148 1419 6232 6147 6146 30
299 5103 261 5099 298 5921 6127 5818 6024 1548 6023 30
300 224 5239 3707 5297 6233 5841 5558 5560 6234 5559 30
301 3554 3607 827 3787 4677 6235 5673 4678 4680 5672 30
302 792 5257 5235 5215 6011 6221 6219 6013 6012 6236 30
303 442 3638 3637 532 5786 5010 5717 2446 5787 5716 30
304 937 3741 764 5324 6237 6238 3109 6239 6241 6240 30
305 584 5090 5094 5110 6242 6243 6244 6245 5511 6246 30
306 3463 5209 5194 5254 6247 6198 6248 6249 6251 6250 30
307 3601 653 3599 3600 6252 6253 4885 4886 6254 4772 30
308 3649 5197 5206 5253 6255 5747 6256 6257 5843 5844 30
309 448 3443 5337 5342 6061 6258 6259 6062 6063 6260 30
310 378 5126 5146 688 5912 5914 5847 2125 6262 6261 30
311 280 5203 278 5220 6263 6264 1629 6265 6267 6266 30
312 220 3541 3540 3530 5833 4557 5834 5870 4556 4551 30
313 5091 5102 483 5106 6268 6269 6270 5876 6155 6271 30
314 465 3620 5334 5335 6128 6272 6273 6274 6276 6275 30
315 3668 5392 3669 3422 6172 6169 4017 3870 6020 4015 30
316 69 657 5087 923 1067 5885 5901 1063 1068 6277 30
317 3569 3562 787 836 4708 5620 5719 6278 6279 2046 30
318 3818 5187 3778 5234 6218 6119 5007 6217 5597 6052 30
319 280 5211 5203 5220 6280 6281 6263 6265 6282 6267 30
320 3599 5309 654 5340 6283 6284 6285 6188 6287 6286 30
321 3602 456 455 5348 6007 1883 5779 6008 6009 6288 30
322 400 5244 5187 5177 5959 5593 6289 5961 5454 6290 30
323 3735 5298 3810 5332 6291 6292 4304 5680 6293 5681 30
324 222 3530 220 5284 5869 5870 1337 5763 6077 6294 30
325 3599 5309 5340 3598 6283 6287 6188 4770 6296 6295 30
326 432 5209 5236 5179 6297 6202 6096 6094 6298 6097 30
327 701 3427 5271 5331 5619 6299 5749 5724 5722 6300 30
328 467 3602 455 5348 5860 5779 2514 6301 6008 6288 30
329 3802 789 3758 5321 6302 6303 4295 6304 6306 6305 30
330 5339 221 3541 220 6073 5411 5476 5836 1332 5833 30
331 5290 5310 448 5338 6307 6308 5986 5990 5900 5989 30
332 3528 3519 5177 5244 4504 5452 6309 6310 5453 5454 30
333 540 541 363 5124 2060 2059 2022 5657 6042 5720 30
334 245 5308 3794 5315 5529 6086 5703 6311 6313 6312 30
335 5183 5192 3782 5202 5490 6314 6315 5493 5494 6316 30
336 3735 778 5298 5332 5970 6317 6291 5680 5969 6293 30
337 5194 5254 449 5294 6250 6318 6319 5939 6321 6320 30
338 790 3673 3676 855 6322 5042 6323 2478 6325 6324 30
339 478 720 5106 479 2637 5644 5541 2627 2638 5707 30
340 386 5158 387 5217 6326 6327 2157 6328 6330 6329 30
341 3607 3554 827 5346 4677 5673 6235 6175 5401 6204 30
342 763 334 332 5206 1902 1818 1903 5745 5746 6331 30
343 5091 5093 503 5155 5803 6116 6114 5805 5804 6332 30
344 612 3607 827 5346 6117 6235 3146 5632 6175 6204 30
345 400 5187 5244 390 6289 5593 5959 2184 6334 6333 30
346 360 787 3562 836 1834 5620 5983 2044 2046 6279 30
347 541 5124 540 5167 6042 5657 2060 6043 5587 5659 30
348 3785 5186 5120 5093 6335 6336 6337 6338 6340 6339 30
349 440 3637 442 3636 5718 5717 2445 5916 4704 5991 30
350 5122 349 348 350 6341 1975 6342 6343 1981 1980 30
351 3453 5203 5258 5211 6344 5853 6345 6346 6281 6347 30
352 720 482 5106 479 2646 6152 5644 2638 2644 5707 30
353 448 5337 3443 5338 6259 6258 6061 5989 6348 6156 30
354 612 3779 3607 3626 6349 4920 6117 5785 4650 4919 30
355 3751 5172 5175 5210 6350 5824 6351 6352 5434 5827 30
356 468 3604 3601 3603 6129 4898 5782 6076 4897 4896 30
357 5194 5209 3476 5236 6198 6353 6354 6201 6202 6355 30
358 3499 5103 3545 5108 6356 5628 4402 6357 5627 5626 30
359 623 829 3441 5349 1214 5535 5897 6048 5538 5539 30
360 5217 5234 5187 713 5903 5597 6118 5904 5711 5712 30
361 332 5206 334 5253 6331 5746 1818 6358 5844 5842 30
362 418 5099 5098 5131 6359 5875 6360 6361 6363 6362 30
363 3700 3814 3773 5334 4058 4980 4042 6364 6366 6365 30
364 670 5119 5117 5276 6367 6145 6368 6369 6371 6370 30
365 5122 349 350 5136 6341 1981 6343 6372 6374 6373 30
366 3735 5298 778 5342 6291 6317 5970 6104 6064 6375 30
367 5362 129 5367 3795 6376 6377 6378 6379 3823 6380 30
368 352 5121 5101 5122 6381 6382 6383 6384 6386 6385 30
369 3531 5115 5114 5280 6387 5810 6388 6389 6391 6390 30
370 622 3781 3669 677 6392 4755 6170 2635 6394 6393 30
371 874 326 902 5133 1579 1873 1872 6395 6397 6396 30
372 882 5135 5285 5166 6398 6399 6400 6401 6403 6402 30
373 153 3425 3729 5087 3899 3909 3906 5867 5697 6173 30
374 5146 3791 3631 3610 6404 4477 6405 6406 4936 4934 30
375 5122 349 5136 5153 6341 6374 6372 6407 6409 6408 30
376 3809 650 651 3665 6410 3177 6411 5032 6413 6412 30
377 245 217 3549 5339 1322 5705 5554 6414 5479 6415 30
378 937 764 588 5324 3109 2541 3110 6239 6240 6416 30
379 878 5095 5196 553 6205 6209 6207 2973 6418 6417 30
380 685 5261 5156 473 5994 5999 5997 2316 6040 6037 30
381 5207 400 5244 800 5960 5959 5455 6419 2196 6420 30
382 773 3772 216 5339 6421 5481 1313 6422 5478 5480 30
383 440 438 775 5326 2435 2437 2436 5437 5974 5625 30
384 622 5365 5392 3668 6423 6424 6168 6171 6425 6172 30
385 800 5244 5207 5279 6420 5455 6419 6426 5972 5973 30
386 5095 5097 3754 5164 5460 5863 5862 5496 5499 6427 30
387 5096 822 5178 627 5736 5735 5734 5955 3139 5957 30
388 644 3817 3677 3703 6428 5046 6429 6430 4061 5048 30
389 3761 5160 5262 5273 6431 6107 6432 6433 6110 6111 30
390 3626 754 534 3636 5784 2458 6434 4794 5928 6435 30
391 906 465 531 3583 2574 2304 2575 5933 5829 5828 30
392 627 5096 548 5097 5955 6436 2954 5956 5461 6437 30
393 231 792 722 5235 1395 1397 1386 6438 6219 6220 30
394 3564 5313 360 5269 5424 5984 5982 5426 5425 6439 30
395 547 5330 496 5346 6055 5444 2722 6056 5868 5447 30
396 5203 5247 3455 5305 6440 6441 5851 5854 6442 5856 30
397 5103 261 298 718 5921 1548 6024 5922 1532 1549 30
398 622 5365 3668 191 6423 6425 6171 1200 6444 6443 30
399 3583 465 3620 5334 5829 6128 4746 6445 6273 6272 30
400 738 914 731 3430 3269 3268 1164 6225 5514 5891 30
401 481 5091 483 5106 6446 6270 2653 6447 5876 6271 30
402 3764 5278 3473 5329 5414 6448 4197 5415 5416 6449 30
403 5378 5365 636 19 6450 6451 6079 6452 6453 998 30
404 165 731 84 5316 5890 1155 6454 5894 5892 6455 30
405 3754 5095 3425 5096 5862 5700 4030 5861 5457 6456 30
406 714 223 225 5239 1355 1353 1356 5840 6458 6457 30
407 3545 5088 5085 5219 6459 6460 6461 5629 6463 6462 30
408 906 3583 3678 5336 5933 4822 5942 6464 6466 6465 30
409 638 5132 5127 5171 6467 6468 6469 6470 6472 6471 30
410 467 3617 3602 5348 6473 4900 5860 6301 6474 6008 30
411 897 5094 693 5288 6475 6181 2170 6476 6186 6184 30
412 3667 574 639 924 6477 3066 6478 6479 2865 3067 30
413 3451 5222 5211 5259 5882 5753 6480 5883 5572 5756 30
414 787 437 3569 528 1844 5578 5719 2433 2432 6481 30
415 468 676 455 3601 2523 2520 2521 5782 6482 5781 30
416 930 3604 570 3733 6483 6131 3051 6484 4905 6485 30
417 5339 221 220 219 6073 1332 5836 6486 1331 1326 30
418 854 5284 5262 5297 5859 5729 5858 6487 5561 6488 30
419 882 5135 5166 680 6398 6403 6401 3214 6490 6489 30
420 3794 217 245 545 5704 1322 5703 6491 1324 1323 30
421 446 3735 778 855 5683 5970 1929 2474 6492 2475 30
422 288 5216 292 5260 6493 6494 1678 6036 5636 6495 30
423 693 5094 385 5118 6181 6496 2076 6183 6182 6497 30
424 5146 3791 3610 5143 6404 4936 6406 5849 6499 6498 30
425 418 310 5098 5099 1792 6081 6360 6359 6082 5875 30
426 352 5101 5113 5122 6383 6500 6501 6384 6385 6502 30
427 5158 5187 387 5217 6503 6504 6327 6330 6118 6329 30
428 714 3707 223 5239 5839 5622 1355 5840 5841 6458 30
429 3746 5134 3505 5124 5583 6179 4429 5585 5584 6505 30
430 3817 644 3677 5336 6428 6429 5046 6506 6508 6507 30
431 3530 5277 220 5284 6509 6510 5870 6077 6511 6294 30
432 540 363 356 5134 2022 2021 2023 5658 5721 6512 30
433 5371 120 5365 3668 6513 6514 6515 6516 3869 6425 30
434 3809 3806 650 3665 4894 6517 6410 5032 5033 6413 30
435 317 5269 360 5313 6518 6439 1826 6519 5425 5984 30
436 5234 3818 5244 3645 6217 6216 5596 6520 4548 6521 30
437 456 3599 3602 3601 6187 4887 6007 6522 4885 4888 30
438 639 3436 3667 924 6523 4088 6478 3067 6524 6479 30
439 531 3568 3567 3583 5483 4603 5733 5828 4742 4741 30
440 3539 5300 768 5341 5615 5614 5616 6525 6526 5932 30
441 706 5245 5184 5296 6527 6528 6529 6530 6532 6531 30
442 5213 792 5215 5237 6533 6013 6534 6535 6014 6015 30
443 693 5118 5107 5288 6183 5565 6536 6184 6185 6537 30
444 3776 5162 5112 5172 6538 6539 6540 6541 5430 6120 30
445 430 420 826 5208 2343 2345 2344 5917 6542 5663 30
446 716 5091 503 5155 6543 6114 2656 6544 5805 6332 30
447 3449 5222 3451 5260 5633 5882 4149 5634 5568 5884 30
448 326 5129 902 5133 6545 6546 1873 6397 6547 6396 30
449 5262 5273 838 5297 6111 6109 6106 6488 6549 6548 30
450 3673 3674 3440 609 4110 3894 4108 6550 6552 6551 30
451 642 595 5168 5181 1653 6553 5693 5691 6554 5692 30
452 3539 768 3567 5341 5616 5732 4602 6525 5932 5930 30
453 3442 5310 5290 5338 6555 6307 6556 6557 5900 5990 30
454 166 3703 3431 728 3983 3988 3980 6558 6560 6559 30
455 267 5133 5159 326 6561 6562 6563 1577 6397 6564 30
456 811 544 5172 5223 2760 6121 6565 6566 6124 6125 30
457 3436 3666 3667 924 4086 4089 4088 6524 6567 6479 30
458 360 3562 787 5313 5983 5620 1834 5984 5651 5741 30
459 3507 5280 5114 5107 6568 6390 6569 6570 6571 5564 30
460 5117 5119 3500 5276 6145 6572 6573 6370 6371 6574 30
461 483 5102 482 5106 6269 6154 2652 6271 6155 6152 30
462 5179 564 5192 5140 6575 6576 6577 6578 6579 5948 30
463 446 3735 855 3676 5683 6492 2474 5684 5043 6324 30
464 3565 469 463 3615 6132 2424 6032 4731 6581 6580 30
465 503 716 481 5091 2656 2655 2647 6114 6543 6446 30
466 564 562 902 5140 3010 3012 3011 6579 6583 6582 30
467 3617 5348 575 5323 6474 6584 6585 6586 6588 6587 30
468 776 5092 5119 5094 6589 6590 6591 6592 6594 6593 30
469 3607 3805 612 3626 4685 5591 6117 4919 4921 5785 30
470 3463 5294 5254 5194 6595 6321 6249 6248 5939 6250 30
471 5378 5365 19 3290 6450 6453 6452 6596 6597 3340 30
472 5194 5209 817 5254 6198 6197 6199 6250 6251 6598 30
473 3540 220 3530 5277 5834 5870 4551 6599 6510 6509 30
474 5324 764 458 3574 6240 2538 6600 6601 6603 6602 30
475 693 897 385 5094 2170 2169 2076 6181 6475 6496 30
476 5089 5110 488 5272 5512 5880 5879 6604 6606 6605 30
477 277 266 5132 5159 1573 6607 6608 6609 6611 6610 30
478 3794 3808 545 5315 4965 6612 6491 6312 6162 6613 30
479 581 582 488 5110 2689 2686 2687 5510 5865 5880 30
480 857 430 826 5236 2395 2344 2396 6165 5918 5666 30
481 5169 5210 5162 3688 5638 5433 5910 6614 5822 5820 30
482 360 3564 5269 5301 5982 5426 6439 6615 6617 6616 30
483 236 708 237 5148 1419 1418 1409 6148 6231 6618 30
484 653 654 3599 3600 2525 6285 6253 6254 6619 4772 30
485 3549 5277 245 5339 5555 5530 5554 6415 6620 6414 30
486 826 5208 694 5147 5663 6621 2346 5665 5664 6622 30
487 5149 760 847 5104 6623 1238 6624 6625 6627 6626 30
488 566 5209 5192 5238 6628 6629 6630 6631 6633 6632 30
489 569 3638 3578 534 6084 4797 6634 2892 6085 6635 30
490 3604 468 571 570 6129 2589 6636 6131 2587 2590 30
491 5097 5086 5178 5096 6637 5739 5958 5461 5737 5734 30
492 934 584 5090 5094 3100 6242 6638 6639 6244 6243 30
493 677 775 3637 842 2636 6640 6641 1276 2891 6642 30
494 5098 3589 3590 5302 6643 4839 6644 6645 6647 6646 30
495 574 3667 3666 924 6477 4089 6648 2865 6479 6567 30
496 83 5304 701 5316 6649 5751 1141 6650 5767 5577 30
497 658 344 359 5175 1948 1962 1964 5823 6651 6029 30
498 5135 5166 680 5227 6403 6489 6490 6652 6654 6653 30
499 5129 5133 326 5159 6547 6397 6545 6655 6562 6564 30
500 3602 455 456 3601 5779 1883 6007 4888 5781 6522 30
501 5336 465 3583 5334 6656 5829 6466 6657 6273 6445 30
502 224 223 3707 5239 1348 5622 5558 6233 6458 5841 30
503 3600 3809 652 5324 4892 6658 6659 6660 6662 6661 30
504 5088 5086 5322 5178 6663 6664 6665 6666 5739 6667 30
505 3604 571 468 3601 6636 2589 6129 4898 6668 5782 30
506 3707 714 223 3779 5839 1355 5622 4615 6669 5623 30
507 292 5260 5216 5292 6495 5636 6494 6670 6672 6671 30
508 5158 5177 383 5187 6673 6674 6675 6503 6290 6676 30
509 768 3567 463 835 5732 5929 2286 2566 6677 2564 30
510 332 5216 5206 5253 6678 6679 6331 6358 6680 5844 30
511 395 5115 371 5139 6681 5809 2100 6682 5813 5812 30
512 288 5216 5260 5222 6493 5636 6036 6035 5637 5568 30
513 545 3820 645 3808 6683 6684 1325 6612 5053 6685 30
514 5356 609 3440 3674 6686 6551 6687 6688 6552 3894 30
515 448 5290 3444 5298 5986 5985 5987 6059 6689 6230 30
516 481 483 482 5106 2653 2652 2645 6447 6271 6152 30
517 3799 3430 914 3704 4056 5514 5513 4055 3987 6690 30
518 3668 119 120 5365 3868 141 3869 6425 6691 6514 30
519 503 5091 481 5106 6114 6446 2647 6115 5876 6447 30
520 165 166 3431 728 182 3980 3979 6692 6558 6559 30
521 5169 5210 3688 5243 5638 5822 6614 5640 5639 6693 30
522 5213 792 5237 845 6533 6014 6535 6694 2389 6695 30
523 3434 5149 5104 5105 6696 6625 6697 6698 6700 6699 30
524 442 754 441 3636 2450 2449 2444 5991 5928 5915 30
525 545 3820 3808 3794 6683 5053 6612 6491 4655 4965 30
526 209 5096 5086 5344 6701 5737 6702 6703 6705 6704 30
527 901 934 584 5090 2717 3100 3091 6706 6638 6242 30
528 878 657 923 5087 2974 1068 1243 6206 5885 6277 30
529 5107 367 366 368 5562 2064 6203 6707 2073 2072 30
530 930 3604 3733 3686 6483 4905 6484 6708 4910 4047 30
531 623 3441 829 5338 5897 5535 1214 5898 5899 6709 30
532 245 3794 545 5315 5703 6491 1323 6311 6312 6613 30
533 5122 349 5153 348 6341 6409 6407 6342 1975 6710 30
534 3543 5284 3707 5297 6711 5556 4560 6712 5561 5559 30
535 893 5090 5089 5182 6713 5508 6714 6715 5794 6716 30
536 84 165 166 731 6454 182 6717 1155 5890 6092 30
537 223 222 224 3707 1344 1349 1348 5622 5409 5558 30
538 317 360 5269 5301 1826 6439 6518 6718 6615 6616 30
539 3700 3773 5331 5334 4042 6719 5723 6364 6365 6720 30
540 801 645 3682 3808 1221 6721 6722 6723 6685 5052 30
541 327 5119 5117 670 6140 6145 6143 1877 6367 6368 30
542 3735 3479 5298 5342 4303 6724 6291 6104 6725 6064 30
543 685 5261 473 686 5994 6040 2316 2614 6726 2615 30
544 664 5247 5203 5305 6727 6440 6065 6067 6442 5854 30
545 529 914 848 3799 2876 2878 2875 6728 5513 6729 30
546 354 5101 352 5121 6730 6383 2000 6731 6382 6381 30
547 566 5192 565 5238 6630 6732 3017 6631 6632 6733 30
548 3731 5186 3785 5093 6734 6335 4078 6735 6340 6338 30
549 5083 625 5095 657 6136 6180 5701 5886 2972 5887 30
550 3734 801 3682 3808 6736 6722 5049 4964 6723 5052 30
551 5149 760 5104 5105 6623 6627 6625 6700 6737 6699 30
552 5364 5351 3428 633 6738 6739 6740 6741 6743 6742 30
553 702 3700 5331 5334 6744 5723 6745 6746 6364 6720 30
554 487 816 5102 5125 2671 5652 6747 6748 5653 5405 30
555 902 5133 5129 5140 6396 6547 6546 6582 6749 5947 30
556 5090 5092 494 5094 5773 6750 6751 6243 6594 6752 30
557 3543 5262 5284 5297 6753 5729 6711 6712 6488 5561 30
558 5083 625 657 900 6136 2972 5886 6754 1170 1066 30
559 378 376 377 5143 2122 2117 2123 5848 6755 6026 30
560 849 5180 5228 5160 6756 6757 6758 6759 6761 6760 30
561 463 3565 3615 3567 6032 4731 6580 5929 4601 4732 30
562 907 222 220 5284 1338 1337 1339 6762 5763 6294 30
563 582 5090 584 5110 5864 6242 2691 5865 5511 6245 30
564 650 653 3806 3809 3180 6763 6517 6410 6764 4894 30
565 746 789 3802 5321 1920 6302 6765 6766 6306 6304 30
566 5175 658 5205 5210 5823 6767 6768 5827 5826 6769 30
567 3558 3557 5326 5330 4687 5463 6770 6771 5740 5442 30
568 3700 203 701 5316 6772 1151 5573 5575 6773 5577 30
569 5185 5229 423 5233 6774 6775 6776 6777 6779 6778 30
570 5149 760 5105 198 6623 6737 6700 6780 1234 6781 30
571 5244 3523 5279 5312 6782 6783 5972 6784 6786 6785 30
572 528 437 3569 477 2432 5578 6481 2431 2430 5682 30
573 756 5130 5133 5111 6787 6788 6789 6790 5611 6791 30
574 236 5148 237 5193 6148 6618 1409 6149 6150 6792 30
575 3434 5149 5105 155 6696 6700 6698 3912 6794 6793 30
576 5096 5344 209 5345 6705 6703 6701 6139 6796 6795 30
577 5158 3797 5187 5217 6797 6798 6503 6330 6799 6118 30
578 644 610 3817 3703 1294 6800 6428 6430 6801 4061 30
579 790 3673 855 888 6322 6325 2478 3208 6802 3143 30
580 221 223 297 3779 1343 1346 1345 5533 5623 6803 30
581 5097 5086 5096 3753 6637 5737 5461 6804 6806 6805 30
582 774 5165 5144 5204 6807 6808 6809 6810 6812 6811 30
583 3534 5265 5281 5286 6813 6191 6814 6815 6194 6195 30
584 648 647 3678 3439 1247 6816 5943 6817 6818 4102 30
585 3666 3436 605 924 4086 6819 6820 6567 6524 2869 30
586 709 881 75 5142 1104 1096 1101 6821 6823 6822 30
587 3617 575 5348 467 6585 6584 6474 6473 2516 6301 30
588 488 490 5089 5272 2674 6824 5879 6605 6825 6604 30
589 421 5208 5194 5224 6826 6827 6828 6829 6831 6830 30
590 3740 360 3562 836 6832 5983 4719 6833 2044 6279 30
591 3772 216 214 3683 5481 1308 5589 4793 6835 6834 30
592 3610 5143 5126 5146 6498 5913 6836 6406 5849 5914 30
593 5146 3791 5143 5144 6404 6499 5849 5846 6837 5850 30
594 881 5123 75 5142 5964 6838 1096 6823 6839 6822 30
595 547 5320 684 5330 6053 6840 2725 6055 6054 6841 30
596 5309 3600 3573 3599 6842 4773 6843 6283 4772 4771 30
597 937 764 3741 3664 3109 6238 6237 6844 6845 4778 30
598 858 395 371 5139 2101 2100 2089 5968 6682 5812 30
599 5258 5203 281 5211 5853 6846 6847 6347 6281 6848 30
600 5089 5272 490 5311 6604 6825 6824 6849 6851 6850 30
601 5088 5086 5178 3804 6663 5739 6666 6852 6854 6853 30
602 625 5096 890 5345 6135 6855 1168 6138 6139 6856 30
603 350 5121 5122 5136 6857 6386 6343 6373 6858 6372 30
604 3695 3543 5262 5284 4535 6753 5728 5730 6711 5729 30
605 3453 5203 5211 3699 6344 6281 6346 4171 6860 6859 30
606 5140 5179 3789 5192 6578 6861 5949 5948 6577 5945 30
607 5193 5228 233 5250 6862 6863 6864 6865 6867 6866 30
608 3511 5237 5215 5257 6868 6015 6869 6870 6016 6012 30
609 574 3666 527 924 6648 6871 2467 2865 6567 2866 30
610 622 3781 677 477 6392 6394 2635 2632 5613 2634 30
611 3562 5313 3561 5325 5651 6872 4706 5621 5742 6873 30
612 3541 3540 3547 5339 4557 4607 4606 5476 5835 5475 30
613 3510 5115 5204 5139 6874 6875 6876 6877 5813 6878 30
614 755 754 534 3626 2900 2458 2899 6879 5784 6434 30
615 670 5117 669 5276 6368 6880 1878 6369 6370 6881 30
616 764 3741 3574 5324 6238 4765 6603 6240 6241 6601 30
617 3787 3607 714 3707 4680 6882 5838 4923 4922 5839 30
618 4 5089 5182 5344 6883 6716 6090 6884 6886 6885 30
619 467 492 3603 3617 2583 6887 6083 6473 6888 4901 30
620 280 279 278 5203 1628 1618 1629 6263 6889 6264 30
621 5164 5095 472 5101 5496 6890 6891 6892 6894 6893 30
622 318 360 787 5313 1825 1834 1833 6895 5984 5741 30
623 5108 550 5219 5092 6896 6897 5631 5689 6898 5690 30
624 3494 5099 5130 5131 6899 5610 6900 6901 6363 6902 30
625 685 5261 686 5146 5994 6726 2614 5996 5995 6903 30
626 280 5211 5220 5221 6280 6282 6265 6904 6906 6905 30
627 68 744 5083 5155 1056 5919 6907 6908 6910 6909 30
628 822 5096 5086 209 5736 5737 5738 1291 6701 6702 30
629 3626 3805 754 3636 4921 5526 5784 4794 4695 5928 30
630 406 5281 692 5300 6911 6190 2264 6912 6914 6913 30
631 5175 5205 658 344 6768 6767 5823 6651 6915 1948 30
632 357 5118 5276 5124 6916 6917 6918 6919 5670 6920 30
633 3665 649 651 3423 6921 1286 6412 4021 6923 6922 30
634 4 5096 5344 5086 6924 6705 6884 6089 5737 6704 30
635 5115 5139 395 5204 5813 6682 6681 6875 6878 6925 30
636 3738 5094 5090 5110 6926 6243 6927 6928 6246 5511 30
637 3534 5286 5281 5300 6815 6195 6814 6929 6930 6914 30
638 564 5129 873 5192 6931 6932 3022 6576 5946 6933 30
639 444 3740 527 574 6934 6935 2464 2466 6936 2467 30
640 5179 564 5140 562 6575 6579 6578 6937 3010 6583 30
641 68 5155 5083 5345 6908 6909 6907 6938 6939 6137 30
642 220 5277 3540 5339 6510 6599 5834 5836 6620 5835 30
643 540 5134 356 5242 5658 6512 2023 5830 5831 6940 30
644 3746 5124 5154 5167 5585 5504 6941 5586 5587 6044 30
645 3567 3615 463 835 4732 6580 5929 6677 6942 2564 30
646 3594 5106 3608 5116 6943 6177 4866 6944 5545 6176 30
647 5149 760 198 847 6623 1234 6780 6624 1238 1237 30
648 3682 214 213 3424 6945 1280 6946 4024 6948 6947 30
649 5108 5109 737 5270 5650 5648 5646 6949 6951 6950 30
650 595 5151 5168 5181 6952 6953 6553 6554 6954 5692 30
651 3781 3637 775 3559 4705 6640 5624 4702 4703 5725 30
652 3735 3479 3810 5298 4303 4301 4304 6291 6724 6292 30
653 5219 428 5085 5092 6955 5770 6462 5690 5771 5772 30
654 453 428 452 5090 2382 2377 2383 6956 5768 6222 30
655 3717 5145 3628 5147 5601 6957 4670 5706 5581 6958 30
656 749 490 5272 5311 2676 6825 6959 6960 6850 6851 30
657 394 5244 5279 5312 6961 5972 6962 6963 6784 6785 30
658 467 3603 3602 3617 6083 4895 5860 6473 4901 4900 30
659 589 777 3548 3577 1726 5662 6964 6965 5872 4641 30
660 654 456 3599 5340 2524 6187 6285 6286 6006 6188 30
661 5192 5238 3765 5241 6632 6966 6967 5519 6969 6968 30
662 5083 186 744 69 5774 1065 5919 6196 1062 1055 30
663 689 5116 690 5126 6970 5393 2165 6971 6227 6226 30
664 5318 358 5278 303 5759 5758 5413 5549 1748 5550 30
665 5160 5228 232 5273 6760 6972 6973 6110 6975 6974 30
666 5185 5200 499 5229 6976 6977 6978 6774 6980 6979 30
667 548 5096 508 5097 6436 5456 2771 6437 5461 5459 30
668 3761 5273 5262 5297 6433 6111 6432 6981 6549 6488 30
669 612 3779 3626 755 6349 4650 5785 3147 6982 6879 30
670 5091 5084 5155 5311 6983 6984 5805 6985 6987 6986 30
671 3574 444 458 5301 6988 2459 6602 6989 6991 6990 30
672 3471 3782 5192 5202 4260 6314 6158 6157 6316 5494 30
673 442 534 754 3636 2456 2458 2450 5991 6435 5928 30
674 3478 5206 5216 5253 6992 6679 6993 6994 5844 6680 30
675 3441 5304 829 5338 6074 6075 5535 5899 6995 6709 30
676 426 362 5219 5322 2052 6996 6997 6998 7000 6999 30
677 3691 5113 5101 5122 7001 6500 7002 7003 6502 6385 30
678 841 5323 803 5259 7004 7005 1672 7006 7008 7007 30
679 4 5084 5089 5344 7009 7010 6883 6884 7011 6886 30
680 384 5126 690 5152 7012 6226 2164 7013 6228 5396 30
681 3485 5168 5151 5181 7014 6953 7015 7016 5692 6954 30
682 3636 440 3637 3559 5916 5718 4704 4693 5435 4703 30
683 196 5271 5245 5296 7017 7018 7019 7020 7021 6532 30
684 5390 12 5384 3288 7022 7023 7024 7025 3323 7026 30
685 5164 354 422 355 7027 2010 7028 7029 2005 2011 30
686 5108 5219 550 823 5631 6897 6896 6215 6229 2381 30
687 3740 5301 3574 3564 7030 6989 4730 4718 6617 4729 30
688 3544 5092 5090 5094 7031 5773 7032 7033 6594 6243 30
689 3508 5114 3531 5115 7034 6388 4439 7035 5810 6387 30
690 5120 5186 743 5093 6336 7036 7037 6339 6340 7038 30
691 5083 5084 152 5096 7039 7040 7041 6134 7043 7042 30
692 207 213 214 3424 981 1280 1279 7044 6947 6948 30
693 3812 5158 5144 5299 7045 7046 7047 7048 7050 7049 30
694 531 3567 3679 3583 5733 4743 7051 5828 4741 4744 30
695 258 5109 718 5111 7052 6166 1533 7053 6167 5924 30
696 3817 610 644 5336 6800 1294 6428 6506 7054 6508 30
697 3643 5147 5208 5236 7055 5664 7056 7057 5667 5668 30
698 379 5146 5144 5299 7058 5846 7059 7060 7061 7049 30
699 841 5259 5260 5323 7006 5571 7062 7004 7008 7063 30
700 5365 3668 119 3422 6425 3868 6691 7064 3870 3866 30
701 3731 5093 5087 5186 6735 5777 7065 6734 6340 7066 30
702 3809 653 3806 3600 6764 6763 4894 4892 6254 4891 30
703 612 3779 755 714 6349 6982 3147 3148 6669 1727 30
704 768 407 5300 5303 2277 7067 5614 5525 7068 5618 30
705 559 5141 5140 5240 7069 7070 7071 7072 7074 7073 30
706 5219 428 5092 427 6955 5771 5690 7075 2373 7076 30
707 5089 5085 4 5182 7077 6087 6883 6716 5795 6090 30
708 3599 456 653 3601 6187 2526 6253 4885 6522 6252 30
709 3502 3500 5119 5276 4404 6572 7078 7079 6574 6371 30
710 3643 5157 5147 5236 7080 5708 7055 7057 5710 5667 30
711 3556 5330 5320 5346 5783 6054 7081 5553 5868 6057 30
712 3506 5139 3509 5154 6100 7082 4436 6113 5582 7083 30
713 3717 3628 3780 5147 4670 5002 4398 5706 6958 6004 30
714 3463 3476 5194 5209 4210 6354 6248 6247 6353 6198 30
715 3444 3442 5290 5338 4115 6556 5985 5988 6557 5990 30
716 5377 213 5384 5390 7084 7085 7086 7087 7088 7024 30
717 214 3820 3772 3683 7089 4653 5589 6834 5051 4793 30
718 5253 5290 673 5292 7090 7091 7092 7093 7095 7094 30
719 3569 622 528 477 7096 2633 6481 5682 2632 2431 30
720 3802 789 3618 3758 6302 7097 4967 4295 6303 4973 30
721 167 86 166 738 7098 7099 183 7100 1162 6224 30
722 3438 5083 5093 5155 7101 5776 5808 5807 6909 5804 30
723 487 5125 5102 5272 6748 5405 6747 7102 7104 7103 30
724 166 165 84 728 182 6454 6717 6558 6692 1154 30
725 3792 5089 5091 5272 7105 7106 7107 7108 6604 7109 30
726 388 5177 400 5187 7110 5961 2185 7111 6290 6289 30
727 5103 5109 3697 5111 5649 7112 7113 5923 6167 7114 30
728 3776 5172 5112 5223 6541 6120 6540 7115 6125 6123 30
729 3476 5209 5179 5236 6353 6298 7116 6355 6202 6097 30
730 213 12 5384 5390 977 7023 7085 7088 7022 7024 30
731 581 5089 893 5090 5507 6714 3088 5509 5508 6713 30
732 352 5101 641 5113 6383 7117 2002 6501 6500 7118 30
733 5091 5084 5311 5089 6983 6987 6985 7106 7010 6849 30
734 423 5185 499 5229 6776 6978 2360 6775 6774 6979 30
735 756 5111 5133 5141 6790 6791 6789 7119 7121 7120 30
736 793 383 5158 5177 2149 6675 7122 7123 6674 6673 30
737 676 468 571 3601 2523 2589 2591 6482 5782 6668 30
738 3438 3747 5091 5106 4098 7124 5806 5877 7125 5876 30
739 787 437 320 5325 1844 1843 1832 5603 5604 5978 30
740 3501 3499 3545 5108 4400 4402 4401 7126 6357 5626 30
741 3813 5135 5166 5285 7127 6403 7128 7129 6399 6402 30
742 3763 5099 5088 5103 7130 5815 7131 7132 5818 5819 30
743 3523 3521 5244 5279 4512 5909 6782 6783 5971 5972 30
744 3740 3666 527 574 4779 6871 6935 6936 6648 2467 30
745 5168 5189 3484 5220 5695 7133 7134 7135 7137 7136 30
746 5130 5132 266 5159 7138 6607 7139 7140 6610 6611 30
747 521 832 5195 5198 2829 7141 7142 7143 7145 7144 30
748 3500 5117 5108 5119 6573 6144 7146 6572 6145 6141 30
749 5272 3747 3593 5102 7147 4861 7148 7103 7150 7149 30
750 3511 5215 5235 5257 6869 6236 7151 6870 6012 6221 30
751 531 3679 648 3583 7051 7152 2885 5828 4744 5934 30
752 390 388 400 5187 2183 2185 2184 6334 7111 6289 30
753 379 5144 5158 5299 7059 7046 7153 7060 7049 7050 30
754 629 220 5277 5284 1341 6510 7154 7155 6294 6511 30
755 487 879 816 5125 2682 2684 2671 6748 5888 5653 30
756 3425 5083 152 5096 5699 7041 3900 6456 6134 7042 30
757 3507 5124 5118 5114 7156 5670 7157 6569 5520 5566 30
758 5205 5317 5210 341 7158 7159 6769 7160 7162 7161 30
759 5146 3791 5144 3631 6404 6837 5846 6405 4477 7163 30
760 328 5275 5348 5340 7164 7165 7166 7167 7168 6010 30
761 915 654 652 5324 3187 3186 3188 7169 7170 6661 30
762 440 775 3637 3559 2436 6640 5718 5435 5725 4703 30
763 3743 5343 5127 5100 7171 7172 7173 7174 7176 7175 30
764 528 3569 787 836 6481 5719 2433 2872 6278 2046 30
765 5203 5211 3699 5220 6281 6859 6860 6267 6282 7177 30
766 812 906 648 3678 2983 2886 3176 7178 5942 5943 30
767 531 3679 3567 835 7051 4743 5733 2884 7179 6677 30
768 152 5084 5083 5155 7040 7039 7041 7180 6984 6909 30
769 418 5131 5098 5302 6361 6362 6360 7181 7182 6645 30
770 5227 3813 3419 5135 7183 3999 7184 6652 7127 7185 30
771 3735 778 608 5342 5970 2783 6102 6104 6375 6103 30
772 3425 5095 5083 5096 5700 5701 5699 6456 5457 6134 30
773 776 5092 5094 494 6589 6594 6592 2714 6750 6752 30
774 379 5144 381 5158 7059 7186 2137 7153 7046 7187 30
775 5088 5219 362 5322 6463 6996 7188 6665 6999 7000 30
776 3649 5206 3478 5253 6256 6992 4298 6257 5844 6994 30
777 906 3678 812 5336 5942 7178 2983 6464 6465 7189 30
778 386 5163 5158 5217 7190 7191 6326 6328 7192 6330 30
779 756 259 5111 5141 1537 7193 6790 7119 7194 7121 30
780 442 3637 3638 3636 5717 5010 5786 5991 4704 4796 30
781 350 740 5121 5136 1985 7195 6857 6373 7196 6858 30
782 5099 5111 3494 5130 5607 7197 6899 5610 5611 6900 30
783 3819 3735 3672 608 4306 5037 5039 6101 6102 7198 30
784 5194 5208 421 5236 6827 6826 6828 6201 5668 7199 30
785 651 937 652 3809 3184 3183 3179 6411 7200 6658 30
786 5104 5135 847 5149 7201 7202 6626 6625 7203 6624 30
787 258 257 5109 5111 1517 7204 7052 7053 7205 6167 30
788 5244 5265 3523 5312 7206 7207 6782 6784 7208 6786 30
789 613 499 5200 5229 2603 6977 7209 7210 6979 6980 30
790 152 5083 3438 5155 7041 7101 3901 7180 6909 5807 30
791 3700 702 596 5334 6744 1259 7211 6364 6746 7212 30
792 650 649 651 3665 1212 1286 3177 6413 6921 6412 30
793 3592 5116 5126 5152 5764 6227 7213 5766 5398 6228 30
794 418 741 310 5099 1794 1559 1792 6359 7214 6082 30
795 418 741 5099 5131 1794 7214 6359 6361 7215 6363 30
796 887 503 5093 5155 2752 6116 7216 7217 6332 5804 30
797 790 3673 888 3675 6322 6802 3208 7218 5041 7219 30
798 3614 5148 5176 5242 7220 7221 7222 7223 7225 7224 30
799 388 383 5177 5187 2160 6674 7110 7111 6676 6290 30
800 5097 5100 5164 5302 7226 7227 5499 7228 7230 7229 30
801 3531 3508 3507 5114 4439 4435 4440 6388 7034 6569 30
802 493 5118 5094 5119 7231 6182 7232 7233 7234 6593 30
803 3482 5220 5211 5221 7235 6282 7236 7237 6905 6906 30
804 3700 701 702 5331 5573 1263 6744 5723 5724 6745 30
805 3664 3809 651 3665 5031 6411 7238 4020 5032 6412 30
806 647 648 200 3439 1247 1246 966 6818 6817 7239 30
807 467 746 492 3617 2585 2584 2583 6473 7240 6888 30
808 335 5098 5088 5178 6031 5873 6030 7241 7242 6666 30
809 3601 571 676 3806 6668 2591 6482 4890 7244 7243 30
810 3485 3486 5168 5181 4325 6213 7014 7016 6212 5692 30
811 5164 472 5095 506 6891 6890 5496 7245 2352 7246 30
812 652 653 3809 3600 3181 6764 6658 6659 6254 4892 30
813 849 5180 5160 535 6756 6761 6759 2903 7248 7247 30
814 3447 5290 5253 5292 7249 7090 7250 7251 7095 7093 30
815 5272 3747 5102 5091 7147 7150 7103 7109 7124 6268 30
816 870 5245 5232 5185 7252 7253 7254 7255 7257 7256 30
817 5336 465 5334 555 6656 6273 6657 7258 2573 7259 30
818 777 3577 773 5339 5872 7260 1335 5660 5871 6422 30
819 5129 5183 873 5192 7261 7262 6932 5946 5490 6933 30
820 5302 5178 5097 5098 7263 5958 7228 6645 7242 7264 30
821 650 651 652 3809 3177 3179 3178 6410 6411 6658 30
822 469 5315 3565 5341 7265 7266 6132 6133 7267 6033 30
823 653 650 652 3809 3180 3178 3181 6764 6410 6658 30
824 722 792 845 5237 1397 2389 3261 6021 6014 6695 30
825 167 212 3703 166 7268 7269 3984 183 7270 3983 30
826 5104 743 5120 5186 7271 7037 7272 7273 7036 6336 30
827 217 3772 214 3820 5477 5589 1310 6126 4653 7089 30
828 5092 5094 3544 5119 6594 7033 7031 6590 6593 7274 30
829 257 5109 5111 5141 7204 6167 7205 7275 7276 7121 30
830 5104 743 5186 682 7271 7036 7273 7277 2626 7278 30
831 3616 469 5315 3565 7279 7265 6161 4733 6132 7266 30
832 3707 3607 714 3779 4922 6882 5839 4615 4920 6669 30
833 335 5088 683 5178 6030 7280 1890 7241 6666 7281 30
834 5309 3600 3599 654 6842 4772 6283 6284 6619 6285 30
835 3430 738 914 3704 6225 3269 5514 3987 7282 6690 30
836 677 3781 3669 3637 6394 4755 6393 6641 4705 5013 30
837 196 5296 729 5271 7020 7283 1140 7017 7021 7284 30
838 5174 5163 401 5217 7285 7286 7287 7288 7192 7289 30
839 3741 3809 937 3664 4893 7200 6237 4778 5031 6844 30
840 651 3664 3665 3423 7238 4020 6412 6922 4019 4021 30
841 5309 3600 654 5324 6842 6619 6284 7290 6660 7170 30
842 3569 3740 3562 836 4720 4719 4708 6278 6833 6279 30
843 3799 914 848 3704 5513 2878 6729 4055 6690 7291 30
844 306 308 5307 5319 1771 7292 7293 7294 7296 7295 30
845 640 5108 737 5270 5935 5646 1514 7297 6949 6950 30
846 5384 12 11 3288 7023 42 7298 7026 3323 3322 30
847 391 392 389 5244 2190 2189 2187 7299 5594 7300 30
848 5107 367 368 5114 5562 2073 6707 5564 5563 7301 30
849 306 5307 5295 5319 7293 7302 7303 7294 7295 7304 30
850 744 5093 5083 5155 5920 5776 5919 6910 5804 6909 30
851 224 225 223 5239 1354 1353 1348 6233 6457 6458 30
852 345 5151 5175 5191 7305 7306 7307 7308 7310 7309 30
853 490 581 488 5089 2688 2687 2674 6824 5507 5879 30
854 394 5265 5244 5312 7311 7206 6961 6963 7208 6784 30
855 569 602 3578 3685 3045 7312 6634 7313 7314 4789 30
856 5107 5114 3507 5118 5564 6569 6570 5565 5566 7157 30
857 5177 5187 3528 5244 6290 7315 6309 5454 5593 6310 30
858 3681 195 3682 3734 7316 7317 4023 4051 7318 5049 30
859 583 5089 5311 5344 7319 6849 7320 7321 6886 7322 30
860 3589 5302 5131 5343 6647 7182 7323 7324 7326 7325 30
861 5102 690 720 5116 5395 3231 6153 5394 5393 5645 30
862 193 649 3665 3423 1017 6921 7327 7328 6923 4021 30
863 3549 217 3772 5339 5705 5477 4644 6415 5479 5478 30
864 533 569 3638 891 2893 6084 5788 2895 2894 7329 30
865 570 3603 468 492 6130 6076 2587 2588 6887 2582 30
866 5143 774 377 5144 7330 2119 6026 5850 6809 6027 30
867 3676 3673 3735 855 5042 5036 5043 6324 6325 6492 30
868 5324 458 764 588 6600 2538 6240 6416 2539 2541 30
869 756 5130 5111 262 6787 5611 6790 1538 5993 5992 30
870 3584 5147 3643 5157 7331 7055 4824 7332 5708 7080 30
871 3439 110 5383 5373 3841 7333 7334 7335 7337 7336 30
872 625 185 900 5345 1169 1059 1170 6138 7339 7338 30
873 612 827 611 5346 3146 1508 2728 5632 6204 7340 30
874 290 5258 5256 5275 7341 7342 7343 7344 7346 7345 30
875 612 754 755 3626 2730 2900 3147 5785 5784 6879 30
876 5177 5195 832 5198 7347 7141 7348 7349 7144 7145 30
877 384 689 690 5126 2162 2165 2164 7012 6971 6226 30
878 3737 5085 3545 5088 7350 6461 4634 7351 6460 6459 30
879 905 5105 5104 760 7352 6699 7353 3227 6737 6627 30
880 812 648 647 3678 3176 1247 1298 7178 5943 6816 30
881 701 5271 729 5331 5749 7284 1145 5724 6300 7354 30
882 3734 801 3808 5315 6736 6723 4964 6160 7355 6162 30
883 721 760 198 5105 1235 1234 1085 7356 6737 6781 30
884 676 456 455 3601 2519 1883 2520 6482 6522 5781 30
885 5363 3703 3796 167 7357 3989 7358 7359 3984 3826 30
886 819 5301 5319 5324 7360 7361 7362 7363 7365 7364 30
887 677 3781 3637 775 6394 4705 6641 2636 5624 6640 30
888 3691 5113 5122 3693 7001 6502 7003 5056 7367 7366 30
889 654 3600 652 5324 6619 6659 3186 7170 6660 6661 30
890 3738 5090 5089 5110 6927 5508 7368 6928 5511 5512 30
891 5357 5373 3439 5383 7369 7335 7370 7371 7336 7334 30
892 714 827 3607 3787 1367 6235 6882 5838 5672 4680 30
893 3740 527 3574 444 6935 7372 4730 6934 2464 6988 30
894 5302 5178 5098 419 7263 7242 6645 7373 7375 7374 30
895 3643 5147 3759 5208 7055 7376 4255 7056 5664 7377 30
896 260 5141 559 5240 7378 7069 1543 7379 7074 7072 30
897 575 746 3617 5323 2586 7240 6585 6587 7380 6586 30
898 361 362 5088 5219 1893 7188 5975 7381 6996 6463 30
899 5169 5201 189 5243 7382 7383 7384 5640 7386 7385 30
900 3691 5101 5121 5122 7002 6382 7387 7003 6385 6386 30
901 793 388 383 5177 2161 2160 2149 7123 7110 6674 30
902 5099 5103 3697 5111 5818 7113 7388 5607 5923 7114 30
903 385 5094 493 5118 6496 7232 2070 6497 6182 7231 30
904 85 84 166 731 106 6717 7389 1156 1155 6092 30
905 5248 3785 3811 5104 7390 4080 7391 7392 7394 7393 30
906 3589 5100 5302 5343 7395 7230 6647 7324 7176 7326 30
907 545 3808 801 5315 6612 6723 2942 6613 6162 7355 30
908 5280 5288 5125 403 7396 7397 7398 7399 7401 7400 30
909 775 3637 532 440 6640 5716 2448 2436 5718 2447 30
910 5148 5167 3619 5193 6147 7402 7403 6150 6151 7404 30
911 360 3562 3564 3740 5983 4717 5982 6832 4719 4718 30
912 492 570 3733 894 2588 6485 7405 2705 2704 7406 30
913 3507 5124 5114 3506 7156 5520 6569 4426 6098 6099 30
914 3678 3679 648 3439 4103 7152 5943 4102 4104 6817 30
915 251 249 5117 5270 1480 5418 7407 7408 5979 5980 30
916 5164 5121 929 5100 7409 7410 7411 7227 7413 7412 30
917 575 454 5323 5348 2517 7414 6587 6584 7415 6588 30
918 738 85 166 731 1161 7389 6224 1164 1156 6092 30
919 5360 3439 111 5383 7416 3842 7417 7418 7334 7419 30
920 930 3604 3686 935 6483 4910 6708 3053 7421 7420 30
921 627 604 548 5096 2953 2777 2954 5955 7422 6436 30
922 755 3578 3548 3626 7423 4646 7424 6879 4649 4648 30
923 432 5209 5179 765 6297 6298 6094 2403 7426 7425 30
924 3494 3588 5099 5131 4369 7427 6899 6901 7428 6363 30
925 5103 5108 3499 5109 5627 6357 6356 5649 5650 7429 30
926 5083 625 900 5345 6136 1170 6754 6137 6138 7338 30
927 868 811 544 5172 2938 2760 2939 7430 6565 6121 30
928 669 670 327 5117 1878 1877 1499 6880 6368 6143 30
929 5197 5255 579 5287 7431 7432 7433 7434 7436 7435 30
930 193 649 650 3665 1017 1212 1211 7327 6921 6413 30
931 166 86 85 738 7099 107 7389 6224 1162 1161 30
932 3618 3603 492 3617 4907 6887 7437 4906 4901 6888 30
933 69 70 923 5087 91 1064 1063 5901 5902 6277 30
934 3763 5098 5088 5099 7438 5873 7131 7130 5875 5815 30
935 778 509 608 5342 2321 2782 2783 6375 7439 6103 30
936 5114 5115 3508 5139 5810 7035 7034 5522 5813 7440 30
937 5104 5120 475 5248 7272 7441 7442 7392 7444 7443 30
938 5089 5085 5182 5090 7077 5795 6716 5508 5769 5794 30
939 381 5158 5144 5195 7187 7046 7186 7445 7447 7446 30
940 3785 5120 3732 5093 6337 7448 4928 6338 6339 7449 30
941 3760 5180 5160 5228 7450 6761 7451 7452 6757 6760 30
942 584 5110 5094 5288 6245 6246 6244 7453 7454 6186 30
943 3672 848 782 3671 7455 1302 7456 4107 7458 7457 30
944 3626 534 3578 3636 6434 6635 4649 4794 6435 4795 30
945 370 5107 5114 5280 7459 5564 7460 7461 6571 6390 30
946 567 566 565 5238 3025 3017 3026 7462 6631 6733 30
947 5392 3637 677 3669 7463 6641 6189 6169 5013 6393 30
948 5129 5133 3744 5140 6547 7464 6210 5947 6749 6211 30
949 3743 5343 5100 3589 7171 7176 7174 4845 7324 7395 30
950 3758 5321 789 5332 6305 6306 6303 7465 7467 7466 30
951 677 3781 775 477 6394 5624 2636 2634 5613 2438 30
952 3819 600 3799 5342 7468 7469 5040 6105 7471 7470 30
953 3486 3484 5168 5189 4324 7134 6213 6214 7133 5695 30
954 746 336 789 5321 1921 1895 1920 6766 7472 6306 30
955 917 735 187 5166 1179 1109 1180 7473 7475 7474 30
956 5164 929 5121 355 7411 7410 7409 7029 2017 7476 30
957 826 5157 5147 5240 5709 5708 5665 7477 7479 7478 30
958 649 208 651 3423 1014 1287 1286 6923 7480 6922 30
959 345 784 5151 5191 1968 7481 7305 7308 7482 7310 30
960 5302 5178 419 834 7263 7375 7373 7483 7484 2339 30
961 357 5118 5124 364 6916 5670 6919 2025 5548 5669 30
962 550 823 875 5108 2381 2963 2962 6896 6215 7485 30
963 3766 5193 5167 5250 7486 6151 7487 7488 6865 7489 30
964 544 5112 898 5162 6122 7490 2940 7491 6539 7492 30
965 5383 111 110 3439 7419 132 7333 7334 3842 3841 30
966 5114 370 5280 371 7460 7461 6390 5811 2087 7493 30
967 3679 648 3583 3678 7152 5934 4744 4103 5943 4822 30
968 3788 5121 5101 5164 7494 6382 7495 7496 7409 6892 30
969 586 532 3638 533 2888 5787 7497 2887 2455 5788 30
970 4 5182 5086 5344 6090 6091 6089 6884 6885 6704 30
971 3600 3741 3809 5324 4774 4893 4892 6660 6241 6662 30
972 410 5234 5233 5274 7498 7499 7500 7501 5907 7502 30
973 471 423 499 5229 2323 2360 2359 7503 6775 6979 30
974 233 5228 5193 5235 6863 6862 6864 7504 7506 7505 30
975 3772 773 3577 5339 6421 7260 4645 5478 6422 5871 30
976 822 5096 209 604 5736 6701 1291 1292 7422 1290 30
977 3691 5122 5121 5136 7003 6386 7387 7507 6372 6858 30
978 3751 5175 3655 5210 6351 7508 5026 6352 5827 7509 30
979 5360 5357 3439 5383 7510 7370 7416 7418 7371 7334 30
980 5269 5307 308 5319 7511 7292 7512 7513 7295 7296 30
981 5308 919 5341 5315 7514 7515 7516 6313 7517 7267 30
982 3545 5085 5092 5219 6461 5772 5688 5629 6462 5690 30
983 3528 3521 3519 5244 4503 4502 4504 6310 5909 5453 30
984 207 215 666 3683 1281 1283 984 7518 7520 7519 30
985 193 650 818 3665 1211 1213 1210 7327 6413 7521 30
986 361 5088 5103 5219 5975 5819 5976 7381 6463 5630 30
987 639 605 3436 924 1008 6819 6523 3067 2869 6524 30
988 3430 166 738 3704 3977 6224 6225 3987 3986 7282 30
989 154 3731 5087 5186 3908 7065 7522 7523 6734 7066 30
990 3545 5092 5085 3736 5688 5772 6461 4413 7525 7524 30
991 3560 437 5325 5326 5469 5604 5605 5473 5471 7526 30
992 252 5137 249 5270 7527 5420 1485 7528 5981 5979 30
993 5377 3682 3681 195 7529 4023 7530 7531 7317 7316 30
994 3674 3673 888 609 4110 6802 7532 6552 6550 3144 30
995 5377 5390 5384 3288 7087 7024 7086 7533 7025 7026 30
996 5112 5113 590 5138 7534 7535 7536 7537 7539 7538 30
997 729 5271 5296 5331 7284 7021 7283 7354 6300 7540 30
998 5363 5362 3 3286 7541 7542 7543 7544 7545 3306 30
999 3629 3778 5187 5217 4999 6119 7546 7547 6050 6118 30
1000 3614 5148 5242 3786 7220 7225 7223 4671 7549 7548 30
1001 3629 3778 3818 5187 4999 5007 5006 7546 6119 6218 30
1002 5143 774 5144 5204 7330 6809 5850 7550 6810 6811 30
1003 531 648 3679 835 2885 7152 7051 2884 2883 7179 30
1004 290 5258 5275 5305 7341 7346 7344 7551 5855 7552 30
1005 357 5118 364 365 6916 5548 2025 2027 7553 2028 30
1006 3593 5125 5110 5272 7554 7555 7556 7148 7104 6606 30
1007 5272 3747 5091 3792 7147 7124 7109 7108 4862 7107 30
1008 3567 768 531 835 5732 2306 5733 6677 2566 2884 30
1009 870 5245 5185 706 7252 7257 7255 3247 6527 7557 30
1010 5121 5164 354 5101 7409 7027 6731 6382 6892 6730 30
1011 622 3781 477 3569 6392 5613 2632 7096 4710 5682 30
1012 3601 3604 571 3806 4898 6636 6668 4890 4899 7244 30
1013 731 5337 204 5316 6070 7558 1158 5892 6071 7559 30
1014 882 5135 680 678 6398 6490 3214 2535 7560 3213 30
1015 5104 5120 3785 5186 7272 6337 7394 7273 6336 6335 30
1016 491 5090 893 5182 5792 6713 2509 5793 5794 6715 30
1017 3503 5117 3500 5276 7561 6573 4406 7562 6370 6574 30
1018 386 383 387 5158 2153 2158 2157 6326 6675 6327 30
1019 534 3638 3578 3636 6085 4797 6635 6435 4796 4795 30
1020 3432 5199 5169 5201 7563 7564 7565 7566 7567 7382 30
1021 3438 3732 5106 5093 4096 7568 5877 5808 7449 5878 30
1022 334 763 853 5197 1902 1914 1913 5744 5743 7569 30
1023 569 3638 891 3685 6084 7329 2894 7313 4798 7570 30
1024 3619 5167 3766 5193 7402 7487 4976 7404 6151 7486 30
1025 5194 5208 3470 5224 6827 7571 7572 6830 6831 7573 30
1026 528 3667 3569 836 7574 4751 6481 2872 7575 6278 30
1027 3502 5094 5118 5119 7576 6182 7577 7078 6593 7234 30
1028 5084 5096 5083 5345 7043 6134 7039 7578 6139 6137 30
1029 154 5087 5105 5186 7522 7579 7580 7523 7066 7581 30
1030 257 5137 5109 5141 7582 7583 7204 7275 7584 7276 30
1031 5158 5163 3797 5217 7191 7585 6797 6330 7192 6799 30
1032 5167 5193 236 5250 6151 6149 6146 7489 6865 7586 30
1033 3676 3758 789 5332 4974 6303 7587 5679 7465 7466 30
1034 735 917 615 5166 1179 3155 1197 7475 7473 7588 30
1035 3 3286 5362 129 3306 7545 7542 151 3307 6376 30
1036 328 5275 5340 296 7164 7168 7167 1713 7590 7589 30
1037 608 778 3735 855 2783 5970 6102 3141 2475 6492 30
1038 749 5272 5091 5311 6959 7109 7591 6960 6851 6985 30
1039 768 412 407 5303 2281 2280 2277 5525 5467 7068 30
1040 5117 5137 3717 5270 5419 5599 5600 5980 5981 7592 30
1041 882 5135 678 5285 6398 7560 2535 6400 6399 7593 30
1042 903 893 5089 5182 2703 6714 7594 7595 6715 6716 30
1043 3431 596 3700 728 7596 7211 3982 6559 1262 7597 30
1044 3599 456 654 653 6187 2524 6285 6253 2526 2525 30
1045 3592 5116 3595 5126 5764 7598 4857 7213 6227 7599 30
1046 583 5182 5089 5344 7600 6716 7319 7321 6885 6886 30
1047 612 3779 714 3607 6349 6669 3148 6117 4920 6882 30
1048 434 830 5100 5127 2417 7601 7602 7603 7604 7175 30
1049 3743 5343 3589 3646 7171 7324 4845 4636 7605 4373 30
1050 5197 5214 579 5255 7606 7607 7433 7431 7608 7432 30
1051 547 684 496 5330 2725 2724 2722 6055 6841 5444 30
1052 3578 602 589 3577 7312 3044 7609 4647 7610 6965 30
1053 406 692 417 5300 2264 2276 2275 6912 6913 7611 30
1054 3592 5102 3594 5116 5765 7612 4855 5764 5394 6944 30
1055 439 440 441 5326 2434 2440 2439 6034 5437 5438 30
1056 638 5127 619 5171 6469 7613 3158 6470 6471 7614 30
1057 3574 3666 527 3740 4777 6871 7372 4730 4779 6935 30
1058 458 3574 5301 5324 6602 6989 6990 6600 6601 7365 30
1059 746 3618 492 3617 7615 7437 2584 7240 4906 6888 30
1060 349 5151 5136 5153 7616 7617 6374 6409 7618 6408 30
1061 152 3752 5084 5155 3828 7619 7040 7180 7620 6984 30
1062 258 718 261 5111 1533 1532 1531 7053 5924 5925 30
1063 5127 619 5171 5181 7613 7614 6471 7621 7623 7622 30
1064 5321 331 789 5332 7624 1896 6306 7467 7625 7466 30
1065 590 5112 542 5113 7536 7626 2932 7535 7534 7627 30
1066 341 5317 5210 459 7162 7159 7161 1941 7629 7628 30
1067 257 255 5109 5137 1516 7630 7204 7582 7631 7583 30
1068 3470 5208 5194 5236 7571 6827 7572 7632 5668 6201 30
1069 167 86 738 895 7098 1162 7100 7633 944 1166 30
1070 5102 720 690 816 6153 3231 5395 5652 2661 3234 30
1071 904 5214 5230 5255 7634 7635 7636 7637 7608 7638 30
1072 5212 3748 5306 5320 7639 7640 7641 7642 7644 7643 30
1073 930 3604 935 570 6483 7421 3053 3051 6131 3050 30
1074 3806 818 650 3665 7645 1213 6517 5033 7521 6413 30
1075 5203 280 281 5211 6263 1634 6846 6281 6280 6848 30
1076 5084 5344 5096 5345 7011 6705 7043 7578 6796 6139 30
1077 3685 617 3798 891 7646 7647 4083 7570 3105 7648 30
1078 5127 5136 619 5181 7649 7650 7613 7621 7651 7623 30
1079 619 5127 828 5136 7613 7652 2733 7650 7649 7653 30
1080 5321 789 331 336 6306 1896 7624 7472 1895 1808 30
1081 3703 166 212 728 3983 7270 7269 6560 6558 1163 30
1082 3664 651 208 3423 7238 1287 7654 4019 6922 7480 30
1083 629 907 220 5284 1342 1339 1341 7155 6762 6294 30
1084 5212 5213 3748 5320 7655 7656 7639 7642 7657 7644 30
1085 535 5180 5160 5327 7248 6761 7247 7658 7660 7659 30
1086 905 5105 760 721 7352 6737 3227 3259 7356 1235 30
1087 589 602 3578 569 3044 7312 7609 2898 3045 6634 30
1088 5280 5288 403 5107 7396 7401 7399 6571 6537 7661 30
1089 3611 5146 3609 5156 7662 7663 4930 7664 5998 7665 30
1090 3761 5228 5160 5273 7666 6760 6431 6433 6975 6110 30
1091 608 3735 3673 855 6102 5036 7667 3141 6492 6325 30
1092 789 3618 746 3802 7097 7615 1920 6302 4967 6765 30
1093 791 3676 3675 3618 7668 4972 7669 7670 4971 4970 30
1094 3593 5102 5125 5272 7149 5405 7554 7148 7103 7104 30
1095 645 3820 3682 3808 6684 5050 6721 6685 5053 5052 30
1096 157 5162 3710 5169 7671 7672 3930 7673 5910 7674 30
1097 697 5165 774 5204 7675 6807 2834 7676 6812 6810 30
1098 5097 5100 5302 3590 7226 7230 7228 7677 7678 6646 30
1099 849 5180 535 598 6756 7248 2903 2904 7679 2901 30
1100 5318 5252 303 5329 7680 7681 5549 5417 7682 5551 30
1101 3608 5106 3732 5120 6177 7568 4867 6178 5540 7448 30
1102 5286 5308 510 5341 7683 7684 7685 7686 7516 7687 30
1103 3812 5144 3631 5299 7047 7163 4479 7048 7049 7688 30
1104 3624 5174 5217 5163 7689 7288 7690 7691 7285 7192 30
1105 3738 3768 5094 5110 4630 7692 6926 6928 7693 6246 30
1106 645 3682 195 801 6721 7317 1220 1221 6722 1222 30
1107 71 199 5087 5138 1070 7694 7695 7696 7698 7697 30
1108 3680 3793 3679 865 4048 4960 4105 7699 7701 7700 30
1109 801 3682 195 3734 6722 7317 1222 6736 5049 7318 30
1110 3729 5087 5095 5196 6173 5702 6174 7702 6208 6209 30
1111 870 5245 706 705 7252 6527 3247 3248 7703 1225 30
1112 166 167 738 3704 183 7100 6224 3986 3985 7282 30
1113 5258 281 5203 664 6847 6846 5853 6066 1636 6065 30
1114 5388 5351 5364 3284 7704 6738 7705 7706 7708 7707 30
1115 206 3657 3770 867 5799 4016 5798 996 7710 7709 30
1116 414 5128 5156 5248 7711 6038 7712 7713 7715 7714 30
1117 776 5092 494 745 6589 6750 2714 2713 7716 2506 30
1118 735 5142 187 5166 7717 7718 1109 7475 7719 7474 30
1119 5378 19 18 3290 6452 49 7720 6596 3340 3339 30
1120 267 5133 326 874 6561 6397 1577 1568 6395 1579 30
1121 658 5172 659 5210 5825 5429 2037 5826 5434 5432 30
1122 5355 3288 5384 11 7721 7026 7722 7723 3322 7298 30
1123 5109 5137 3496 5141 7583 7724 7725 7276 7584 7726 30
1124 387 5158 383 5187 6327 6675 2158 6504 6503 6676 30
1125 5302 5178 834 5097 7263 7484 7483 7228 5958 7727 30
1126 3476 3771 5194 5236 4222 7728 6354 6355 7729 6201 30
1127 235 224 5284 5297 1350 5557 7730 7731 5560 5561 30
1128 426 5219 5085 5322 6997 6462 7732 6998 6999 7733 30
1129 489 5125 5110 5288 7734 7555 7735 7736 7397 7454 30
1130 5124 5134 3504 5276 5584 7737 7738 6920 7740 7739 30
1131 469 549 463 3615 2563 2562 2424 6581 7741 6580 30
1132 5248 3785 5104 5120 7390 7394 7392 7444 6337 7272 30
1133 5089 5085 5090 3767 7077 5769 5508 7742 7744 7743 30
1134 3664 920 764 3666 7745 2870 6845 4776 7747 7746 30
1135 3495 5130 5111 5133 7748 5611 7749 7750 6788 6791 30
1136 755 3578 3626 534 7423 4649 6879 2899 6635 6434 30
1137 436 510 919 5341 2327 2428 2427 7751 7687 7515 30
1138 3666 605 527 924 6820 2868 6871 6567 2869 2866 30
1139 3740 5301 3564 360 7030 6617 4718 6832 6615 5982 30
1140 3792 5110 5089 5272 7752 5512 7105 7108 6606 6604 30
1141 166 84 85 728 6717 106 7389 6558 1154 1153 30
1142 812 3678 210 5336 7178 7753 1296 7189 6465 7754 30
1143 3601 676 653 3806 6482 2527 6252 4890 7243 6763 30
1144 341 5317 459 340 7162 7629 1941 1905 7755 1940 30
1145 756 5130 262 265 6787 5993 1538 1554 7756 1552 30
1146 632 449 5254 5294 2490 6318 7757 7758 6320 6321 30
1147 3482 3699 5211 5220 4284 6859 7236 7235 7177 6282 30
1148 273 5183 5170 5188 7759 7760 7761 7762 7764 7763 30
1149 3507 5280 5107 3591 6568 6571 6570 4442 7766 7765 30
1150 7 5373 3293 5382 7767 7768 3311 7769 7771 7770 30
1151 3431 5334 596 5336 7772 7212 7596 7773 6657 7774 30
1152 3584 3643 5147 3807 4824 7055 7331 4826 4825 7775 30
1153 3526 5265 3534 5286 7776 6813 4536 7777 6194 6815 30
1154 921 602 3685 3577 3137 7314 7778 7779 7610 4790 30
1155 331 5321 5293 5332 7624 7780 7781 7625 7467 7782 30
1156 295 5275 5256 5348 7783 7345 7784 7785 7165 7786 30
1157 3558 3556 3557 5330 4686 4681 4687 6771 5783 5740 30
1158 521 832 519 5195 2829 2828 2826 7142 7141 7787 30
1159 211 782 848 3671 1041 1302 1300 7788 7457 7458 30
1160 740 5127 5121 5136 7789 7790 7195 7196 7649 6858 30
1161 651 937 3809 3664 3184 7200 6411 7238 6844 5031 30
1162 595 470 5151 5181 2600 7791 6952 6554 7792 6954 30
1163 648 3679 200 3439 7152 7793 1246 6817 4104 7239 30
1164 5121 354 5164 355 6731 7027 7409 7476 2005 7029 30
1165 207 214 3683 3424 1279 6834 7518 7044 6948 4026 30
1166 935 620 3604 3686 3056 7794 7421 7420 7795 4910 30
1167 237 5193 5148 5215 6792 6150 6618 7796 7798 7797 30
1168 3449 5216 5260 5292 5635 5636 5634 7799 6671 6672 30
1169 5148 241 5176 5242 7800 7801 7221 7225 7802 7224 30
1170 791 3676 3618 789 7668 4971 7670 3270 7587 7097 30
1171 571 935 620 3604 3049 3056 3055 6636 7421 7794 30
1172 694 5145 249 5147 7803 5421 1474 6622 5581 5579 30
1173 697 526 5165 5347 2844 7804 7675 7805 7807 7806 30
1174 507 548 508 5097 2772 2771 2767 5498 6437 5459 30
1175 607 3793 3680 865 7808 4048 7809 1244 7701 7699 30
1176 835 3679 3615 865 7179 4745 6942 2960 7700 7810 30
1177 3438 5083 153 5093 7101 5866 3902 5808 5776 7811 30
1178 790 3673 3675 3676 6322 5041 7218 6323 5042 4972 30
1179 3472 5294 5225 5266 7812 5941 7813 7814 7816 7815 30
1180 782 3672 3671 3440 7456 4107 7457 7817 4106 3897 30
1181 3731 153 5087 5093 3907 5867 7065 6735 7811 5777 30
1182 764 3741 3664 3574 6238 4778 6845 6603 4765 4775 30
1183 609 3673 888 855 6550 6802 3144 3142 6325 3143 30
1184 835 3615 549 865 6942 7741 2565 2960 7810 2959 30
1185 711 5133 5140 5141 7818 6749 7819 7820 7120 7070 30
1186 3616 469 3565 3615 7279 6132 4733 4734 6581 4731 30
1187 726 5085 491 5182 7821 5791 2386 7822 5795 5793 30
1188 776 5092 745 5119 6589 7716 2713 6591 6590 7823 30
1189 3666 527 764 3574 6871 2537 7746 4777 7372 6603 30
1190 3793 549 3615 865 7824 7741 4959 7701 2959 7810 30
1191 673 5292 5290 5293 7094 7095 7091 7825 7827 7826 30
1192 585 866 801 5315 2594 2945 3102 7828 7829 7355 30
1193 265 5133 5130 5159 7830 6788 7756 7831 6562 7140 30
1194 895 738 167 3704 1166 7100 7633 7832 7282 3985 30
1195 527 764 920 3666 2537 2870 2867 6871 7746 7747 30
1196 5165 5204 697 5347 6812 7676 7675 7806 7833 7805 30
1197 777 773 219 5339 1335 1320 1333 5660 6422 6486 30
1198 5140 3576 5157 5240 7834 7835 7836 7073 7837 7479 30
1199 5365 5392 3668 3422 6424 6172 6425 7064 6020 3870 30
1200 826 694 5208 420 2346 6621 5663 2345 1462 6542 30
1201 3785 3732 3731 5093 4928 4097 4078 6338 7449 6735 30
1202 5174 401 5173 411 7287 7838 7839 7840 2248 7841 30
1203 706 5185 5184 5245 7557 7842 6529 6527 7257 6528 30
1204 5236 5179 3642 5157 6097 7843 7844 5710 6093 7845 30
1205 203 3700 165 5316 6772 3972 7846 6773 5575 5894 30
1206 3502 3503 3500 5276 4407 4406 4404 7079 7562 6574 30
1207 549 463 3615 835 2562 6580 7741 2565 2564 6942 30
1208 3503 5117 5134 5145 7561 7847 7848 7849 5423 7850 30
1209 526 5180 5165 5347 7851 7852 7804 7807 7853 7806 30
1210 734 189 5201 5243 1115 7383 7854 7855 7385 7386 30
1211 258 259 257 5111 1526 1525 1517 7053 7193 7205 30
1212 3761 3815 5273 5297 5072 7856 6433 6981 7857 6549 30
1213 5091 5084 5089 3752 6983 7010 7106 7858 7619 7859 30
1214 602 921 773 3577 3137 1315 3115 7610 7779 7260 30
1215 901 584 582 5090 3091 2691 3092 6706 6242 5864 30
1216 5087 5105 71 5138 7579 7860 7695 7697 7861 7696 30
1217 5110 5125 486 5272 7555 7862 7863 6606 7104 7864 30
1218 646 233 5228 5250 1392 6863 7865 7866 6866 6867 30
1219 3733 3603 3604 570 4904 4897 4905 6485 6130 6131 30
1220 277 268 266 5159 1572 1571 1573 6609 7867 6611 30
1221 676 653 456 3601 2527 2526 2519 6482 6252 6522 30
1222 493 385 776 5094 2070 2168 2167 7232 6496 6592 30
1223 167 212 166 86 7268 7270 183 7098 1159 7099 30
1224 528 871 3667 836 2871 7868 7574 2872 2873 7575 30
1225 3676 3618 789 3758 4971 7097 7587 4974 4973 6303 30
1226 5273 5228 230 5235 6975 7869 7870 7871 7506 7872 30
1227 5148 5167 241 5242 6147 7873 7800 7225 5832 7802 30
1228 714 297 223 3779 1357 1346 1355 6669 6803 5623 30
1229 3748 5225 5212 5306 7874 7875 7639 7640 7876 7641 30
1230 5373 3678 647 3439 7877 6816 7878 7335 4102 6818 30
1231 5083 5087 153 5093 5698 5867 5866 5776 5777 7811 30
1232 5197 5253 3648 5287 5843 7879 7880 7434 7882 7881 30
1233 857 5157 826 5240 6164 5709 2396 7883 7479 7477 30
1234 5169 5199 189 5201 7564 7884 7384 7382 7567 7383 30
1235 5129 3789 3744 3597 5944 4788 6210 7885 4880 4363 30
1236 487 486 5125 5272 2670 7862 6748 7102 7864 7104 30
1237 5104 743 682 475 7271 2626 7277 7442 2623 2624 30
1238 542 435 5113 5223 2420 7886 7627 7887 7889 7888 30
1239 3434 5149 155 3714 6696 6794 3912 3921 7890 3919 30
1240 306 307 5295 5307 1766 7891 7303 7293 7892 7302 30
1241 5135 5150 678 5285 7893 7894 7560 6399 7895 7593 30
1242 416 5233 5229 5274 7896 6779 7897 7898 7502 7899 30
1243 3682 195 213 645 7317 978 6946 6721 1220 1219 30
1244 3678 3677 210 5336 4101 7900 7753 6465 6507 7754 30
1245 5112 5123 898 5162 7901 7902 7490 6539 5963 7492 30
1246 398 5234 410 5274 7903 7498 2224 7904 5907 7501 30
1247 5362 3704 167 3795 7905 3985 7906 6379 3990 3825 30
1248 869 5238 5241 5278 7907 6969 7908 7909 7911 7910 30
1249 3743 5343 3646 5127 7171 7605 4636 7173 7172 7912 30
1250 619 828 498 5136 2733 2732 2731 7650 7653 7913 30
1251 3783 5162 3776 5172 7914 6538 3995 7915 5430 6541 30
1252 493 5094 776 5119 7232 6592 2167 7233 6593 6591 30
1253 532 3638 3657 586 5787 5012 7916 2888 7497 7917 30
1254 822 5096 604 627 5736 7422 1292 3139 5955 2953 30
1255 5290 5292 3447 5293 7095 7251 7249 7826 7827 7918 30
1256 374 5143 5126 5152 7919 5913 7920 7921 7922 6228 30
1257 446 3676 789 5332 5684 7587 1899 5685 5679 7466 30
1258 888 883 3674 609 3145 7923 7532 3144 1258 6552 30
1259 559 560 558 5157 2993 2992 1542 7924 7926 7925 30
1260 871 3668 191 622 7927 6443 1201 1202 6171 1200 30
1261 905 5105 750 5186 7352 7928 3260 7929 7581 7930 30
1262 5086 5085 5088 5322 6088 6460 6663 6664 7733 6665 30
1263 3577 773 3772 3683 7260 6421 4645 4791 7931 4793 30
1264 3429 3793 799 3734 4049 7932 7933 4050 4052 7934 30
1265 755 297 714 3779 1724 1357 1727 6982 6803 6669 30
1266 581 903 893 5089 3089 2703 3088 5507 7594 6714 30
1267 185 625 890 5345 1169 1168 1167 7339 6138 6856 30
1268 3648 5197 3649 5253 7880 6255 4299 7879 5843 6257 30
1269 201 5155 5084 5311 7935 6984 7936 7937 6986 6987 30
1270 653 3601 3806 3600 6252 4890 6763 6254 4886 4891 30
1271 354 352 353 5121 2000 1992 2001 6731 6381 7938 30
1272 5363 212 86 899 7939 1159 7940 7941 1165 945 30
1273 3434 5149 3714 5104 6696 7890 3921 6697 6625 7942 30
1274 428 427 452 5092 2373 2378 2377 5771 7076 6223 30
1275 272 5188 5170 5189 7943 7763 7944 7945 7947 7946 30
1276 898 5112 188 5123 7490 7948 1185 7902 7901 7949 30
1277 467 575 746 3617 2516 2586 2585 6473 6585 7240 30
1278 527 458 3574 444 2465 6602 7372 2464 2459 6988 30
1279 3685 602 3578 3577 7314 7312 4789 4790 7610 4647 30
1280 3291 5377 5390 5359 7950 7087 7951 7952 7954 7953 30
1281 458 444 443 5301 2459 2043 2460 6990 6991 7955 30
1282 570 3733 3603 492 6485 4904 6130 2588 7405 6887 30
1283 5225 5266 495 5306 7815 7956 7957 7876 7959 7958 30
1284 680 882 815 5166 3214 3166 3222 6489 6401 7960 30
1285 3562 3561 3560 5325 4706 4699 4707 5621 6873 5605 30
1286 571 935 3604 570 3049 7421 6636 2590 3050 6131 30
1287 3736 5090 3544 5092 7961 7032 4411 7525 5773 7031 30
1288 476 478 474 5120 2620 2619 2617 5686 5542 5802 30
1289 163 5271 3441 5304 6068 5534 3959 6069 5750 6074 30
1290 235 224 222 5284 1350 1349 1351 7730 5557 5763 30
1291 869 5241 5251 5278 7908 7962 7963 7909 7910 5762 30
1292 3432 5201 5169 5243 7566 7382 7565 7964 7386 5640 30
1293 537 5212 5306 5320 7965 7641 7966 7967 7642 7643 30
1294 492 3603 468 467 6887 6076 2582 2583 6083 2522 30
1295 3666 764 3664 3574 7746 6845 4776 4777 6603 4775 30
1296 5118 5124 3504 5276 5670 7738 7968 6917 6920 7739 30
1297 3683 666 207 3684 7519 984 7518 4027 7970 7969 30
1298 421 5249 5208 5224 7971 7972 6826 6829 7973 6831 30
1299 863 5201 5214 5243 7974 7975 7976 7977 7386 7978 30
1300 5127 5132 3646 5171 6468 7979 7912 6471 6472 7980 30
1301 3545 5103 5088 5219 5628 5819 6459 5629 5630 6463 30
1302 5144 5146 3631 5299 5846 6405 7163 7049 7061 7688 30
1303 537 5212 908 5306 7965 7981 2560 7966 7641 7982 30
1304 5083 186 69 5087 5774 1062 6196 5698 5775 5901 30
1305 734 5201 863 5243 7854 7974 1271 7855 7386 7977 30
1306 784 5168 5151 5191 7983 6953 7481 7482 7984 7310 30
1307 894 930 3733 668 3052 6484 7406 3209 1233 7985 30
1308 3722 5128 5120 5248 7986 6018 7987 7988 7715 7444 30
1309 3548 3578 589 3577 4646 7609 6964 4641 4647 6965 30
1310 5277 5284 3529 5328 6511 7989 7990 7991 7993 7992 30
1311 5100 3788 5164 5121 7994 7496 7227 7413 7494 7409 30
1312 930 3428 197 633 7995 7996 1229 1230 6742 1026 30
1313 5241 926 696 5192 5484 3043 5486 5519 7997 5489 30
1314 3634 5229 5185 5233 7998 6774 7999 8000 6779 6777 30
1315 3683 214 3682 3424 6834 6945 4025 4026 6948 4024 30
1316 5382 7 6 3293 7769 37 8001 7770 3311 3309 30
1317 5140 5141 3576 5240 7070 8002 7834 7073 7074 7837 30
1318 422 506 472 5164 2353 2352 2013 7028 7245 6891 30
1319 870 5245 705 5232 7252 7703 3248 7254 7253 8003 30
1320 3820 3682 214 645 5050 6945 7089 6684 6721 1306 30
1321 5321 293 5293 5260 8004 8005 7780 8006 8008 8007 30
1322 681 5104 475 5248 8009 7442 2503 8010 7392 7443 30
1323 3676 790 855 446 6323 2478 6324 5684 2477 2474 30
1324 5365 5392 5378 636 6424 5952 6450 6451 6080 6079 30
1325 5382 6 644 5387 8001 955 8011 8012 8014 8013 30
1326 647 210 812 3678 963 1296 1298 6816 7753 7178 30
1327 5117 5134 250 5276 7847 8015 8016 6370 7740 8017 30
1328 3679 3793 3615 865 4960 4959 4745 7700 7701 7810 30
1329 3751 3688 5172 5210 5027 5821 6350 6352 5822 5434 30
1330 414 5156 5150 5248 7712 8018 8019 7713 7714 8020 30
1331 448 5290 500 5310 5986 8021 1932 6308 6307 8022 30
1332 416 410 5233 5274 2233 7500 7896 7898 7501 7502 30
1333 505 448 5337 5342 2318 6259 8023 8024 6062 6260 30
1334 905 5105 5186 5104 7352 7581 7929 7353 6699 7273 30
1335 559 5140 560 5157 7071 8025 2993 7924 7836 7926 30
1336 527 458 764 3574 2465 2538 2537 7372 6602 6603 30
1337 838 5160 232 5273 6108 6973 1382 6109 6110 6974 30
1338 289 5256 290 5258 8026 7343 1664 8027 7342 7341 30
1339 740 434 5121 5127 2009 8028 7195 7789 7603 7790 30
1340 921 666 215 3683 1207 1283 1314 8029 7519 7520 30
1341 694 420 244 5208 1462 1461 1458 6621 6542 8030 30
1342 340 5205 5317 5206 8031 7158 7755 8032 8034 8033 30
1343 890 625 508 5096 1168 2769 2778 6855 6135 5456 30
1344 836 3740 360 444 6833 6832 2044 2045 6934 2042 30
1345 5308 919 5315 672 7514 7517 6313 8035 2789 8036 30
1346 853 5197 579 5287 7569 7433 3083 8037 7434 7435 30
1347 5275 5340 3639 5348 7168 8038 8039 7165 6010 8040 30
1348 4 5085 3767 3737 6087 7744 3833 3831 7350 3832 30
1349 257 5111 259 5141 7205 7193 1525 7275 7121 7194 30
1350 3624 3797 5163 5217 4995 7585 7691 7690 6799 7192 30
1351 529 3799 600 5342 6728 7469 2781 8041 7470 7471 30
1352 3506 3746 5124 5154 4430 5585 6098 6113 6941 5504 30
1353 735 5142 5166 5199 7717 7719 7475 8042 8044 8043 30
1354 619 5136 498 5181 7650 7913 2731 7623 7651 8045 30
1355 3637 775 532 842 6640 2448 5716 6642 2891 2890 30
1356 218 5277 220 5339 8046 6510 1327 8047 6620 5836 30
1357 3450 5260 5259 5323 8048 5571 8049 8050 7063 7008 30
1358 5205 5317 5206 3652 7158 8033 8034 8051 8053 8052 30
1359 791 3676 789 790 7668 7587 3270 3205 6323 2476 30
1360 5173 5174 837 5285 7839 8054 8055 8056 8058 8057 30
1361 3700 702 701 203 6744 1263 5573 6772 1260 1151 30
1362 644 5382 5387 5366 8011 8012 8013 8059 8061 8060 30
1363 3502 5094 3689 5118 7576 8062 4417 7577 6182 8063 30
1364 5120 5128 475 5248 6018 8064 7441 7444 7715 7443 30
1365 3786 5167 5148 5242 8065 6147 7549 7548 5832 7225 30
1366 625 5095 508 5096 6180 5458 2769 6135 5457 5456 30
1367 3495 5140 5133 5141 8066 6749 7750 8067 7070 7120 30
1368 5100 5121 434 5127 7413 8028 7602 7175 7790 7603 30
1369 629 5284 5277 5328 7155 6511 7154 8068 7993 7991 30
1370 3717 5117 3503 5145 5600 7561 4408 5601 5423 7849 30
1371 5318 303 5252 301 5549 7681 7680 8069 1745 8070 30
1372 694 5145 5147 5176 7803 5581 6622 8071 8073 8072 30
1373 667 3674 3675 888 8074 4044 8075 3203 7532 7219 30
1374 5188 5189 274 5220 7947 8076 8077 8078 7137 8079 30
1375 350 740 353 5121 1985 1994 1993 6857 7195 7938 30
1376 800 390 400 5244 2195 2184 2196 6420 6333 5959 30
1377 818 676 571 3806 3057 2591 3054 7645 7243 7244 30
1378 3736 5085 5090 5092 7524 5769 7961 7525 5772 5773 30
1379 3755 5095 3754 5164 8080 5862 4032 8081 5496 6427 30
1380 736 5253 673 5292 8082 7092 1712 8083 7093 7094 30
1381 3502 3544 5094 5119 4409 7033 7576 7078 7274 6593 30
1382 462 5225 495 5306 8084 7957 1938 8085 7876 7958 30
1383 598 5180 5161 5228 7679 8086 8087 8088 6757 8089 30
1384 3632 5229 5233 5274 8090 6779 8091 8092 7899 7502 30
1385 3454 5275 5258 5305 8093 7346 8094 8095 7552 5855 30
1386 3820 214 217 645 7089 1310 6126 6684 1306 1311 30
1387 3679 200 3680 865 7793 8096 4105 7700 1245 7699 30
1388 542 5113 5112 5223 7627 7534 7626 7887 7888 6123 30
1389 197 3428 930 668 7996 7995 1229 1232 8097 1233 30
1390 434 5100 929 5121 7602 7412 2018 8028 7413 7410 30
1391 188 5123 5112 5231 7949 7901 7948 8098 8100 8099 30
1392 3579 5239 3554 5257 8101 5654 4593 8102 5655 5402 30
1393 332 315 5216 5253 1815 8103 6678 6358 8104 6680 30
1394 669 5117 250 5276 6880 8016 1483 6881 6370 8017 30
1395 307 306 308 5307 1766 1771 1770 7892 7293 7292 30
1396 3671 848 211 3704 7458 1300 7788 5035 7291 8105 30
1397 580 579 5214 5255 3077 7607 8106 8107 7432 7608 30
1398 5129 3789 3597 5192 5944 4880 7885 5946 5945 8108 30
1399 3645 5244 5234 5264 6521 5596 6520 8109 8111 8110 30
1400 3432 5199 5201 159 7563 7567 7566 3935 8113 8112 30
1401 3628 5147 5145 5176 6958 5581 6957 8114 8072 8073 30
1402 3671 3672 848 3704 4107 7455 7458 5035 5034 7291 30
1403 3293 5382 5373 5366 7770 7771 7768 8115 8061 8116 30
1404 374 5126 384 5152 7920 7012 2114 7921 6228 7013 30
1405 3691 5121 3546 5136 7387 8117 4638 7507 6858 8118 30
1406 5293 5321 3477 5332 7780 8119 8120 7782 7467 8121 30
1407 3430 5316 3701 5337 5893 8122 3981 5515 6071 8123 30
1408 3744 5133 5129 5159 7464 6547 6210 8124 6562 6655 30
1409 83 701 203 5316 1141 1151 1148 6650 5577 6773 30
1410 904 5230 732 5255 7636 8125 1270 7637 7638 8126 30
1411 3675 3618 3733 791 4970 4908 4046 7669 7670 8127 30
1412 212 86 85 166 1159 107 1160 7270 7099 7389 30
1413 729 5296 703 5331 7283 8128 3240 7354 7540 8129 30
1414 685 5156 5146 5299 5997 5998 5996 8130 8131 7061 30
1415 575 467 454 5348 2516 2515 2517 6584 6301 7415 30
1416 599 5139 939 5154 8132 8133 3133 8134 5582 8135 30
1417 483 5102 5091 5272 6269 6268 6270 8136 7103 7109 30
1418 5355 5377 5384 3288 8137 7086 7722 7721 7533 7026 30
1419 849 5180 598 5228 6756 7679 2904 6758 6757 8088 30
1420 4 5344 5096 5084 6884 6705 6924 7009 7011 7043 30
1421 3760 5180 5228 3606 7450 6757 7452 4918 8139 8138 30
1422 3674 3675 3428 667 4044 4043 3891 8074 8075 8140 30
1423 608 3440 3673 3672 8141 4108 7667 7198 4106 4109 30
1424 5378 5392 5365 3422 5952 6424 6450 5837 6020 7064 30
1425 3472 5266 5225 5306 7814 7815 7813 8142 7959 7876 30
1426 3672 3799 848 3704 5038 6729 7455 5034 4055 7291 30
1427 380 381 379 5144 2138 2137 2129 8143 7186 7059 30
1428 3697 5099 3763 5103 7388 7130 4632 7113 5818 7132 30
1429 807 726 5182 5322 2570 7822 8144 8145 8147 8146 30
1430 208 3664 3423 3663 7654 4019 7480 8148 4018 3879 30
1431 448 5310 501 5338 6308 8149 2484 5989 5900 8150 30
1432 520 5165 521 5195 8151 8152 2827 8153 8154 7142 30
1433 494 5090 452 5092 6751 6222 2505 6750 5773 6223 30
1434 3726 5228 5193 5250 8155 6862 8156 8157 6867 6865 30
1435 711 5133 577 5140 7818 8158 3000 7819 6749 8159 30
1436 622 5392 636 677 6168 6080 1199 2635 6189 1274 30
1437 5174 5190 837 5285 8160 8161 8054 8058 8162 8057 30
1438 815 680 5166 5227 3222 6489 7960 8163 6653 6654 30
1439 608 3440 3672 202 8141 4106 7198 1253 8165 8164 30
1440 521 5195 5165 5198 7142 8154 8152 7143 7144 8166 30
1441 3685 617 891 909 7646 3105 7570 8167 1204 3048 30
1442 3498 3717 5137 5270 4396 5599 8168 8169 7592 5981 30
1443 3638 586 533 891 7497 2887 5788 7329 2896 2895 30
1444 791 3676 790 3675 7668 6323 3205 7669 4972 7218 30
1445 5272 3747 3792 3593 7147 4862 7108 7148 4861 4863 30
1446 3710 5162 3688 5169 7672 5820 4069 7674 5910 6614 30
1447 206 3770 5350 867 5798 8170 8171 996 7709 8172 30
1448 5364 3292 27 5381 8173 3359 8174 8175 8177 8176 30
1449 871 3667 3668 622 7868 4090 7927 1202 8178 6171 30
1450 930 3428 3733 668 7995 4045 6484 1233 8097 7985 30
1451 357 5118 365 5276 6916 7553 2027 6918 6917 8179 30
1452 5377 3682 195 213 7529 7317 7531 7084 6946 978 30
1453 622 5365 191 636 6423 6444 1200 1199 6451 1002 30
1454 3501 5092 3544 5119 8180 7031 4410 8181 6590 7274 30
1455 68 851 5155 5345 1051 8182 6908 6938 8183 6939 30
1456 5192 5209 3765 5238 6629 8184 6967 6632 6633 6966 30
1457 537 5213 5212 5320 8185 7655 7965 7967 7657 7642 30
1458 71 844 199 5138 1077 1079 1070 7696 8186 7698 30
1459 731 204 5337 798 1158 7558 6070 1265 1264 8187 30
1460 3813 5150 5135 5285 8188 7893 7127 7129 7895 6399 30
1461 3556 5320 3538 5346 7081 8189 4598 5553 6057 8190 30
1462 842 532 3657 586 2890 7916 8191 2889 2888 7917 30
1463 272 273 5170 5188 1596 7761 7944 7943 7762 7763 30
1464 5160 5180 3745 5327 6761 8192 8193 7659 7660 8194 30
1465 681 682 475 5104 2625 2624 2503 8009 7277 7442 30
1466 3763 5088 3545 5103 7131 6459 4631 7132 5819 5628 30
1467 3684 207 3683 3424 7969 7518 4027 3858 7044 4026 30
1468 290 285 5258 5305 1663 8195 7341 7551 8196 5855 30
1469 72 5138 71 5105 8197 7696 93 8198 7861 7860 30
1470 645 801 545 3808 1221 2942 1325 6685 6723 6612 30
1471 603 5224 5212 5282 8199 8200 8201 8202 8204 8203 30
1472 5100 3788 5121 3743 7994 7494 7413 7174 4982 8205 30
1473 5213 5215 3511 5237 6534 6869 8206 6535 6015 6868 30
1474 3673 609 608 855 6550 1256 7667 6325 3142 3141 30
1475 668 3428 3675 667 8097 4043 8207 1231 8140 8075 30
1476 5364 5386 3292 5381 8208 8209 8173 8175 8210 8177 30
1477 608 3440 202 609 8141 8165 1253 1256 6551 1257 30
1478 749 490 485 5272 2676 2675 2664 6959 6825 8211 30
1479 3594 3732 3608 5106 4868 4867 4866 6943 7568 6177 30
1480 68 744 69 5083 1056 1055 90 6907 5919 6196 30
1481 613 471 499 5229 2602 2359 2603 7210 7503 6979 30
1482 5356 5391 31 883 8212 8213 8214 8215 8216 1030 30
1483 857 826 557 5240 2396 2991 2988 7883 7477 8217 30
1484 3471 5192 3765 5241 6158 6967 4202 6159 5519 6968 30
1485 3752 3438 5091 5155 3904 5806 7858 7620 5807 5805 30
1486 3638 3657 3637 532 5012 5011 5010 5787 7916 5716 30
1487 3535 5308 5286 5341 8218 7683 8219 8220 7516 7686 30
1488 585 3615 3616 3734 8221 4734 8222 8223 4958 4957 30
1489 5098 3589 5302 5131 6643 6647 6645 6362 7323 7182 30
1490 3510 5115 5139 3508 6874 5813 6877 4445 7035 7440 30
1491 3740 5301 360 444 7030 6615 6832 6934 6991 2042 30
1492 3755 5101 5095 5164 8224 6894 8080 8081 6892 5496 30
1493 280 5220 802 5221 6265 8225 1630 6904 6905 8226 30
1494 724 5253 5287 5290 8227 7882 8228 8229 7090 8230 30
1495 5227 3813 5135 5166 7183 7127 6652 6654 7128 6403 30
1496 5175 5205 3655 5210 6768 8231 7508 5827 6769 7509 30
1497 705 79 5232 5245 1124 8232 8003 7703 8233 7253 30
1498 27 26 5381 3292 57 8234 8176 3359 3357 8177 30
1499 5283 5284 514 5328 5731 8235 8236 8237 7993 8238 30
1500 5362 3704 3795 211 7905 3990 6379 8239 8105 8240 30
1501 5091 5084 3752 5155 6983 7619 7858 5805 6984 7620 30
1502 5196 3755 3730 5101 8241 5077 8242 8243 8224 8244 30
1503 381 5144 380 5195 7186 8143 2138 7445 7446 8245 30
1504 374 5115 5143 5152 8246 8247 7919 7921 8248 7922 30
1505 3747 5102 5091 5106 7150 6268 7124 7125 6155 5876 30
1506 284 5211 5259 5258 8249 5756 8250 8251 6347 8252 30
1507 737 5103 718 5109 5647 5922 1534 5648 5649 6166 30
1508 3593 5110 3792 5272 7556 7752 4863 7148 6606 7108 30
1509 3764 3630 5318 5329 4271 8253 5412 5415 8254 5417 30
1510 821 5266 5225 5294 8255 7815 8256 8257 7816 5941 30
1511 208 920 3664 3663 1284 7745 7654 8148 8258 4018 30
1512 271 5170 273 5183 8259 7761 1595 8260 7760 7759 30
1513 3509 5154 5139 5161 7083 5582 7082 8261 8263 8262 30
1514 3472 5294 5266 3800 7812 7816 7814 4227 8265 8264 30
1515 682 751 743 5186 3224 3127 2626 7278 8266 7036 30
1516 3771 3463 3476 5194 4221 4210 4222 7728 6248 6354 30
1517 3588 5098 3763 5099 8267 7438 4840 7427 5875 7130 30
1518 5102 5106 3594 5116 6155 6943 7612 5394 5545 6944 30
1519 5121 352 350 5122 6381 1991 6857 6386 6384 6343 30
1520 165 84 203 5316 6454 1147 7846 5894 6455 6773 30
1521 489 5125 5288 786 7734 7397 7736 2681 8269 8268 30
1522 3472 5294 3800 3464 7812 8265 4227 4225 5940 4216 30
1523 908 561 462 5225 2561 2558 2559 8270 8271 8084 30
1524 487 5102 484 5272 6747 8272 2669 7102 7103 8273 30
1525 5164 354 5101 472 7027 6730 6892 6891 2012 6893 30
1526 3661 5245 5271 5296 8274 7018 8275 8276 6532 7021 30
1527 5356 609 3674 883 6686 6552 6688 8215 1258 7923 30
1528 5121 350 352 353 6857 1991 6381 7938 1993 1992 30
1529 844 5138 72 5231 8186 8197 1078 8277 8279 8278 30
1530 3738 3544 5090 5094 4628 7032 6927 6926 7033 6243 30
1531 608 3440 609 3673 8141 6551 1256 7667 4108 6550 30
1532 3716 5177 5158 5187 8280 6673 8281 8282 6290 6503 30
1533 30 3295 5385 5391 3367 8283 8284 8285 8287 8286 30
1534 3506 3509 3746 5154 4436 4438 4430 6113 7083 6941 30
1535 317 443 360 5301 1828 1827 1826 6718 7955 6615 30
1536 937 651 764 3664 3184 3185 3109 6844 7238 6845 30
1537 435 5122 5113 5223 8288 6502 7886 7889 8289 7888 30
1538 585 799 3793 3734 3101 7932 8290 8223 7934 4052 30
1539 3714 5135 5104 5149 8291 7201 7942 7890 7203 6625 30
1540 5091 5272 5089 5311 7109 6604 7106 6985 6851 6849 30
1541 891 3638 3798 3685 7329 5015 7648 7570 4798 4083 30
1542 215 214 216 3683 1282 1308 1307 7520 6834 6835 30
1543 830 929 434 5100 2418 2018 2417 7601 7412 7602 30
1544 908 5212 561 5225 7981 8292 2561 8270 7875 8271 30
1545 5196 3755 5101 5095 8241 8224 8243 6209 8080 6894 30
1546 81 5271 829 5349 8293 5536 1137 8294 5537 5538 30
1547 3797 3716 5158 5187 4541 8281 6797 6798 8282 6503 30
1548 152 153 3438 5083 169 3902 3901 7041 5866 7101 30
1549 759 5113 5101 5196 8295 6500 8296 8297 8298 8243 30
1550 896 5321 746 5323 8299 6766 1923 8300 8301 7380 30
1551 3450 5321 5260 5323 8302 8006 8048 8050 8301 7063 30
1552 3703 212 610 728 7269 1304 6801 6560 1163 1305 30
1553 694 244 246 5176 1458 1453 1459 8071 8304 8303 30
1554 5230 5232 79 5245 8305 8232 8306 8307 7253 8233 30
1555 5326 747 496 439 5441 2443 5440 6034 1854 2441 30
1556 72 5138 5105 5231 8197 7861 8198 8278 8279 8308 30
1557 5252 5318 3630 5329 7680 8253 8309 7682 5417 8254 30
1558 3806 3670 818 3665 4911 8310 7645 5033 4022 7521 30
1559 3575 5307 5269 5319 8311 7511 8312 8313 7295 7513 30
1560 3685 617 192 3435 7646 990 8314 4082 8316 8315 30
1561 3665 3670 193 3423 4022 8317 7327 4021 3882 7328 30
1562 347 5151 349 5153 8318 7616 1976 8319 7618 6409 30
1563 693 366 5107 5118 2074 6203 6536 6183 5546 5565 30
1564 3593 5102 3592 5125 7149 5765 4851 7554 5405 6058 30
1565 3674 3673 3675 888 4110 5041 4044 7532 6802 7219 30
1566 3497 3496 5137 5141 4380 7724 8320 8321 7726 7584 30
1567 275 5220 5203 5188 8322 6267 8323 8324 8078 8325 30
1568 930 935 3686 633 3053 7420 6708 1230 3161 8326 30
1569 554 590 542 5113 2933 2932 2421 8327 7535 7627 30
1570 207 214 215 3683 1279 1282 1281 7518 6834 7520 30
1571 5392 3637 3669 3657 7463 5013 6169 5953 5011 4014 30
1572 3472 5225 3748 5306 7813 7874 4237 8142 7876 7640 30
1573 702 203 3700 596 1260 6772 6744 1259 1261 7211 30
1574 3503 5134 3552 5145 7848 8328 4421 7849 7850 8329 30
1575 251 252 249 5270 1486 1485 1480 7408 7528 5979 30
1576 277 5132 637 5171 6608 8330 1584 8331 6472 8332 30
1577 5179 5192 566 5209 6577 6630 8333 6298 6629 6628 30
1578 25 5381 5352 193 8334 8335 8336 1016 8338 8337 30
1579 622 5392 677 3669 6168 6189 2635 6170 6169 6393 30
1580 5151 5168 3485 5191 6953 7014 7015 7310 7984 8339 30
1581 3617 746 3618 3802 7240 7615 4906 4966 6765 4967 30
1582 3629 5187 3797 5217 7546 6798 4996 7547 6118 6799 30
1583 807 5182 5086 5322 8144 6091 8340 8145 8146 6664 30
1584 3792 3738 5089 5110 5080 7368 7105 7752 6928 5512 30
1585 761 5249 5224 5282 8341 7973 8342 8343 8344 8204 30
1586 3474 5258 3454 5275 8345 8094 4166 8346 7346 8093 30
1587 743 5186 751 5093 7036 8266 3127 7038 6340 8347 30
1588 5352 193 5381 5386 8337 8338 8335 8348 8349 8210 30
1589 32 5356 782 5367 8350 8351 1037 8352 8354 8353 30
1590 248 5117 249 5145 8355 5418 1473 8356 5423 5421 30
1591 3740 3569 3667 836 4720 4751 4754 6833 6278 7575 30
1592 759 5113 5196 554 8295 8298 8297 2978 8327 8357 30
1593 3474 5256 5258 5275 8358 7342 8345 8346 7345 7346 30
1594 893 491 453 5090 2509 2385 2510 6713 5792 6956 30
1595 3686 3428 930 633 3888 7995 6708 8326 6742 1230 30
1596 5144 5165 3514 5204 6808 8359 8360 6811 6812 8361 30
1597 711 5140 559 5141 7819 7071 1544 7820 7070 7069 30
1598 421 5249 5224 810 7971 7973 6829 1863 8363 8362 30
1599 579 5197 578 5214 7433 8364 2550 7607 7606 8365 30
1600 192 666 921 3684 987 1207 1206 8366 7970 8367 30
1601 3282 5378 118 5369 8368 8369 3394 8370 8372 8371 30
1602 3719 5315 5308 5341 8373 6313 8374 8375 7267 7516 30
1603 638 637 5132 5171 3159 8330 6467 6470 8332 6472 30
1604 3672 600 3819 608 8376 7468 5039 7198 1252 6101 30
1605 200 3679 648 865 7793 7152 1246 1245 7700 1248 30
1606 3569 3667 622 3669 4751 8178 7096 4753 4752 6170 30
1607 5363 212 899 644 7939 1165 7941 8377 1303 957 30
1608 5324 3572 5319 5309 8378 8379 7364 7290 8381 8380 30
1609 470 5136 5151 5181 8382 7617 7791 7792 7651 6954 30
1610 5097 5100 3590 3621 7226 7678 7677 8383 8384 4842 30
1611 542 504 435 5223 2419 1998 2420 7887 8385 7889 30
1612 586 3638 3798 891 7497 5015 8386 2896 7329 7648 30
1613 3502 3544 3689 5094 4409 4418 4417 7576 7033 8062 30
1614 5152 5125 698 5280 5407 8387 8388 8389 7398 8390 30
1615 3793 607 549 865 7808 2957 7824 7701 1244 2959 30
1616 3796 644 3677 3703 8391 6429 3840 3989 6430 5048 30
1617 724 673 5253 5290 2742 7092 8227 8229 7091 7090 30
1618 3673 3672 3735 608 4109 5037 5036 7667 7198 6102 30
1619 770 5096 209 5345 8392 6701 1048 8393 6139 6795 30
1620 3493 5159 5132 5130 8394 6610 8395 8396 7140 7138 30
1621 5324 3572 5309 3573 8378 8381 7290 8397 4761 6843 30
1622 852 188 898 5112 1183 1185 1184 8398 7948 7490 30
1623 5385 5391 5370 883 8286 8399 8400 8401 8216 8402 30
1624 3495 5130 5133 3492 7748 6788 7750 4366 8404 8403 30
1625 5219 428 427 426 6955 2373 7075 6997 2372 2367 30
1626 283 5189 5220 274 8405 7137 8406 1613 8076 8079 30
1627 3709 5235 5228 5273 8407 7506 8408 8409 7871 6975 30
1628 3615 3567 3679 835 4732 4743 4745 6942 6677 7179 30
1629 68 851 744 5155 1051 1060 1056 6908 8182 6910 30
1630 328 5275 296 295 7164 7590 1713 1714 7783 1689 30
1631 777 297 589 3548 1347 1725 1726 5662 8410 6964 30
1632 302 303 5252 5329 1746 7681 8411 8412 5551 7682 30
1633 3298 23 5380 5372 3350 8413 8414 8415 8417 8416 30
1634 210 3677 644 5336 7900 6429 960 7754 6507 6508 30
1635 902 577 5133 5140 3013 8158 6396 6582 8159 6749 30
1636 5125 5152 3591 5280 5407 8418 8419 7398 8389 7766 30
1637 716 5091 5155 5311 6543 5805 6544 8420 6985 6986 30
1638 211 738 895 3704 1301 1166 1042 8105 7282 7832 30
1639 532 3657 3637 842 7916 5011 5716 2890 8191 6642 30
1640 249 5137 725 5147 5420 8421 1487 5579 5580 8422 30
1641 203 3700 596 728 6772 7211 1261 1157 7597 1262 30
1642 759 5113 554 641 8295 8327 2978 2611 7118 2423 30
1643 3495 5140 5141 3576 8066 7070 8067 4381 7834 8002 30
1644 580 579 578 5214 3077 2550 3078 8106 7607 8365 30
1645 416 398 410 5274 2232 2224 2233 7898 7904 7501 30
1646 5373 3678 3439 3677 7877 4102 7335 8423 4101 3843 30
1647 921 666 3683 3684 1207 7519 8029 8367 7970 4027 30
1648 470 498 5136 5181 1988 7913 8382 7792 8045 7651 30
1649 607 3680 200 865 7809 8096 969 1244 7699 1245 30
1650 891 909 569 3685 3048 3047 2894 7570 8167 7313 30
1651 5085 5182 726 5322 5795 7822 7821 7733 8146 8147 30
1652 3786 3619 5148 5167 4975 7403 7549 8065 7402 6147 30
1653 197 3428 5351 633 7996 6739 8424 1026 6742 6743 30
1654 3445 5253 3447 5290 8425 7250 4129 8426 7090 7249 30
1655 676 818 653 3806 3057 3182 2527 7243 7645 6763 30
1656 756 5130 265 5133 6787 7756 1554 6789 6788 7830 30
1657 3670 193 818 3665 8317 1210 8310 4022 7327 7521 30
1658 3621 3754 5097 5164 4847 5863 8383 8427 6427 5499 30
1659 739 535 5160 5327 2854 7247 8428 8429 7658 7659 30
1660 835 648 3679 865 2883 7152 7179 2960 1248 7700 30
1661 3500 5108 3501 5119 7146 7126 4399 6572 6141 8181 30
1662 821 5266 5294 5307 8255 7816 8257 8430 8432 8431 30
1663 5252 5275 300 5340 8433 8434 8435 8436 7168 8437 30
1664 837 5190 928 5285 8161 8438 2536 8057 8162 8439 30
1665 791 668 3675 790 3206 8207 7669 3205 3207 7218 30
1666 491 726 428 5085 2386 2375 2384 5791 7821 5770 30
1667 738 848 914 3704 1299 2878 3269 7282 7291 6690 30
1668 5179 564 562 563 6575 3010 6937 8440 3009 3002 30
1669 446 789 3676 790 1899 7587 5684 2477 2476 6323 30
1670 3503 3504 5134 5276 4414 7737 7848 7562 7739 7740 30
1671 589 602 773 3577 3044 3115 3114 6965 7610 7260 30
1672 3644 3789 5179 5192 4879 6861 8441 8442 5945 6577 30
1673 529 848 600 3799 2875 2874 2781 6728 6729 7469 30
1674 886 579 5255 5287 3081 7432 8443 8444 7435 7436 30
1675 3663 605 920 3666 8445 1285 8258 4087 6820 7747 30
1676 5110 5125 3768 5288 7555 8446 7693 7454 7397 8447 30
1677 900 69 657 5083 1058 1067 1066 6754 6196 5886 30
1678 3691 3690 5122 5136 4639 8448 7003 7507 8449 6372 30
1679 318 317 360 5313 1801 1826 1825 6895 6519 5984 30
1680 197 3428 668 667 7996 8097 1232 1029 8140 1231 30
1681 603 761 5224 5282 1442 8342 8199 8202 8343 8204 30
1682 284 5211 5258 281 8249 6347 8251 1643 6848 6847 30
1683 5273 230 5228 232 7870 7869 6975 6974 1380 6972 30
1684 238 237 5148 5215 1411 6618 8450 8451 7796 7797 30
1685 152 3438 3752 5155 3901 3904 3828 7180 5807 7620 30
1686 416 423 5229 5233 2292 6775 7897 7896 6778 6779 30
1687 3505 3504 5124 5134 4420 7738 6505 6179 7737 5584 30
1688 300 5275 296 5340 8434 7590 1719 8437 7168 7589 30
1689 434 925 830 5127 2414 2416 2417 7603 8452 7604 30
1690 5088 5086 3804 3737 6663 6854 6852 7351 8453 3835 30
1691 235 5284 854 5297 7730 5859 1413 7731 5561 6487 30
1692 3470 5194 3771 5236 7572 7728 4232 7632 6201 7729 30
1693 872 5086 807 5182 8454 8340 3265 8455 6091 8144 30
1694 852 188 5112 5231 1183 7948 8398 8456 8098 8099 30
1695 352 5113 435 5122 6501 7886 1996 6384 6502 8288 30
1696 646 5161 916 5250 8457 8458 1856 7866 8460 8459 30
1697 3445 5287 5253 5290 8461 7882 8425 8426 8230 7090 30
1698 836 3667 3740 574 7575 4754 6833 2468 6477 6936 30
1699 3786 3766 3619 5167 4675 4976 4975 8065 7487 7402 30
1700 3571 5319 5301 5324 8462 7361 8463 8464 7364 7365 30
1701 203 84 165 728 1147 6454 7846 1157 1154 6692 30
1702 3768 5094 5110 5288 7692 6246 7693 8447 6186 7454 30
1703 574 871 3667 639 3065 7868 6477 3066 1203 6478 30
1704 605 3663 3436 3666 8445 3876 6819 6820 4087 4086 30
1705 612 714 827 3607 3148 1367 3146 6117 6882 6235 30
1706 748 5124 541 5154 5501 6042 2061 5503 5504 6041 30
1707 596 728 3431 5336 1262 6559 7596 7774 8465 7773 30
1708 3707 5239 3720 5297 5841 8466 4625 5559 6234 8467 30
1709 3663 920 3664 3666 8258 7745 4018 4087 7747 4776 30
1710 3729 154 5087 5138 3905 7522 6173 8468 8469 7697 30
1711 920 651 208 3664 1288 1287 1284 7745 7238 7654 30
1712 3429 3793 607 799 4049 7808 8470 7933 7932 972 30
1713 3682 213 214 645 6946 1280 6945 6721 1219 1306 30
1714 234 5193 237 5215 8471 6792 1408 8472 7798 7796 30
1715 3612 3609 5128 5156 4932 8473 8474 8475 7665 6038 30
1716 781 241 5167 5242 1446 7873 8476 8477 7802 5832 30
1717 3672 782 202 3440 7456 1038 8164 4106 7817 8165 30
1718 5086 5088 5085 3737 6663 6460 6088 8453 7351 7350 30
1719 5112 5138 590 5231 7537 7538 7536 8099 8279 8478 30
1720 82 5271 701 5304 8479 5749 1142 8480 5750 5751 30
1721 3717 3503 3552 5145 4408 4421 4423 5601 7849 8329 30
1722 201 5155 5345 5084 7935 6939 8481 7936 6984 7578 30
1723 841 803 5323 753 1672 7005 7004 3273 3272 8482 30
1724 3657 206 842 867 5799 1277 8191 7710 996 1278 30
1725 3488 5127 5171 5181 8483 6471 8484 8485 7621 7622 30
1726 3507 5280 3591 3531 6568 7766 4442 4440 6389 4441 30
1727 859 800 400 5207 2244 2196 2245 8486 6419 5960 30
1728 3584 5147 5157 5240 7331 5708 7332 8487 7478 7479 30
1729 5144 5158 3812 5195 7046 7045 7047 7446 7447 8488 30
1730 327 5119 670 875 6140 6367 1877 1876 8489 1879 30
1731 3689 5094 3768 5288 8062 7692 4626 8490 6186 8447 30
1732 494 934 5090 5094 2715 6638 6751 6752 6639 6243 30
1733 569 3578 589 534 6634 7609 2898 2892 6635 2897 30
1734 3697 5103 3499 5109 7113 6356 4388 7112 5649 7429 30
1735 3589 5131 5132 5343 7323 8491 8492 7324 7325 8493 30
1736 585 469 866 5315 2593 2595 2594 7828 7265 7829 30
1737 5165 3513 5204 5347 8494 8495 6812 7806 8496 7833 30
1738 3501 5108 5092 5119 7126 5689 8180 8181 6141 6590 30
1739 3691 5101 3788 5121 7002 7495 5060 7387 6382 7494 30
1740 3755 3788 5101 5164 4984 7495 8224 8081 7496 6892 30
1741 554 590 5113 5138 2933 7535 8327 8497 7538 7539 30
1742 421 5249 810 324 7971 8363 1863 1860 8498 1862 30
1743 623 194 829 5349 1215 1139 1214 6048 8499 5538 30
1744 667 3675 668 888 8075 8207 1231 3203 7219 3204 30
1745 3666 3740 3667 574 4779 4754 4089 6648 6936 6477 30
1746 777 589 773 3577 1726 3114 1335 5872 6965 7260 30
1747 3446 5290 3447 5293 8500 7249 4128 8501 7826 7918 30
1748 5104 5135 3811 5248 7201 8502 7393 7392 8503 7391 30
1749 514 5284 629 5328 8235 7155 2805 8238 7993 8068 30
1750 5359 3684 3424 207 8504 3858 8505 8506 7969 7044 30
1751 313 5293 331 5321 8507 7781 1805 8508 7780 7624 30
1752 3793 3680 3429 607 4048 3849 4049 7808 7809 8470 30
1753 5139 5154 599 5161 5582 8134 8132 8262 8263 8509 30
1754 355 434 929 5121 2007 2018 2017 7476 8028 7410 30
1755 5147 5176 3759 5208 8072 8510 7376 5664 8511 7377 30
1756 261 5099 263 5111 6127 5608 1546 5925 5607 5606 30
1757 5256 5275 3474 5348 7345 8346 8358 7786 7165 8512 30
1758 3507 5124 3506 3504 7156 6098 4426 4427 7738 4425 30
1759 3434 5104 3785 5186 6697 7394 4079 8513 7273 6335 30
1760 622 3781 3569 3669 6392 4710 7096 6170 4755 4753 30
1761 836 871 3667 574 2873 7868 7575 2468 3065 6477 30
1762 820 5164 5100 5302 8514 7227 8515 8516 7229 7230 30
1763 3690 5136 5151 5153 8449 7617 8517 8518 6408 7618 30
1764 5372 5380 3298 5358 8416 8414 8415 8519 8521 8520 30
1765 328 922 296 5340 1722 1721 1713 7167 8522 7589 30
1766 166 85 212 728 7389 1160 7270 6558 1153 1163 30
1767 3702 5151 3485 5191 8523 7015 4321 8524 7310 8339 30
1768 520 5144 5165 5195 8525 6808 8151 8153 7446 8154 30
1769 570 930 3733 894 3051 6484 6485 2704 3052 7406 30
1770 5185 5232 3421 5245 7256 8526 8527 7257 7253 8528 30
1771 3491 5171 5159 5170 8529 8530 8531 8532 8534 8533 30
1772 577 874 902 5133 3076 1872 3013 8158 6395 6396 30
1773 3450 5321 5323 3721 8302 8301 8050 4146 8536 8535 30
1774 72 71 5138 844 93 7696 8197 1078 1077 8186 30
1775 606 394 5279 5312 2214 6962 8537 8538 6963 6785 30
1776 501 448 500 5310 2484 1932 2485 8149 6308 8022 30
1777 640 737 254 5270 1514 1511 1512 7297 6950 8539 30
1778 201 5345 5155 851 8481 6939 7935 1054 8183 8182 30
1779 3661 5296 5271 5331 8276 7021 8275 8540 7540 6300 30
1780 3752 3792 5089 5091 5082 7105 7859 7858 7107 7106 30
1781 5179 564 563 5192 6575 3009 8440 6577 6576 8541 30
1782 347 5151 5153 5175 8318 7618 8319 8542 7306 8543 30
1783 587 458 5301 5324 2461 6990 8544 8545 6600 7365 30
1784 24 23 5380 3298 54 8413 8546 3352 3350 8414 30
1785 167 212 86 5363 7268 1159 7098 7359 7939 7940 30
1786 4 5085 3737 5086 6087 7350 3831 6089 6088 8453 30
1787 3488 5127 3646 5171 8483 7912 4347 8484 6471 7980 30
1788 774 375 804 5204 2120 2109 2121 6810 8548 8547 30
1789 5151 3702 5175 5191 8523 8549 7306 7310 8524 7309 30
1790 372 5115 374 5152 8550 8246 2102 8551 8248 7921 30
1791 5184 5245 3698 5296 6528 8552 8553 6531 6532 8554 30
1792 357 5134 5124 5276 8555 5584 6919 6918 7740 6920 30
1793 883 3674 667 888 7923 8074 1032 3145 7532 3203 30
1794 3618 492 791 746 7437 2706 7670 7615 2584 2707 30
1795 569 3578 3638 3685 6634 4797 6084 7313 4789 4798 30
1796 3685 617 3435 3798 7646 8316 4082 4083 7647 4084 30
1797 5336 465 555 906 6656 2573 7258 6464 2574 2576 30
1798 5098 5097 3804 5178 7264 8556 8557 7242 5958 6853 30
1799 3679 3680 200 3439 4105 8096 7793 4104 3846 7239 30
1800 3530 3529 5277 5284 4532 7990 6509 6077 7989 6511 30
1801 472 5101 5095 5196 6893 6894 6890 8558 8243 6209 30
1802 3496 3697 5109 5111 4376 7112 7725 8559 7114 6167 30
1803 789 3618 791 746 7097 7670 3270 1920 7615 2707 30
1804 5170 5188 3742 5189 7763 8560 8561 7946 7947 8562 30
1805 275 5220 5188 274 8322 8078 8324 1606 8079 8077 30
1806 912 5304 5337 5338 8563 8564 8565 8566 6995 6348 30
1807 622 3667 3668 3669 8178 4090 6171 6170 4752 4017 30
1808 807 726 727 5182 2570 2699 3264 8144 7822 8567 30
1809 241 243 5176 5242 1444 8568 7801 7802 8569 7224 30
1810 395 5204 5139 5347 6925 6878 6682 8570 7833 8571 30
1811 427 550 5092 5219 2380 6898 7076 7075 6897 5690 30
1812 600 3819 3799 3672 7468 5040 7469 8376 5039 5038 30
1813 843 599 939 5154 3136 3133 2482 6163 8134 8135 30
1814 581 893 582 5090 3088 3087 2689 5509 6713 5864 30
1815 3634 5184 5233 5185 8572 8573 8000 7999 7842 6777 30
1816 3757 5143 5115 5152 8574 8247 8575 8576 7922 8248 30
1817 3760 5180 3606 3745 7450 8139 4918 4568 8192 4468 30
1818 5369 5378 118 3770 8372 8369 8371 8577 5796 3863 30
1819 887 5093 744 5155 7216 5920 1173 7217 5804 6910 30
1820 653 652 654 3600 3181 3186 2525 6254 6659 6619 30
1821 303 5295 5278 5329 8578 8579 5550 5551 8580 5416 30
1822 5087 3729 5138 5196 6173 8468 7697 6208 7702 8581 30
1823 599 5139 5161 5347 8132 8262 8509 8582 8571 8583 30
1824 193 649 3423 5352 1017 6923 7328 8337 8585 8584 30
1825 3590 3589 5100 5302 4839 7395 7678 6646 6647 7230 30
1826 820 5100 591 5302 8515 8586 3118 8516 7230 8587 30
1827 623 5255 884 5349 6047 8588 1217 6048 6049 8589 30
1828 5295 5307 3647 5319 7302 8590 8591 7304 7295 8592 30
1829 318 787 320 5313 1833 1832 1831 6895 5741 5977 30
1830 5152 698 5125 879 8388 8387 5407 5889 3238 5888 30
1831 3499 5109 5108 5270 7429 5650 6357 8593 6951 6949 30
1832 3298 5380 24 3280 8414 8546 3352 3355 8594 3353 30
1833 5248 3785 5120 3722 7390 6337 7444 7988 4926 7987 30
1834 3470 5224 5208 5249 7573 6831 7571 8595 7973 7972 30
1835 756 5133 711 5141 6789 7818 1539 7119 7120 7820 30
1836 3478 5206 3654 5216 6992 8596 4297 6993 6679 8597 30
1837 610 644 212 3703 1294 1303 1304 6801 6430 7269 30
1838 575 896 746 5323 3068 1923 2586 6587 8300 7380 30
1839 3764 5251 3458 5278 6025 8598 4186 5414 5762 8599 30
1840 469 585 549 3615 2593 2592 2563 6581 8221 7741 30
1841 3754 5096 3753 5097 5861 6805 4031 5863 5461 6804 30
1842 834 627 5097 5178 2816 5956 7727 7484 5957 5958 30
1843 583 864 5182 5344 3095 8600 7600 7321 8601 6885 30
1844 3298 5368 3280 122 8602 8603 3355 3402 8604 3405 30
1845 347 349 348 5153 1976 1975 1971 8319 6409 6710 30
1846 3675 3733 3428 668 4046 4045 4043 8207 7985 8097 30
1847 5203 281 280 279 6846 1634 6263 6889 1633 1628 30
1848 3628 3759 5147 5176 4953 7376 6958 8114 8510 8072 30
1849 403 5125 786 5288 7400 8269 2259 7401 7397 8268 30
1850 260 711 559 5141 1529 1544 1543 7378 7820 7069 30
1851 3495 5133 5111 5141 7750 6791 7749 8067 7120 7121 30
1852 3753 4 5086 5096 3830 6089 6806 6805 6924 5737 30
1853 5161 5180 3606 5228 8086 8139 8605 8089 6757 8138 30
1854 332 334 315 5253 1818 1817 1815 6358 5842 8104 30
1855 5336 465 906 3583 6656 2574 6464 6466 5829 5933 30
1856 5389 3297 3279 116 8606 3334 8607 8608 3393 3390 30
1857 3491 5171 5170 3489 8529 8534 8532 4349 8610 8609 30
1858 3696 5262 3543 5297 8611 6753 4622 8612 6488 6712 30
1859 886 853 579 5287 2751 3083 3081 8444 8037 7435 30
1860 154 5105 3434 5186 7580 6698 3911 7523 7581 8513 30
1861 5374 15 5353 3279 8613 8614 8615 8616 3330 8617 30
1862 3618 3603 3733 492 4907 4904 4908 7437 6887 7405 30
1863 5196 3755 5095 3729 8241 8080 6209 7702 4028 6174 30
1864 560 5157 5140 5179 7926 7836 8025 8618 6093 6578 30
1865 233 230 5228 5235 1389 7869 6863 7504 7872 7506 30
1866 904 732 580 5255 1270 3085 3079 7637 8126 8107 30
1867 559 558 260 5240 1542 1541 1543 7072 8619 7379 30
1868 5098 5099 3588 5131 5875 7427 8267 6362 6363 7428 30
1869 3499 5108 3500 5270 6357 7146 4395 8593 6949 8620 30
1870 3820 214 3682 3683 7089 6945 5050 5051 6834 4025 30
1871 335 330 683 5088 1791 1891 1890 6030 5814 7280 30
1872 3696 3695 3543 5262 4621 4535 4622 8611 5728 6753 30
1873 920 764 651 3664 2870 3185 1288 7745 6845 7238 30
1874 77 189 5199 5201 1106 7884 8621 8622 7383 7567 30
1875 3689 5288 3591 5107 8490 8623 4443 8624 6537 7765 30
1876 5166 5190 615 5200 8625 8626 7588 8627 8629 8628 30
1877 3650 5255 5197 5287 8630 7431 8631 8632 7436 7434 30
1878 257 256 255 5137 1515 1503 1516 7582 8633 7631 30
1879 3498 3496 5109 5137 4385 7725 8634 8168 7724 7583 30
1880 311 5266 5307 5268 8635 8432 8636 8637 8639 8638 30
1881 641 352 354 5101 2002 2000 2003 7117 6383 6730 30
1882 566 5179 563 5192 8333 8440 3016 6630 6577 8541 30
1883 756 711 259 5141 1539 1528 1537 7119 7820 7194 30
1884 549 585 3793 3615 2592 8290 7824 7741 8221 4959 30
1885 157 5123 3418 5162 8640 8641 3923 7671 5963 8642 30
1886 520 5144 774 5165 8525 6809 2146 8151 6808 6807 30
1887 66 209 5344 5345 947 6703 8643 8644 6795 6796 30
1888 3685 192 921 3684 8314 1206 7778 4081 8366 8367 30
1889 257 256 5137 5141 1515 8633 7582 7275 8645 7584 30
1890 3507 3689 5107 5118 4428 8624 6570 7157 8063 5565 30
1891 154 3731 153 5087 3908 3907 170 7522 7065 5867 30
1892 551 5131 418 5302 8646 6361 2334 8647 7182 7181 30
1893 867 3798 3770 617 8648 4085 7709 993 7647 8649 30
1894 3571 5301 3574 5324 8463 6989 4728 8464 7365 6601 30
1895 932 5135 5104 5248 8650 7201 8651 8652 8503 7392 30
1896 22 23 3298 5372 53 3350 3349 8653 8417 8415 30
1897 5105 5149 72 5231 6700 8654 8198 8308 8655 8278 30
1898 3534 3535 5286 5300 4539 8219 6815 6929 8656 6930 30
1899 75 5142 5123 5227 6822 6839 6838 8657 8659 8658 30
1900 5353 5374 3279 5389 8615 8616 8617 8660 8661 8607 30
1901 3615 585 3793 3734 8221 8290 4959 4958 8223 4052 30
1902 697 825 526 5347 2864 2863 2844 7805 8662 7807 30
1903 5165 5180 3513 5347 7852 8663 8494 7806 7853 8496 30
1904 5248 3785 3722 3811 7390 4926 7988 7391 4080 5066 30
1905 3418 5112 3776 5162 8664 6540 3993 8642 6539 6538 30
1906 3459 5241 5238 5278 8665 6969 8666 8667 7910 7911 30
1907 154 5105 5087 5138 7580 7579 7522 8469 7861 7697 30
1908 642 592 595 5181 1868 2599 1653 5691 8668 6554 30
1909 621 5164 820 5302 8669 8514 2775 8670 7229 8516 30
1910 3591 3768 5125 5288 4854 8446 8419 8623 8447 7397 30
1911 297 755 589 3548 1724 1723 1725 8410 7424 6964 30
1912 904 580 5214 5255 3079 8106 7634 7637 8107 7608 30
1913 3754 3425 3753 5096 4030 3903 4031 5861 6456 6805 30
1914 5353 207 666 3684 8671 984 8672 8673 7969 7970 30
1915 3418 5123 5112 5162 8641 7901 8664 8642 5963 6539 30
1916 393 5234 392 5264 8674 5595 2197 8675 8110 8676 30
1917 480 5120 5093 5106 8677 6339 8678 8679 5540 5878 30
1918 489 5125 786 486 7734 8269 2681 2679 7862 2678 30
1919 935 620 3686 633 3056 7795 7420 3161 1023 8326 30
1920 815 5166 187 5227 7960 7474 1177 8163 6654 8680 30
1921 3529 5284 3525 5328 7989 8681 4526 7992 7993 8682 30
1922 5371 639 5354 3436 8683 8684 8685 8686 6523 8687 30
1923 5331 5334 3773 5335 6720 6365 6719 8688 6275 8689 30
1924 674 5222 5221 5226 8690 8691 8692 8693 8695 8694 30
1925 544 898 868 5162 2940 2941 2939 7491 7492 8696 30
1926 5379 17 16 3297 8697 47 8698 8699 3335 3333 30
1927 3736 5085 3767 5090 7524 7744 5078 7961 5769 7743 30
1928 554 5138 5113 5196 8497 7539 8327 8357 8581 8298 30
1929 155 5138 5231 5105 8700 8279 8701 6793 7861 8308 30
1930 5374 5361 5379 3297 8702 8703 8704 8705 8706 8699 30
1931 346 5153 5172 5175 8707 8708 8709 8710 8543 5824 30
1932 595 592 470 5181 2599 2598 2600 6554 8668 7792 30
1933 3545 3737 3736 5085 4634 4633 4413 6461 7350 7524 30
1934 740 828 434 5127 2413 2412 2009 7789 7652 7603 30
1935 3738 3767 5089 5090 5079 7742 7368 6927 7743 5508 30
1936 5280 5288 5107 3591 7396 6537 6571 7766 8623 7765 30
1937 5219 428 426 5085 6955 2372 6997 6462 5770 7732 30
1938 793 5177 5158 5195 7123 6673 7122 8711 7347 7447 30
1939 3793 607 799 585 7808 972 7932 8290 2958 3101 30
1940 3742 5189 5188 5220 8562 7947 8560 8712 7137 8078 30
1941 821 5225 631 5294 8256 8713 2721 8257 5941 8714 30
1942 186 5093 938 5186 5778 8715 1175 8716 6340 8717 30
1943 5364 3428 3686 633 6740 3888 8718 6741 6742 8326 30
1944 5097 5100 3621 5164 7226 8384 8383 5499 7227 8427 30
1945 376 5126 374 5143 8719 7920 2112 6755 5913 7919 30
1946 355 929 820 5164 2017 2019 2016 7029 7411 8514 30
1947 553 472 5095 5196 2607 6890 6418 6417 8558 6209 30
1948 187 5166 5142 5227 7474 7719 7718 8680 6654 8659 30
1949 444 836 3740 574 2045 6833 6934 2466 2468 6936 30
1950 3577 3685 921 3683 4790 7778 7779 4791 4792 8029 30
1951 650 653 818 3806 3180 3182 1213 6517 6763 7645 30
1952 929 5100 820 5164 7412 8515 2019 7411 7227 8514 30
1953 218 5277 5339 245 8046 6620 8047 1321 5530 6414 30
1954 3478 3649 3654 5206 4298 4300 4297 6992 6256 8596 30
1955 75 5123 74 5227 6838 8720 96 8657 8658 8721 30
1956 414 451 5128 5248 2312 8722 7711 7713 8723 7715 30
1957 190 5201 78 77 8724 8725 1111 1112 8622 99 30
1958 415 5298 448 5342 8726 6059 1930 8727 6064 6062 30
1959 475 5128 451 5248 8064 8722 2502 7443 7715 8723 30
1960 5304 5316 912 5337 5767 8728 8563 8564 6071 8565 30
1961 5271 164 163 3427 5748 180 6068 6299 3968 3967 30
1962 3705 5255 3441 5349 8729 6046 3963 8730 6049 5539 30
1963 3734 5355 799 3429 8731 8732 7934 4050 8733 7933 30
1964 516 335 683 5178 1918 1890 1919 8734 7241 7281 30
1965 547 496 497 5346 2722 2451 2723 6056 5447 5448 30
1966 328 5275 295 5348 7164 7783 1714 7166 7165 7785 30
1967 5385 3295 5370 5391 8283 8735 8400 8286 8287 8399 30
1968 719 5205 5226 5191 8736 8737 8738 8739 8741 8740 30
1969 3608 3595 5116 5261 4865 7598 6176 8742 8743 5715 30
1970 5088 5098 3804 5178 5873 8557 6852 6666 7242 6853 30
1971 5233 5234 3582 5274 7499 8744 8745 7502 5907 8746 30
1972 5087 5138 199 5196 7697 7698 7694 6208 8581 8747 30
1973 3634 5184 5185 3816 8572 7842 7999 4010 8749 8748 30
1974 3657 3798 3770 867 5014 4085 4016 7710 8648 7709 30
1975 363 5124 357 5134 5720 6919 2020 5721 5584 8555 30
1976 3689 3591 5288 3768 4443 8623 8490 4626 4854 8447 30
1977 5085 5219 5088 5322 6462 6463 6460 7733 6999 6665 30
1978 3490 5132 5159 5171 8750 6610 8751 8752 6472 8530 30
1979 5086 5182 872 5344 6091 8455 8454 6704 6885 8753 30
1980 241 5148 708 5167 7800 6231 1427 7873 6147 6232 30
1981 5165 5195 3515 5198 8154 8754 8755 8166 7144 8756 30
1982 5196 3755 3729 3730 8241 4028 7702 8242 5077 4095 30
1983 3715 3523 5244 5265 4513 6782 8757 8758 7207 7206 30
1984 5089 5085 3767 4 7077 7744 7742 6883 6087 3833 30
1985 5304 912 624 5338 8563 3164 8759 6995 8566 8760 30
1986 362 330 361 5088 1892 1730 1893 7188 5814 5975 30
1987 3688 5162 3783 5172 5820 7914 5054 5821 5430 7915 30
1988 247 5134 250 5145 8761 8015 1476 8762 7850 8763 30
1989 600 848 782 3672 2874 1302 1255 8376 7455 7456 30
1990 3507 5280 3531 5114 6568 6389 4440 6569 6390 6388 30
1991 3493 3589 5131 5132 4372 7323 8764 8395 8492 8491 30
1992 435 351 5122 5223 1995 8765 8288 7889 8766 8289 30
1993 3642 5140 3576 5157 8767 7834 4784 7845 7836 7835 30
1994 3495 5130 3492 3494 7748 8404 4366 4367 6900 4364 30
1995 3477 5321 3758 5332 8119 6305 4294 8121 7467 7465 30
1996 5350 3282 17 5379 8768 3336 8769 8770 8771 8697 30
1997 757 5337 448 5338 8772 6259 2486 8773 6348 5989 30
1998 3661 5271 3427 5331 8275 6299 3970 8540 6300 5722 30
1999 335 5178 419 5098 7241 7375 1916 6031 7242 7374 30
2000 520 380 5144 5195 2145 8143 8525 8153 8245 7446 30
2001 3432 5199 159 158 7563 8113 3935 3936 8774 175 30
2002 245 672 5308 5315 1463 8035 5529 6311 8036 6313 30
2003 5309 5319 329 5329 8380 8775 8776 8777 8779 8778 30
2004 433 5224 5194 5225 8780 6830 8781 8782 8783 5936 30
2005 621 5097 5164 5302 8784 5499 8669 8670 7228 7229 30
2006 772 5265 394 5312 8785 7311 2212 8786 7208 6963 30
2007 3467 5224 5249 5282 8787 7973 8788 8789 8204 8344 30
2008 3690 5122 5136 5153 8448 6372 8449 8518 6407 6408 30
2009 514 5312 5283 5328 8790 8791 8236 8238 8792 8237 30
2010 3531 3591 5152 5280 4441 8418 8793 6389 7766 8389 30
2011 3594 5102 3747 5106 7612 7150 4860 6943 6155 7125 30
2012 520 521 519 5195 2827 2826 2144 8153 7142 7787 30
2013 5369 3282 5350 5379 8370 8768 8794 8795 8771 8770 30
2014 3485 5151 3487 5181 7015 8796 4330 7016 6954 8797 30
2015 270 5170 5159 5171 8798 8533 8799 8800 8534 8530 30
2016 5125 403 698 5280 7400 2096 8387 7398 7399 8390 30
2017 797 5129 5170 5183 8801 8802 8803 8804 7261 7760 30
2018 5117 3503 5134 5276 7561 7848 7847 6370 7562 7740 30
2019 483 484 5102 5272 2658 8272 6269 8136 8273 7103 30
2020 347 5153 346 5175 8319 8707 1965 8542 8543 8710 30
2021 3798 3657 586 867 5014 7917 8386 8648 7710 3103 30
2022 573 5254 5238 5263 8805 8806 8807 8808 8810 8809 30
2023 804 697 774 5204 3237 2834 2121 8547 7676 6810 30
2024 335 419 5178 516 1916 7375 7241 1918 1917 8734 30
2025 3535 5308 5341 3719 8218 7516 8220 4583 8374 8375 30
2026 3750 5158 3812 5299 8811 7045 4545 8812 7050 7048 30
2027 3453 5259 5211 5258 8813 5756 6346 6345 8252 6347 30
2028 3731 3434 3785 5186 3915 4079 4078 6734 8513 6335 30
2029 910 5200 5185 5232 8814 6976 8815 8816 8817 7256 30
2030 3493 5159 5130 3492 8394 7140 8396 4356 8818 8404 30
2031 399 5156 685 5299 8819 5997 2239 8820 8131 8130 30
2032 5212 5213 240 5282 7655 8821 8822 8203 8824 8823 30
2033 5266 5307 3800 5294 8432 8825 8264 7816 8431 8265 30
2034 5209 5238 573 5254 6633 8807 8826 6251 8806 8805 30
2035 5379 3282 17 3297 8771 3336 8697 8699 3338 3335 30
2036 494 934 901 5090 2715 2717 2512 6751 6638 6706 30
2037 551 418 461 5302 2334 2332 2335 8647 7181 8827 30
2038 361 425 362 5219 2048 2047 1893 7381 8828 6996 30
2039 815 187 712 5227 1177 1103 1178 8163 8680 8829 30
2040 5185 5200 3769 5232 6976 8830 8831 7256 8817 8832 30
2041 3639 3474 5275 5348 4275 8346 8039 8040 8512 7165 30
2042 5101 5113 3730 5196 6500 8833 8244 8243 8298 8242 30
2043 262 756 259 5111 1538 1537 1535 5992 6790 7193 30
2044 3704 211 3671 3795 8105 7788 5035 3990 8240 3898 30
2045 854 5246 556 5262 6045 8834 2986 5858 6000 8835 30
2046 3691 3546 3690 5136 4638 4341 4639 7507 8118 8449 30
2047 612 611 497 5346 2728 2727 2729 5632 7340 5448 30
2048 828 5127 740 5136 7652 7789 2413 7653 7649 7196 30
2049 433 421 5194 5224 2349 6828 8781 8780 6829 6830 30
2050 5174 401 411 546 7287 2248 7840 8836 2250 2249 30
2051 414 5150 450 5248 8019 8837 2307 7713 8020 8838 30
2052 375 5143 373 5204 8839 8840 2108 8548 7550 8841 30
2053 393 392 391 5264 2197 2190 2198 8675 8676 8842 30
2054 3459 5251 5241 5278 8843 7962 8665 8667 5762 7910 30
2055 374 376 384 5126 2112 2115 2114 7920 8719 7012 30
2056 3793 607 585 549 7808 2958 8290 7824 2957 2592 30
2057 3733 3686 3428 930 4047 3888 4045 6484 6708 7995 30
2058 303 301 302 5252 1745 1738 1746 7681 8070 8411 30
2059 457 5173 837 5285 8844 8055 2299 8845 8056 8057 30
2060 5289 5291 715 5314 8846 8847 8848 8849 8851 8850 30
2061 803 5256 5259 5323 8852 8853 7007 7005 8854 7008 30
2062 480 5120 5106 476 8677 5540 8679 2630 5686 5687 30
2063 3685 192 617 909 8314 990 7646 8167 1205 1204 30
2064 783 5221 5191 5226 8855 8856 8857 8858 8694 8740 30
2065 3722 3608 5120 5128 4925 6178 7987 7986 8859 6018 30
2066 5177 5198 832 5207 7349 7145 7348 5451 8861 8860 30
2067 293 313 5321 5293 1703 8508 8004 8005 8507 7780 30
2068 358 301 303 5318 1747 1745 1748 5759 8069 5549 30
2069 5379 117 5369 3282 8862 8863 8795 8771 3395 8370 30
2070 346 5172 359 5175 8709 6028 1963 8710 5824 6029 30
2071 808 5167 236 5250 8864 6146 1420 8865 7489 7586 30
2072 272 274 5188 5189 1601 8077 7943 7945 8076 7947 30
2073 847 5104 932 5135 6626 8651 3219 7202 7201 8650 30
2074 646 5228 5161 5250 7865 8089 8457 7866 6867 8460 30
2075 5193 5228 3709 5235 6862 8408 8866 7505 7506 8407 30
2076 3513 5180 5165 5327 8663 7852 8494 8867 7660 8868 30
2077 658 359 659 5172 1964 2038 2037 5825 6028 5429 30
2078 3646 5132 5127 5343 7979 6468 7912 7605 8493 7172 30
2079 3694 3811 5135 5248 5065 8502 8869 8870 7391 8503 30
2080 3633 5200 5185 5229 8871 6976 8872 8873 6980 6774 30
2081 5371 3667 3668 871 8874 4090 6516 8875 7868 7927 30
2082 427 823 550 5219 2369 2381 2380 7075 6229 6897 30
2083 3441 5271 162 5349 5534 8876 3960 5539 5537 8877 30
2084 447 858 369 5114 2091 2090 2079 5521 5967 6112 30
2085 3612 5128 3722 5248 8474 7986 4933 8878 7715 7988 30
2086 3592 5126 3757 5152 7213 8879 4564 5766 6228 8576 30
2087 693 385 366 5118 2076 2068 2074 6183 6497 5546 30
2088 3623 5190 5174 5285 8880 8160 8881 8882 8162 8058 30
2089 602 569 909 3685 3045 3047 3046 7314 7313 8167 30
2090 348 5223 5153 5122 8883 8884 6710 6342 8289 6407 30
2091 599 616 5139 5347 2908 8885 8132 8582 8886 8571 30
2092 3661 3698 5245 5296 3964 8552 8274 8276 8554 6532 30
2093 345 5151 347 5175 7305 8318 1966 7307 7306 8542 30
2094 527 920 605 3666 2867 1285 2868 6871 7747 6820 30
2095 5165 5180 526 5327 7852 7851 7804 8868 7660 8887 30
2096 352 641 435 5113 2002 2004 1996 6501 7118 7886 30
2097 583 5311 771 5344 7320 8888 3093 7321 7322 8889 30
2098 3443 5298 3479 5342 6060 6724 4119 6063 6064 6725 30
2099 3738 3768 3544 5094 4630 4627 4628 6926 7692 7033 30
2100 3496 5111 5109 5141 8559 6167 7725 7726 7121 7276 30
2101 867 586 3798 617 3103 8386 8648 993 3104 7647 30
2102 628 514 5283 5284 2803 8236 8890 8891 8235 5731 30
2103 310 298 330 5099 1558 1729 1728 6082 6023 5816 30
2104 3282 5378 5369 5350 8368 8372 8370 8768 8892 8794 30
2105 3502 3500 3501 5119 4404 4399 4405 7078 6572 8181 30
2106 247 250 248 5145 1476 1475 1471 8762 8763 8356 30
2107 5148 5193 3619 5215 6150 7404 7403 7797 7798 8893 30
2108 683 5178 5088 5322 7281 6666 7280 8894 6667 6665 30
2109 5137 5141 256 5240 7584 8645 8633 8895 7074 8896 30
2110 548 604 508 5096 2777 2776 2771 6436 7422 5456 30
2111 922 300 296 5340 1720 1719 1721 8522 8437 7589 30
2112 848 600 3799 3672 2874 7469 6729 7455 8376 5038 30
2113 3448 5293 5260 5321 8897 8007 8898 8899 7780 8006 30
2114 643 5220 5168 5221 8900 7135 8901 8902 6905 8903 30
2115 3475 3482 5211 5221 4282 7236 8904 8905 7237 6906 30
2116 158 3774 5142 5199 3932 8906 8907 8774 8908 8044 30
2117 314 5293 5298 5332 8909 8910 8911 8912 7782 6293 30
2118 3623 5174 5173 5285 8881 7839 8913 8882 8058 8056 30
2119 797 5170 271 5183 8803 8259 1588 8804 7760 8260 30
2120 614 5200 5190 5229 8914 8629 8915 8916 6980 8917 30
2121 304 329 5319 5329 1752 8775 8918 8919 8778 8779 30
2122 3709 5228 3761 5273 8408 7666 5074 8409 6975 6433 30
2123 3770 3798 3435 617 4085 4084 3864 8649 7647 8316 30
2124 781 241 708 5167 1446 1427 1447 8476 7873 6232 30
2125 3525 5284 5283 5328 8681 5731 8920 8682 7993 8237 30
2126 3690 5136 3487 5151 8449 8921 4342 8517 7617 8796 30
2127 893 901 582 5090 2513 3092 3087 6713 6706 5864 30
2128 701 729 703 5331 1145 3240 3239 5724 7354 8129 30
2129 3593 3768 5110 5125 4853 7693 7556 7554 8446 7555 30
2130 5195 832 793 5177 7141 2243 8711 7347 7348 7123 30
2131 627 548 834 5097 2954 2955 2816 5956 6437 7727 30
2132 494 452 745 5092 2505 2507 2506 6750 6223 7716 30
2133 5097 5086 3753 3804 6637 6806 6804 8556 6854 3837 30
2134 3609 3608 5128 5261 4870 8859 8473 8922 8742 6019 30
2135 5129 3782 3596 5183 8923 4874 8924 7261 6315 8925 30
2136 186 938 750 5186 1175 1174 1073 8716 8717 7930 30
2137 252 725 249 5137 1488 1487 1485 7527 8421 5420 30
2138 3441 5255 3653 5310 6046 8926 4112 5896 6078 8927 30
2139 621 5097 507 5164 8784 5498 2774 8669 5499 5497 30
2140 190 5201 77 5199 8724 8622 1112 8928 7567 8621 30
2141 474 475 5120 5128 2501 7441 5802 6017 8064 6018 30
2142 154 3434 3731 5186 3911 3915 3908 7523 8513 6734 30
2143 3505 3503 3504 5134 4419 4414 4420 6179 7848 7737 30
2144 719 5205 5191 343 8736 8741 8739 1909 8930 8929 30
2145 3648 3650 5197 5287 5017 8631 7880 7881 8632 7434 30
2146 3491 5171 3489 3490 8529 8610 4349 4350 8752 4344 30
2147 5174 5163 3623 5173 7285 8931 8881 7839 8932 8913 30
2148 3646 3589 5132 5343 4373 8492 7979 7605 7324 8493 30
2149 687 685 5146 5299 2241 5996 8933 8934 8130 7061 30
2150 739 535 849 5160 2854 2903 2905 8428 7247 6759 30
2151 250 669 248 5117 1483 1482 1475 8016 6880 8355 30
2152 858 5114 447 5139 5967 5521 2091 5968 5522 5523 30
2153 72 5105 198 5149 8198 6781 1082 8654 6700 6780 30
2154 3644 3597 3789 5192 4877 4880 4879 8442 8108 5945 30
2155 3769 5199 159 5201 8935 8113 3943 8936 7567 8112 30
2156 3494 5099 3697 5111 6899 7388 4377 7197 5607 7114 30
2157 314 5293 5290 5298 8909 7826 8937 8911 8910 6689 30
2158 805 5130 5131 5132 8938 6902 8939 8940 7138 8491 30
2159 3709 5193 3726 5228 8866 8156 4665 8408 6862 8155 30
2160 617 586 3798 891 3104 8386 7647 3105 2896 7648 30
2161 726 426 5085 5322 2374 7732 7821 8147 6998 7733 30
2162 3769 5199 5201 5232 8935 7567 8936 8832 8942 8941 30
2163 3509 5139 3512 5161 7082 8943 4449 8261 8262 8944 30
2164 3716 3527 5158 5177 4495 8945 8281 8280 8946 6673 30
2165 3632 5233 3582 5274 8091 8745 4813 8092 7502 8746 30
2166 854 5262 634 5297 5858 8947 1417 6487 6488 8948 30
2167 3463 5294 5194 3464 6595 5939 6248 4214 5940 5938 30
2168 4 5084 3752 5089 7009 7619 3827 6883 7010 7859 30
2169 3512 5161 5139 5347 8944 8262 8943 8949 8583 8571 30
2170 3437 5113 5138 5196 8950 7539 8951 8952 8298 8581 30
2171 595 283 642 5168 1654 1614 1653 6553 8953 5693 30
2172 581 583 903 5089 2694 3090 3089 5507 7319 7594 30
2173 3434 5105 5104 5186 6698 6699 6697 8513 7581 7273 30
2174 3711 5275 5252 5340 8954 8433 8955 8956 7168 8436 30
2175 933 5168 784 5191 8957 7983 2581 8958 7984 7482 30
2176 825 697 5204 5347 2864 7676 8959 8662 7805 7833 30
2177 5286 5300 3535 5341 6930 8656 8219 7686 6526 8220 30
2178 238 5215 5148 5282 8451 7797 8450 8960 8962 8961 30
2179 348 5223 5122 351 8883 8289 6342 1982 8766 8765 30
2180 285 289 290 5258 1658 1664 1663 8195 8027 7341 30
2181 3507 5124 3504 5118 7156 7738 4427 7157 5670 7968 30
2182 3716 3528 5177 5187 4505 6309 8280 8282 7315 6290 30
2183 5286 5312 511 5328 8963 8964 8965 8966 8792 8967 30
2184 654 5309 655 5340 6284 8968 2529 6286 6287 8969 30
2185 346 5153 758 5172 8707 8970 1972 8709 8708 8971 30
2186 805 277 266 5132 1574 1573 1562 8940 6608 6607 30
2187 5122 5153 3690 5223 6407 8518 8448 8289 8884 8972 30
2188 264 805 5130 5131 1563 8938 6072 8973 8939 6902 30
2189 373 5143 5115 5204 8840 8247 8974 8841 7550 6875 30
2190 805 266 5130 5132 1562 7139 8938 8940 6607 7138 30
2191 3748 5213 3536 5320 7656 8975 4247 7644 7657 8976 30
2192 3472 5294 3464 5225 7812 5940 4225 7813 5941 5937 30
2193 3491 5171 3490 5159 8529 8752 4350 8531 8530 8751 30
2194 3691 3730 3788 5101 5059 5061 5060 7002 8244 7495 30
2195 5140 5157 3642 5179 7836 7845 8767 6578 6093 7843 30
2196 415 778 5298 5342 1928 6317 8726 8727 6375 6064 30
2197 3481 5191 5221 5226 8977 8856 8978 8979 8740 8694 30
2198 5379 117 3282 3297 8862 3395 8771 8699 3392 3338 30
2199 387 5187 713 5217 6504 5712 2179 6329 6118 5904 30
2200 3575 3647 5307 5319 4760 8590 8311 8313 8592 7295 30
2201 796 5264 5244 5265 8980 8111 8981 8982 8983 7206 30
2202 702 5334 5331 5335 6746 6720 6745 8984 6275 8688 30
2203 762 912 5304 5316 1266 8563 8985 8986 8728 5767 30
2204 5241 926 5192 565 5484 7997 5519 8987 3019 6732 30
2205 277 637 268 5171 1584 1583 1572 8331 8332 8988 30
2206 5343 638 5132 5127 8989 6467 8493 7172 6469 6468 30
2207 279 281 664 5203 1633 1636 1635 6889 6846 6065 30
2208 251 249 248 5117 1480 1473 1481 7407 5418 8355 30
2209 483 484 482 5102 2658 2657 2652 6269 8272 6154 30
2210 488 485 490 5272 2673 2675 2674 6605 8211 6825 30
2211 294 5292 673 5293 8990 7094 1711 8991 7827 7825 30
2212 196 729 5296 730 1140 7283 7020 1226 1228 8992 30
2213 3744 5129 3491 5159 6210 8993 4359 8124 6655 8531 30
2214 3743 5121 5100 5127 8205 7413 7174 7173 7790 7175 30
2215 493 5118 5119 5276 7231 7234 7233 8994 6917 6371 30
2216 242 5148 241 5176 8995 7800 1436 8996 7221 7801 30
2217 543 718 737 5103 2051 1534 2935 5678 5922 5647 30
2218 3796 3 109 5363 3821 130 3822 7358 7543 8997 30
2219 721 71 750 5105 1076 1071 1080 7356 7860 7928 30
2220 410 5233 5234 5289 7500 7499 7498 8998 9000 8999 30
2221 3811 5104 3714 5135 7393 7942 4077 8502 7201 8291 30
2222 675 5211 280 5221 9001 6280 1641 9002 6906 6904 30
2223 327 5117 5108 5270 6143 6144 6142 9003 5980 6949 30
2224 3467 5212 5224 5282 9004 8200 8787 8789 8203 8204 30
2225 3804 5088 3763 5098 6852 7131 4850 8557 5873 7438 30
2226 905 750 5105 721 3260 7928 7352 3259 1080 7356 30
2227 710 898 881 5162 3254 1186 3253 9005 7492 5962 30
2228 779 5207 5198 5218 9006 8861 9007 9008 9010 9009 30
2229 903 5089 583 5182 7594 7319 3090 7595 6716 7600 30
2230 3493 5159 3492 3490 8394 8818 4356 4357 8751 4355 30
2231 3587 5203 3699 5220 9011 6860 4318 9012 6267 7177 30
2232 759 5113 641 5101 8295 7118 2611 8296 6500 7117 30
2233 69 900 68 5083 1058 1057 90 6196 6754 6907 30
2234 3757 5126 5143 5152 8879 5913 8574 8576 6228 7922 30
2235 5356 3295 31 5391 9013 3369 8214 8212 8287 8213 30
2236 5236 3642 5179 3476 7844 7843 6097 6355 4285 7116 30
2237 382 5163 5299 5158 9014 9015 9016 9017 7191 7050 30
2238 873 5129 797 5183 6932 8801 3275 7262 7261 8804 30
2239 226 838 5273 5297 1371 6109 9018 9019 6548 6549 30
2240 5240 826 725 5147 7477 2990 9020 7478 5665 8422 30
2241 3632 5229 3634 5233 8090 7998 4815 8091 6779 8000 30
2242 190 5201 5199 5232 8724 7567 8928 9021 8941 8942 30
2243 3683 3685 921 3684 4792 7778 8029 4027 4081 8367 30
2244 5378 119 118 3422 9022 140 8369 5837 3866 3865 30
2245 253 611 827 5346 1507 1508 1377 5400 7340 6204 30
2246 515 5283 514 5312 9023 8236 2799 9024 8791 8790 30
2247 366 368 693 5107 2072 2075 2074 6203 6707 6536 30
2248 3650 5214 5197 5255 9025 7606 8631 8630 7608 7431 30
2249 272 273 271 5170 1596 1595 1590 7944 7761 8259 30
2250 5116 5126 689 5261 6227 6971 6970 5715 9027 9026 30
2251 3751 3655 3688 5210 5026 5025 5027 6352 7509 5822 30
2252 801 195 799 3734 1222 975 1223 6736 7318 7934 30
2253 705 733 870 5232 1128 3249 3248 8003 9028 7254 30
2254 3708 3511 5235 5257 4462 7151 9029 9030 6870 6221 30
2255 3451 3475 5211 5222 4161 8904 6480 5882 9031 5753 30
2256 658 341 344 5205 1947 1945 1948 6767 7160 6915 30
2257 5161 5228 3606 5250 8089 8138 8605 8460 6867 9032 30
2258 361 298 718 5103 1731 1549 1732 5976 6024 5922 30
2259 5343 638 5127 925 8989 6469 7172 9033 3173 8452 30
2260 5290 5293 3446 5298 7826 8501 8500 6689 8910 9034 30
2261 232 838 936 5160 1382 1401 1400 6973 6108 9035 30
2262 605 920 208 3663 1285 1284 1011 8445 8258 8148 30
2263 5280 5288 3591 5125 7396 8623 7766 7398 7397 8419 30
2264 3757 5115 3531 5152 8575 6387 4563 8576 8248 8793 30
2265 756 577 711 5133 3075 3000 1539 6789 8158 7818 30
2266 3439 5357 5360 200 7370 7510 7416 7239 9037 9036 30
2267 797 5129 269 5170 8801 9038 1587 8803 8802 9039 30
2268 327 5119 875 5108 6140 8489 1876 6142 6141 7485 30
2269 848 738 211 3704 1299 1301 1300 7291 7282 8105 30
2270 452 494 453 5090 2505 2504 2383 6222 6751 6956 30
2271 3453 5259 5258 3452 8813 8252 6345 4158 9041 9040 30
2272 664 5258 285 5305 6066 8195 1647 6067 5855 8196 30
2273 3716 3527 3797 5158 4495 4542 4541 8281 8945 6797 30
2274 335 418 310 5098 1793 1792 1790 6031 6360 6081 30
2275 3473 5278 5295 5329 6448 8579 9042 6449 5416 8580 30
2276 414 5128 473 5156 7711 6039 2314 7712 6038 6037 30
2277 3527 5158 5177 5195 8945 6673 8946 9043 7447 7347 30
2278 311 5266 5268 635 8635 8639 8637 1795 9045 9044 30
2279 5121 5127 3546 5136 7790 9046 8117 6858 7649 8118 30
2280 399 5163 5156 5299 9047 9048 8819 8820 9015 8131 30
2281 73 72 5149 5231 94 8654 9049 9050 8278 8655 30
2282 3605 5154 3509 5161 9051 7083 4451 9052 8263 8261 30
2283 3498 3497 3496 5137 4384 4380 4385 8168 8320 7724 30
2284 5360 3439 200 3680 7416 7239 9036 9053 3846 8096 30
2285 847 760 932 5104 1238 3229 3219 6626 6627 8651 30
2286 3643 3759 5147 3807 4255 7376 7055 4825 5004 7775 30
2287 3591 5125 3592 5152 8419 6058 4562 8418 5407 5766 30
2288 932 679 5135 5248 3218 9054 8650 8652 9055 8503 30
2289 877 5138 554 5196 9056 8497 2977 9057 8581 8357 30
2290 3502 5118 3504 5276 7577 7968 4415 7079 6917 7739 30
2291 887 717 503 5155 2756 2755 2752 7217 9058 6332 30
2292 768 5300 408 5341 5614 9059 2278 5932 6526 9060 30
2293 5146 5156 3611 5299 5998 7664 7662 7061 8131 9061 30
2294 3592 3595 3757 5126 4857 4859 4564 7213 7599 8879 30
2295 620 3670 3604 3686 9062 4909 7794 7795 3885 4910 30
2296 348 5223 351 758 8883 8766 1982 1973 9063 1984 30
2297 417 5300 5286 5341 7611 6930 9064 9065 6526 7686 30
2298 293 5321 313 876 8004 8508 1703 1705 9066 1706 30
2299 898 5123 881 5162 7902 5964 1186 7492 5963 5962 30
2300 3459 5251 5278 3458 8843 5762 8667 4188 8598 8599 30
2301 73 5123 188 5231 9067 7949 1087 9050 8100 8098 30
2302 3624 5174 5163 3623 7689 7285 7691 4951 8881 8931 30
2303 374 5115 373 5143 8246 8974 2103 7919 8247 8840 30
2304 766 5185 423 5233 9068 6776 2357 9069 6777 6778 30
2305 5097 5086 3804 5178 6637 6854 8556 5958 5739 6853 30
2306 238 234 237 5215 1410 1408 1411 8451 8472 7796 30
2307 5356 609 883 202 6686 1258 8215 9070 1257 1035 30
2308 3506 5114 3508 5139 6099 7034 4434 6100 5522 7440 30
2309 118 5378 3422 3770 8369 5837 3865 3863 5796 3867 30
2310 861 844 72 5231 1086 1078 1083 9071 8277 8278 30
2311 329 5309 819 5319 8776 9072 1764 8775 8380 7362 30
2312 5264 5281 397 5289 9073 9074 9075 9076 9078 9077 30
2313 5234 5264 393 5289 8110 8675 8674 8999 9076 9079 30
2314 3715 5244 5264 5265 8757 8111 9080 8758 7206 8983 30
2315 3437 3730 5113 5196 4094 8833 8950 8952 8242 8298 30
2316 522 5165 526 5327 9081 7804 2843 9082 8868 8887 30
2317 275 5202 5188 5203 9083 9084 8324 8323 9085 8325 30
2318 5104 743 475 5120 7271 2623 7442 7272 7037 7441 30
2319 3507 3504 3689 5118 4427 4416 4428 7157 7968 8063 30
2320 716 503 717 5155 2656 2755 2754 6544 6332 9058 30
2321 3628 3759 3807 5147 4953 5004 5003 6958 7376 7775 30
2322 489 5125 486 5110 7734 7862 2679 7735 7555 7863 30
2323 5197 5206 340 5317 5747 8032 9086 9087 8033 7755 30
2324 613 5200 614 5229 7209 8914 2605 7210 6980 8916 30
2325 3475 5221 5211 5222 8905 6906 8904 9031 8691 5753 30
2326 3750 3812 3631 5299 4545 4479 4942 8812 7048 7688 30
2327 3498 3499 3500 5270 4386 4395 4394 8169 8593 8620 30
2328 878 5087 199 5196 6206 7694 1241 6207 6208 8747 30
2329 748 363 541 5124 2058 2059 2061 5501 5720 6042 30
2330 77 734 189 5201 1113 1115 1106 8622 7854 7383 30
2331 82 729 701 5271 1135 1145 1142 8479 7284 5749 30
2332 820 929 591 5100 2019 3121 3118 8515 7412 8586 30
2333 245 545 672 5315 1323 1464 1463 6311 6613 8036 30
2334 5211 5221 675 5222 6906 9002 9001 5753 8691 9088 30
2335 3553 3552 5134 5242 4431 8328 5790 5881 9089 5831 30
2336 3426 5304 3441 5338 9090 6074 3969 9091 6995 5899 30
2337 3459 3765 5238 5241 4201 6966 8666 8665 6968 6969 30
2338 716 483 481 5091 2654 2653 2655 6543 6270 6446 30
2339 3499 3498 5109 5270 4386 8634 7429 8593 8169 6951 30
2340 5098 3589 5131 3588 6643 7323 6362 8267 4371 7428 30
2341 5216 5253 315 5292 6680 8104 8103 6671 7093 9092 30
2342 3657 842 586 867 8191 2889 7917 7710 1278 3103 30
2343 3513 5165 3516 5327 8494 9093 4471 8867 8868 9094 30
2344 355 354 353 5121 2005 2001 2006 7476 6731 7938 30
2345 490 583 5089 5311 2695 7319 6824 6850 7320 6849 30
2346 599 5161 536 5347 8509 9095 2907 8582 8583 9096 30
2347 833 5278 303 5295 9097 5550 1757 9098 8579 8578 30
2348 3593 3594 3592 5102 4856 4855 4851 7149 7612 5765 30
2349 3769 5200 5199 5232 8830 9099 8935 8832 8817 8942 30
2350 5170 5171 270 5189 8534 8800 8798 7946 9101 9100 30
2351 3642 5157 3643 5236 7845 7080 4287 7844 5710 7057 30
2352 3796 167 3 5363 3826 184 3821 7358 7359 7543 30
2353 3635 3617 5323 5348 4903 6586 9102 9103 6474 6588 30
2354 621 820 591 5302 2775 3118 3119 8670 8516 8587 30
2355 3584 5157 3576 5240 7332 7835 4391 8487 7479 7837 30
2356 3481 5191 3483 5221 8977 9104 4310 8978 8856 9105 30
2357 76 5169 5142 5199 9106 9107 9108 9109 7564 8044 30
2358 790 668 3675 888 3207 8207 7218 3208 3204 7219 30
2359 3552 3505 3553 5134 4422 4432 4431 8328 6179 5790 30
2360 5143 774 5204 375 7330 6810 7550 8839 2120 8548 30
2361 233 646 323 5250 1392 1407 1406 6866 7866 9110 30
2362 513 5312 514 5328 9111 8790 2796 9112 8792 8238 30
2363 3710 157 3418 5162 3930 3923 3933 7672 7671 8642 30
2364 3612 3694 5150 5248 4946 9113 9114 8878 8870 8020 30
2365 5378 3282 18 5350 8368 3337 7720 8892 8768 9115 30
2366 3761 5160 3801 5262 6431 9116 5071 6432 6107 9117 30
2367 5112 5123 3713 5231 7901 9118 9119 8099 8100 9120 30
2368 3818 3528 5187 5244 4549 7315 6218 6216 6310 5593 30
2369 73 5149 5123 5231 9049 9121 9067 9050 8655 8100 30
2370 5143 5144 3514 5204 5850 8360 9122 7550 6811 8361 30
2371 3433 5166 5199 5200 9123 8043 9124 9125 8627 9099 30
2372 3455 3454 5258 5305 4168 8094 5852 5856 8095 5855 30
2373 719 5205 343 333 8736 8930 1909 1822 9126 1908 30
2374 3484 5189 3742 5220 7133 8562 4326 7136 7137 8712 30
2375 3612 3722 3694 5248 4933 4947 4946 8878 7988 8870 30
2376 201 851 67 5345 1054 1052 1043 8481 8183 9127 30
2377 3736 3738 3544 5090 4629 4628 4411 7961 6927 7032 30
2378 5131 5302 551 5343 7182 8647 8646 7325 7326 9128 30
2379 793 5158 381 5195 7122 7187 2150 8711 7447 7445 30
2380 3685 3435 192 3684 4082 8315 8314 4081 3861 8366 30
2381 671 670 669 5276 2709 1878 1494 9129 6369 6881 30
2382 5373 647 5357 3439 7878 9130 7369 7335 6818 7370 30
2383 3652 5206 5197 5317 8052 5747 9131 8053 8033 9087 30
2384 3488 5136 5181 3487 9132 7651 8485 4335 8921 8797 30
2385 5194 5224 3465 5225 6830 9133 9134 5936 8783 9135 30
2386 3442 3444 3443 5338 4115 4114 4036 6557 5988 6156 30
2387 5148 5176 242 5249 7221 8996 8995 9136 9138 9137 30
2388 3645 3818 3778 5234 4548 5007 4819 6520 6217 6052 30
2389 426 464 362 5322 2055 2054 2052 6998 9139 7000 30
2390 806 5086 5322 807 9140 6664 9141 2571 8340 8145 30
2391 268 270 5159 5171 1581 8799 7867 8988 8800 8530 30
2392 5390 5359 5377 213 7953 7954 7087 7088 9142 7084 30
2393 3784 3450 5259 5323 4155 8049 9143 9144 8050 7008 30
2394 587 588 458 5324 2540 2539 2461 8545 6416 6600 30
2395 341 5205 658 5210 7160 6767 1947 7161 6769 5826 30
2396 687 5146 379 5299 8933 7058 2133 8934 7061 7060 30
2397 646 233 230 5228 1392 1389 1390 7865 6863 7869 30
2398 283 5189 274 642 8405 8076 1613 1614 5694 1602 30
2399 3609 5146 3610 5261 7663 6406 4872 8922 5995 9145 30
2400 603 5212 240 5282 8201 8822 1441 8202 8203 8823 30
2401 538 5243 5214 5317 9146 7978 9147 9148 9150 9149 30
2402 5137 5147 3780 5240 5580 6004 6003 8895 7478 9151 30
2403 3464 5194 3465 5225 5938 9134 4218 5937 5936 9135 30
2404 3622 5156 5150 5173 9152 8018 9153 9154 9156 9155 30
2405 394 5244 800 5279 6961 6420 2194 6962 5972 6426 30
2406 511 5312 513 5328 8964 9111 2791 8967 8792 9112 30
2407 783 674 5221 5226 3210 8692 8855 8858 8693 8694 30
2408 5380 23 208 5372 8413 1010 9157 8416 8417 9158 30
2409 190 5199 5200 5232 8928 9099 9159 9021 8942 8817 30
2410 3432 5199 158 5169 7563 8774 3936 7565 7564 9160 30
2411 3524 5312 5286 5328 9161 8963 9162 9163 8792 8966 30
2412 5266 3800 5307 3660 8264 8825 8432 9164 4266 9165 30
2413 3753 3425 152 5096 3903 3900 3829 6805 6456 7042 30
2414 431 5194 421 5236 9166 6828 2347 9167 6201 7199 30
2415 732 5255 5230 5349 8126 7638 8125 9168 6049 9169 30
2416 3432 5169 3688 5243 7565 6614 4067 7964 5640 6693 30
2417 5174 5163 5173 401 7285 8932 7839 7287 7286 7838 30
2418 916 646 598 5161 1856 3132 3130 8458 8457 8087 30
2419 863 5214 538 5243 7976 9147 2919 7977 7978 9146 30
2420 3438 3732 3747 5106 4096 4099 4098 5877 7568 7125 30
2421 3763 3545 3697 5103 4631 4403 4632 7132 5628 7113 30
2422 306 5319 5295 5329 7294 7304 7303 9170 8779 8580 30
2423 3646 5132 3490 5171 7979 8750 4346 7980 6472 8752 30
2424 3419 5135 3714 5149 7185 8291 3928 9171 7203 7890 30
2425 5367 3286 3294 129 9172 3377 9173 6377 3307 3416 30
2426 3752 3438 3747 5091 3904 4098 4100 7858 5806 7124 30
2427 384 690 699 5152 2164 2166 2116 7013 5396 9174 30
2428 705 79 733 5232 1124 1119 1128 8003 8232 9028 30
2429 382 5163 5158 386 9014 7191 9017 2152 7190 6326 30
2430 3813 3694 5135 5150 3998 8869 7127 8188 9113 7893 30
2431 3755 3425 3754 5095 4029 4030 4032 8080 5700 5862 30
2432 3492 5133 3744 5159 8403 7464 4360 8818 6562 8124 30
2433 734 863 814 5243 1271 2920 1191 7855 7977 9175 30
2434 3468 5213 5212 5282 9176 7655 9177 9178 8824 8203 30
2435 348 5223 758 5153 8883 9063 1973 6710 8884 8970 30
2436 877 199 5138 5196 1239 7698 9056 9057 8747 8581 30
2437 827 714 225 5239 1367 1356 1365 5674 5840 6457 30
2438 190 5201 5232 78 8724 8941 9021 1111 8725 9179 30
2439 304 329 819 5319 1752 1764 1763 8918 8775 7362 30
2440 3750 3797 5158 5163 4544 6797 8811 9180 7585 7191 30
2441 3420 5230 5214 5255 9181 7635 9182 9183 7638 7608 30
2442 3488 5181 5171 5189 8485 7622 8484 9184 5696 9101 30
2443 292 5216 315 5292 6494 8103 1693 6670 6671 9092 30
2444 66 5344 5084 5345 8643 7011 9185 8644 6796 7578 30
2445 3634 5184 3816 3775 8572 8749 4010 4818 9186 5009 30
2446 3755 3621 3788 5164 4983 4981 4984 8081 8427 7496 30
2447 503 5106 480 5093 6115 8679 2648 6116 5878 8678 30
2448 3482 5168 5220 5221 9187 7135 7235 7237 8903 6905 30
2449 923 199 878 5087 1074 1241 1243 6277 7694 6206 30
2450 5227 187 75 5142 8680 1100 8657 8659 7718 6822 30
2451 5223 542 544 5112 7887 2758 6124 6123 7626 6122 30
2452 3426 5337 5304 5338 9188 8564 9090 9091 6348 6995 30
2453 5327 5160 525 5218 7659 9189 9190 9191 9193 9192 30
2454 260 256 5141 5240 1520 8645 7378 7379 8896 7074 30
2455 3581 5291 5289 5314 9194 8846 9195 9196 8851 8849 30
2456 3711 3639 5275 5340 4277 8039 8954 8956 8038 7168 30
2457 3690 5151 3566 5153 8517 9197 4343 8518 7618 9198 30
2458 3760 5180 3745 5160 7450 8192 4568 7451 6761 8193 30
2459 5237 5320 723 5346 9199 9200 9201 9202 6057 9203 30
2460 200 5357 647 3439 9037 9130 966 7239 7370 6818 30
2461 374 384 699 5152 2114 2116 2105 7921 7013 9174 30
2462 715 5314 5291 5333 8850 8851 8847 9204 9206 9205 30
2463 261 298 263 5099 1548 1547 1546 6127 6023 5608 30
2464 5089 5084 5311 5344 7010 6987 6849 6886 7011 7322 30
2465 3613 5163 3750 5299 9207 9180 4941 9208 9015 8812 30
2466 361 5103 543 5219 5976 5678 2050 7381 5630 5676 30
2467 3714 3811 3434 5104 4077 4076 3921 7942 7393 6697 30
2468 3722 3608 3785 5120 4925 4927 4926 7987 6178 6337 30
2469 3485 3487 3486 5181 4330 4329 4325 7016 8797 6212 30
2470 3732 5120 5106 5093 7448 5540 7568 7449 6339 5878 30
2471 209 5086 872 5344 6702 8454 951 6703 6704 8753 30
2472 3543 3530 3707 5284 4534 4558 4560 6711 6077 5556 30
2473 3713 5112 3418 5123 9119 8664 3927 9118 7901 8641 30
2474 805 5132 5131 5343 8940 8491 8939 9209 8493 7325 30
2475 3426 5316 5304 5337 9210 5767 9090 9188 6071 8564 30
2476 3608 3609 3595 5261 4870 4869 4865 8742 8922 8743 30
2477 3423 649 208 5352 6923 1014 7480 8584 8585 9211 30
2478 748 541 843 5154 2061 2927 2480 5503 6041 6163 30
2479 3621 3754 3590 5097 4847 4846 4842 8383 5863 7677 30
2480 537 908 462 5306 2560 2559 1950 7966 7982 8085 30
2481 5126 5146 688 5261 5914 6261 6262 9027 5995 9212 30
2482 70 71 199 5087 92 1070 1069 5902 7695 7694 30
2483 276 5188 275 5202 9213 8324 1608 9214 9084 9083 30
2484 797 269 271 5170 1587 1585 1588 8803 9039 8259 30
2485 284 282 286 5259 1644 1649 1648 8250 5757 5570 30
2486 887 744 717 5155 1173 3258 2756 7217 6910 9058 30
2487 3501 3544 3502 5119 4410 4409 4405 8181 7274 7078 30
2488 679 5150 5135 5248 9215 7893 9054 9055 8020 8503 30
2489 515 514 513 5312 2799 2796 2800 9024 8790 9111 30
2490 5125 698 403 786 8387 2096 7400 8269 2260 2259 30
2491 5327 525 5160 739 9190 9189 7659 8429 2850 8428 30
2492 725 5147 5137 5240 8422 5580 8421 9020 7478 8895 30
2493 783 5168 933 5191 9216 8957 2580 8857 7984 8958 30
2494 567 869 5238 5241 3035 7907 7462 9217 7908 6969 30
2495 3467 5224 3470 5249 8787 7573 4230 8788 7973 8595 30
2496 3726 3606 5228 5250 4913 8138 8155 8157 9032 6867 30
2497 3698 5184 5185 5245 8553 7842 9218 8552 6528 7257 30
2498 365 364 366 5118 2028 2063 2062 7553 5548 5546 30
2499 390 389 5187 5244 2182 9219 6334 6333 7300 5593 30
2500 289 5256 5258 5259 8026 7342 8027 9220 8853 8252 30
2501 3496 3495 5111 5141 4374 7749 8559 7726 8067 7121 30
2502 3502 5119 5118 5276 7078 7234 7577 7079 6371 6917 30
2503 73 74 5123 5149 95 8720 9067 9049 9221 9121 30
2504 3419 5135 5149 5227 7185 7203 9171 7184 6652 9222 30
2505 5375 5385 5370 667 9223 8400 9224 9225 9227 9226 30
2506 729 730 703 5296 1228 3242 3240 7283 8992 8128 30
2507 3495 5130 3494 5111 7748 6900 4367 7749 5611 7197 30
2508 873 927 797 5129 3023 1871 3275 6932 9228 8801 30
2509 506 553 472 5095 2608 2607 2352 7246 6418 6890 30
2510 3589 3621 3590 5100 4843 4842 4839 7395 8384 7678 30
2511 727 872 807 5182 3266 3265 3264 8567 8455 8144 30
2512 5360 5357 5383 3278 7510 7371 7418 9229 9231 9230 30
2513 3750 3624 3797 5163 4952 4995 4544 9180 7691 7585 30
2514 3772 3577 3547 5339 4645 4642 4643 5478 5871 5475 30
2515 749 5091 716 5311 7591 6543 2666 6960 6985 8420 30
2516 356 363 357 5134 2021 2020 1491 6512 5721 8555 30
2517 397 5289 5281 5291 9077 9078 9074 9232 8846 9233 30
2518 3729 3425 3755 5095 3909 4029 4028 6174 5700 8080 30
2519 3612 3611 3609 5156 4931 4930 4932 8475 7664 7665 30
2520 5380 5358 208 5368 8521 9234 9157 9235 9237 9236 30
2521 258 737 718 5109 1519 1534 1533 7052 5648 6166 30
2522 880 5224 433 5225 9238 8780 2409 9239 8783 8782 30
2523 625 657 553 5095 2972 2971 2770 6180 5887 6418 30
2524 294 736 673 5292 1700 1712 1711 8990 8083 7094 30
2525 3745 5180 3513 5327 8192 8663 4465 8194 7660 8867 30
2526 5367 3286 34 3294 9172 3301 9240 9173 3377 3376 30
2527 419 418 5098 5302 1915 6360 7374 7373 7181 6645 30
2528 699 372 374 5152 2104 2102 2105 9174 8551 7921 30
2529 189 734 814 5243 1115 1191 1190 7385 7855 9175 30
2530 3524 3526 5286 5312 4521 7777 9162 9161 9241 8963 30
2531 5356 5370 3295 5391 9242 8735 9013 8212 8399 8287 30
2532 3523 3521 3715 5244 4512 4514 4513 6782 5909 8757 30
2533 3515 5165 5144 5195 8755 6808 9243 8754 8154 7446 30
2534 386 401 5163 5217 2175 7286 7190 6328 7289 7192 30
2535 257 260 256 5141 1521 1520 1515 7275 7378 8645 30
2536 678 5135 679 5150 7560 9054 2497 7894 7893 9215 30
2537 487 486 786 5125 2670 2678 2677 6748 7862 8269 30
2538 852 5112 590 5231 8398 7536 2934 8456 8099 8478 30
2539 3436 5354 605 639 8687 9244 6819 6523 8684 1008 30
2540 719 5205 333 5226 8736 9126 1822 8738 8737 9245 30
2541 192 921 909 3685 1206 1208 1205 8314 7778 8167 30
2542 770 604 209 5096 1289 1290 1048 8392 7422 6701 30
2543 3622 3612 5150 5156 4944 9114 9153 9152 8475 8018 30
2544 5083 5155 5084 5345 6909 6984 7039 6137 6939 7578 30
2545 3517 5195 5177 5198 9246 7347 9247 9248 7144 7349 30
2546 759 5101 472 5196 8296 6893 2609 8297 8243 8558 30
2547 269 5129 326 5159 9038 6545 1578 9249 6655 6564 30
2548 361 543 425 5219 2050 2049 2048 7381 5676 8828 30
2549 628 629 514 5284 2806 2805 2803 8891 7155 8235 30
2550 380 774 520 5144 2131 2146 2145 8143 6809 8525 30
2551 379 687 378 5146 2133 2132 2127 7058 8933 5847 30
2552 472 759 641 5101 2609 2611 2014 6893 8296 7117 30
2553 3566 5151 3702 5175 9197 8523 4333 9250 7306 8549 30
2554 713 5234 398 5274 5711 7903 2206 5906 5907 7904 30
2555 5252 5309 329 5329 9251 8776 9252 7682 8777 8778 30
2556 457 837 928 5285 2299 2536 2534 8845 8057 8439 30
2557 5266 5268 3660 5307 8639 9253 9164 8432 8638 9165 30
2558 3710 3688 3432 5169 4069 4067 3939 7674 6614 7565 30
2559 659 868 5162 5172 3193 8696 5431 5429 7430 5430 30
2560 3511 3537 5237 5257 4460 9254 6868 6870 9255 6016 30
2561 748 367 364 5124 2066 2065 2057 5501 5671 5669 30
2562 3493 5159 3490 5132 8394 8751 4357 8395 6610 8750 30
2563 3517 3515 5195 5198 4482 8754 9246 9248 8756 7144 30
2564 5108 5117 3500 5270 6144 6573 7146 6949 5980 8620 30
2565 3728 3446 5293 5298 4126 8501 9256 9257 9034 8910 30
2566 5145 5176 243 5242 8073 8568 9258 9259 7224 8569 30
2567 3728 5298 5293 5332 9257 8910 9256 9260 6293 7782 30
2568 395 373 5115 5204 2099 8974 6681 6925 8841 6875 30
2569 264 265 262 5130 1553 1552 1550 6072 7756 5993 30
2570 415 448 505 5342 1930 2318 2317 8727 6062 8024 30
2571 210 644 610 5336 960 1294 1295 7754 6508 7054 30
2572 3503 3502 3504 5276 4407 4415 4414 7562 7079 7739 30
2573 3633 3769 5185 5200 4009 8831 8872 8871 8830 6976 30
2574 783 5191 719 5226 8857 8739 2578 8858 8740 8738 30
2575 470 5136 349 5151 8382 6374 1977 7791 7617 7616 30
2576 552 591 5100 5302 2554 8586 9261 9262 8587 7230 30
2577 673 736 724 5253 1712 1910 2742 7092 8082 8227 30
2578 253 5239 227 5257 5656 9263 1375 5404 5655 9264 30
2579 3776 3692 5172 5223 5063 9265 6541 7115 9266 6125 30
2580 5109 5137 255 5270 7583 7631 7630 6951 5981 9267 30
2581 3450 5321 3721 3448 8302 8536 4146 4143 8899 4145 30
2582 5143 774 375 377 7330 2120 8839 6026 2119 2118 30
2583 683 5088 362 5322 7280 7188 1894 8894 6665 7000 30
2584 3638 3798 3657 586 5015 5014 5012 7497 8386 7917 30
2585 3514 5165 3513 5204 8359 8494 4456 8361 6812 8495 30
2586 68 5083 900 5345 6907 6754 1057 6938 6137 7338 30
2587 359 346 758 5172 1963 1972 1974 6028 8709 8971 30
2588 610 728 596 5336 1305 1262 2980 7054 8465 7774 30
2589 3651 5214 5243 5317 9268 7978 9269 9270 9149 9150 30
2590 809 5217 713 5274 9271 5904 2236 9272 5905 5906 30
2591 261 263 262 5111 1546 1545 1536 5925 5606 5992 30
2592 3789 5140 3642 5179 5949 8767 4787 6861 6578 7843 30
2593 280 278 802 5220 1629 1631 1630 6265 6266 8225 30
2594 688 689 5126 5261 2163 6971 6262 9212 9026 9027 30
2595 193 818 620 3670 1210 1209 1020 8317 8310 9062 30
2596 5168 5191 783 5221 7984 8857 9216 8903 8856 8855 30
2597 583 581 490 5089 2694 2688 2695 7319 5507 6824 30
2598 402 5163 401 5173 9273 7286 2238 9274 8932 7838 30
2599 3610 5146 5126 5261 6406 5914 6836 9145 5995 9027 30
2600 3590 5097 5098 5302 7677 7264 6644 6646 7228 6645 30
2601 5379 867 5350 3770 9275 8172 8770 9276 7709 8170 30
2602 846 5237 5213 5320 9277 6535 9278 9279 9199 7657 30
2603 808 708 236 5167 1422 1419 1420 8864 6232 6146 30
2604 576 5209 573 5254 9280 8826 3033 9281 6251 8805 30
2605 5387 3285 5 5363 9282 3300 9283 9284 9286 9285 30
2606 74 5123 5149 5227 8720 9121 9221 8721 8658 9222 30
2607 302 5252 329 5329 8411 9252 1753 8412 7682 8778 30
2608 3470 3465 5194 5224 4231 9134 7572 7573 9133 6830 30
2609 155 156 5149 5231 172 9287 6794 8701 9288 8655 30
2610 725 5137 256 5240 8421 8633 1504 9020 8895 8896 30
2611 155 5149 5105 5231 6794 6700 6793 8701 8655 8308 30
2612 623 829 624 5338 1214 3162 2746 5898 6709 8760 30
2613 860 276 696 5183 1609 1620 1624 9289 9290 5491 30
2614 5207 5218 530 5246 9010 9291 9292 9293 9295 9294 30
2615 3498 3717 3780 5137 4396 4398 4390 8168 5599 6003 30
2616 34 33 5367 3294 64 9296 9240 3376 3374 9173 30
2617 3425 153 152 5083 3899 169 3900 5699 5866 7041 30
2618 761 810 5224 5249 1864 8362 8342 8341 8363 7973 30
2619 269 5129 5159 5170 9038 6655 9249 9039 8802 8533 30
2620 796 5244 394 5265 8981 6961 2201 8982 7206 7311 30
2621 76 187 735 5142 1099 1109 1108 9108 7718 7717 30
2622 3732 3438 3731 5093 4096 3910 4097 7449 5808 6735 30
2623 766 5184 5185 5233 9297 7842 9068 9069 8573 6777 30
2624 600 782 202 3672 1255 1038 1254 8376 7456 8164 30
2625 189 5169 76 5199 7384 9106 1105 7884 7564 9109 30
2626 3486 3484 3485 5168 4324 4319 4325 6213 7134 7014 30
2627 410 5234 396 5289 7498 9298 2225 8998 8999 9299 30
2628 3467 3468 5212 5282 4234 9177 9004 8789 9178 8203 30
2629 804 375 373 5204 2109 2108 2110 8547 8548 8841 30
2630 382 379 5158 5299 2139 7153 9017 9016 7060 7050 30
2631 480 479 476 5106 2629 2628 2630 8679 5707 5687 30
2632 5377 213 195 5384 7084 978 7531 7086 7085 9300 30
2633 603 240 761 5282 1441 1433 1442 8202 8823 8343 30
2634 5343 638 925 831 8989 3173 9033 9301 3172 2970 30
2635 155 5138 5105 154 8700 7861 6793 171 8469 7580 30
2636 847 5135 742 5149 7202 9302 1236 6624 7203 9303 30
2637 782 5367 33 32 8353 9296 1036 1037 8352 63 30
2638 3444 3479 3443 5298 4120 4119 4114 6230 6724 6060 30
2639 5386 3280 5352 5368 9304 9305 8348 9306 8603 9307 30
2640 81 829 194 5349 1137 1139 1130 8294 5538 8499 30
2641 5227 3813 5166 3774 7183 7128 6654 9308 4000 9309 30
2642 3474 5256 3452 5258 8358 9310 4165 8345 7342 9040 30
2643 3648 3650 3649 5197 5017 5016 4299 7880 8631 6255 30
2644 3818 3645 3528 5244 4548 4546 4549 6216 6521 6310 30
2645 345 466 784 5191 1957 1969 1968 7308 9311 7482 30
2646 3784 5259 5256 5323 9143 8853 9312 9144 7008 8854 30
2647 5375 197 3428 5351 9313 7996 9314 9315 8424 6739 30
2648 3706 5201 3432 5243 9316 7566 3945 9317 7386 7964 30
2649 306 5295 305 5329 7303 9318 1760 9170 8580 9319 30
2650 3692 3690 5153 5223 4736 8518 9320 9266 8972 8884 30
2651 3634 5184 3775 5233 8572 9186 4818 8000 8573 9321 30
2652 240 5212 594 5213 8822 9322 1439 8821 7655 9323 30
2653 3610 5126 3595 5261 6836 7599 4871 9145 9027 8743 30
2654 505 448 757 5337 2318 2486 2488 8023 6259 8772 30
2655 3509 3506 3508 5139 4436 4434 4437 7082 6100 7440 30
2656 716 5155 840 5311 6544 9324 3255 8420 6986 9325 30
2657 3697 3499 3496 5109 4388 4387 4376 7112 7429 7725 30
2658 3515 3516 5165 5198 4472 9093 8755 8756 9326 8166 30
2659 243 247 5145 5242 1456 8762 9258 8569 9327 9259 30
2660 73 74 188 5123 95 1088 1087 9067 8720 7949 30
2661 402 5156 5163 5173 9328 9048 9273 9274 9156 8932 30
2662 205 863 5201 5214 1272 7974 9329 9330 7976 7975 30
2663 3553 5167 3786 5242 5789 8065 4672 5881 5832 7548 30
2664 293 5260 5292 5293 8008 6672 9331 8005 8007 7827 30
2665 854 795 5246 5283 2987 9332 6045 5857 9333 6002 30
2666 395 5139 616 5347 6682 8885 2219 8570 8571 8886 30
2667 493 365 5118 5276 2069 7553 7231 8994 8179 6917 30
2668 3437 3729 3730 5196 3916 4095 4094 8952 7702 8242 30
2669 352 435 351 5122 1996 1995 1990 6384 8288 8765 30
2670 5361 3684 192 3435 9334 8366 9335 9336 3861 8315 30
2671 18 206 5350 867 995 8171 9115 991 996 8172 30
2672 749 483 5091 5272 2665 6270 7591 6959 8136 7109 30
2673 421 5249 324 5208 7971 8498 1860 6826 7972 9337 30
2674 3706 5214 5201 5243 9338 7975 9316 9317 7978 7386 30
2675 402 5156 399 5163 9328 8819 2237 9273 9048 9047 30
2676 5160 849 232 5228 6759 1399 6973 6760 6758 6972 30
2677 747 5325 5326 5330 9339 7526 5441 5443 9340 5442 30
2678 5129 3782 5183 5192 8923 6315 7261 5946 6314 5490 30
2679 3488 5171 3489 5189 8484 8610 4337 9184 9101 9341 30
2680 411 837 5173 5174 2300 8055 7841 7840 8054 7839 30
2681 3497 3576 5141 5240 4382 8002 8321 9342 7837 7074 30
2682 3537 5237 5257 5346 9254 6016 9255 9343 9202 5403 30
2683 5150 5156 413 5173 8018 9344 9345 9155 9156 9346 30
2684 396 5234 393 5289 9298 8674 2203 9299 8999 9079 30
2685 255 258 257 5109 1518 1517 1516 7630 7052 7204 30
2686 623 884 194 5349 1217 1216 1215 6048 8589 8499 30
2687 585 801 799 3734 3102 1223 3101 8223 6736 7934 30
2688 3816 3421 3698 5185 4011 3958 4012 8748 8527 9218 30
2689 779 530 5207 5218 2849 9292 9006 9008 9291 9010 30
2690 3770 5379 117 5369 9276 8862 3862 8577 8795 8863 30
2691 599 616 939 5139 2908 3134 3133 8132 8885 8133 30
2692 3295 30 31 5391 3367 61 3369 8287 8285 8213 30
2693 327 251 5117 5270 1498 7407 6143 9003 7408 5980 30
2694 542 590 852 5112 2932 2934 2931 7626 7536 8398 30
2695 3433 5190 5166 5200 9347 8625 9123 9125 8629 8627 30
2696 5115 5152 372 5280 8248 8551 8550 6391 8389 9348 30
2697 3294 5356 5367 128 9349 8354 9173 3417 9351 9350 30
2698 345 784 347 5151 1968 1967 1966 7305 7481 8318 30
2699 3766 5167 5154 5250 7487 6044 9352 7488 7489 9353 30
2700 264 741 805 5131 1555 1564 1563 8973 7215 8939 30
2701 525 5218 5160 5262 9192 9193 9189 9354 9355 6107 30
2702 487 816 484 5102 2671 2660 2669 6747 5652 8272 30
2703 5098 3804 5097 3590 8557 8556 7264 6644 4849 7677 30
2704 3634 3633 5185 5229 4007 8872 7999 7998 8873 6774 30
2705 3796 109 5387 5363 3822 9356 9357 7358 8997 9284 30
2706 426 428 726 5085 2372 2375 2374 7732 5770 7821 30
2707 3493 3646 3589 5132 4358 4373 4372 8395 7979 8492 30
2708 3695 3739 5246 5262 4510 9358 6001 5728 9359 6000 30
2709 599 536 616 5347 2907 2909 2908 8582 9096 8886 30
2710 508 625 506 5095 2769 2768 2766 5458 6180 7246 30
2711 572 525 5160 5262 2858 9189 9360 9361 9354 6107 30
2712 3493 5131 5130 5132 8764 6902 8396 8395 8491 7138 30
2713 769 5289 715 5314 9362 8848 2231 9363 8849 8850 30
2714 283 5168 643 5220 8953 8901 1655 8406 7135 8900 30
2715 161 5232 5230 5245 9364 8305 9365 9366 7253 8307 30
2716 3591 3592 3531 5152 4562 4561 4441 8418 5766 8793 30
2717 3745 3513 3516 5327 4465 4471 4473 8194 8867 9094 30
2718 3763 3737 3545 5088 4635 4634 4631 7131 7351 6459 30
2719 615 917 626 5166 3155 3154 3151 7588 7473 9367 30
2720 3585 5291 3581 5314 9368 9194 4619 9369 8851 9196 30
2721 5100 552 5302 5343 9261 9262 7230 7176 9370 7326 30
2722 5174 401 546 5217 7287 2250 8836 7288 7289 9371 30
2723 5148 5215 3469 5282 7797 9372 9373 8961 8962 9374 30
2724 621 548 507 5097 2773 2772 2774 8784 6437 5498 30
2725 490 618 583 5311 2697 2696 2695 6850 9375 7320 30
2726 3672 202 600 608 8164 1254 8376 7198 1253 1252 30
2727 3474 3452 3454 5258 4165 4163 4166 8345 9040 8094 30
2728 640 875 823 5108 1875 2963 2937 5935 7485 6215 30
2729 559 711 577 5140 1544 3000 2999 7071 7819 8159 30
2730 395 616 5139 858 2219 8885 6682 2101 2220 5968 30
2731 300 5275 5252 5318 8434 8433 8435 9376 9377 7680 30
2732 3566 3690 3487 5151 4343 4342 4331 9197 8517 8796 30
2733 5378 18 3282 3290 7720 3337 8368 6596 3339 3341 30
2734 430 421 5208 5236 2342 6826 5917 5918 7199 5668 30
2735 466 933 784 5191 2579 2581 1969 9311 8958 7482 30
2736 3488 5136 3487 3546 9132 8921 4335 4339 8118 4340 30
2737 240 5215 5282 5213 9378 8962 8823 8821 6534 8824 30
2738 5343 638 831 5132 8989 3172 9301 8493 6467 9379 30
2739 3486 5181 3488 5189 6212 8485 4334 6214 5696 9184 30
2740 495 462 561 5225 1938 2558 2557 7957 8084 8271 30
2741 3760 5160 3761 5228 7451 6431 5075 7452 6760 7666 30
2742 276 5183 273 5188 9290 7759 1607 9213 7764 7762 30
2743 3514 5144 3515 5165 8360 9243 4470 8359 6808 8755 30
2744 308 5269 5268 5307 7512 9380 9381 7292 7511 8638 30
2745 269 326 267 5159 1578 1577 1575 9249 6564 6563 30
2746 606 772 394 5312 2213 2212 2214 8538 8786 6963 30
2747 314 331 5293 5332 1806 7781 8909 8912 7625 7782 30
2748 201 840 5155 5311 1249 9324 7935 7937 9325 6986 30
2749 243 5145 246 5176 9258 9382 1454 8568 8073 8303 30
2750 5386 3280 5368 123 9304 8603 9306 9383 3404 9384 30
2751 3790 5334 3431 5336 9385 7772 4062 9386 6657 7773 30
2752 720 690 689 5116 3231 2165 2641 5645 5393 6970 30
2753 275 278 279 5203 1610 1618 1617 8323 6264 6889 30
2754 397 5264 404 5281 9075 9387 2209 9074 9073 9388 30
2755 3584 3780 5147 5240 4393 6004 7331 8487 9151 7478 30
2756 3437 5138 3729 5196 8951 8468 3916 8952 8581 7702 30
2757 3705 5230 5255 5349 9389 7638 8729 8730 9169 6049 30
2758 500 5290 5287 5310 8021 8230 9390 8022 6307 9391 30
2759 155 5138 154 3437 8700 8469 171 3913 8951 3914 30
2760 3472 3777 5266 5306 4265 9392 7814 8142 9393 7959 30
2761 426 362 425 5219 2052 2047 2053 6997 6996 8828 30
2762 253 5257 824 5346 5404 9394 1506 5400 5403 9395 30
2763 474 451 475 5128 2500 2502 2501 6017 8722 8064 30
2764 345 347 346 5175 1966 1965 1961 7307 8542 8710 30
2765 324 5176 244 5208 9396 8304 1451 9337 8511 8030 30
2766 547 723 5320 5346 2951 9200 6053 6056 9203 6057 30
2767 382 5163 386 399 9014 7190 2152 2154 9047 2155 30
2768 5188 5203 3587 5220 8325 9011 9397 8078 6267 9012 30
2769 72 721 198 5105 1075 1085 1082 8198 7356 6781 30
2770 903 491 893 5182 2702 2509 2703 7595 5793 6715 30
2771 709 5142 76 5169 6821 9108 1102 9398 9107 9106 30
2772 824 5257 5237 5346 9394 6016 9399 9395 5403 9202 30
2773 5360 5357 8 200 7510 9400 9401 9036 9037 965 30
2774 3816 3698 5184 5185 4012 8553 8749 8748 9218 7842 30
2775 5174 5217 809 5274 7288 9271 9402 9403 5905 9272 30
2776 3725 5115 3757 5143 9404 8575 4565 9405 8247 8574 30
2777 598 5161 646 5228 8087 8457 3132 8088 8089 7865 30
2778 803 752 5256 5323 1687 9406 8852 7005 9407 8854 30
2779 336 313 331 5321 1807 1805 1808 7472 8508 7624 30
2780 397 393 5264 5289 2208 8675 9075 9077 9079 9076 30
2781 3623 3640 5190 5285 4985 9408 8880 8882 9409 8162 30
2782 5363 212 644 3703 7939 1303 8377 7357 7269 6430 30
2783 699 690 879 5152 2166 3233 3232 9174 5396 5889 30
2784 632 821 631 5294 3171 2721 2489 7758 8257 8714 30
2785 5374 16 15 3297 9410 46 8613 8705 3333 3332 30
2786 516 834 419 5178 2340 2339 1917 8734 7484 7375 30
2787 373 374 372 5115 2103 2102 2097 8974 8246 8550 30
2788 5382 210 5373 5366 9411 9412 7771 8061 9413 8116 30
2789 5123 5149 156 5231 9121 9287 9414 8100 8655 9288 30
2790 78 5230 5201 5232 9415 9416 8725 9179 8305 8941 30
2791 3441 3705 3653 5255 3963 4113 4112 6046 8729 8926 30
2792 643 802 5220 5221 1657 8225 8900 8902 8226 6905 30
2793 5098 3589 3588 3590 6643 4371 8267 6644 4839 4838 30
2794 74 75 881 5123 96 1096 1095 8720 6838 5964 30
2795 3540 5277 3549 5339 6599 5555 4609 5835 6620 6415 30
2796 551 5302 552 5343 8647 9262 2552 9128 7326 9370 30
2797 3766 3726 5193 5250 4915 8156 7486 7488 8157 6865 30
2798 345 5175 343 5191 7307 9417 1956 7308 7309 8929 30
2799 3614 5176 5145 5242 7222 8073 9418 7223 7224 9259 30
2800 3576 3642 3789 5140 4784 4787 4786 7834 8767 5949 30
2801 445 5303 465 5335 9419 5468 2302 9420 9421 6274 30
2802 5254 449 817 5194 6318 2401 6598 6250 6319 6199 30
2803 3751 5172 5153 5175 6350 8708 9422 6351 5824 8543 30
2804 5362 3704 211 895 7905 8105 8239 9423 7832 1042 30
2805 3722 3811 3694 5248 5066 5065 4947 7988 7391 8870 30
2806 5291 5303 707 5333 9424 9425 9426 9205 9428 9427 30
2807 3426 3701 5316 5337 3975 8122 9210 9188 8123 6071 30
2808 771 201 5084 5311 1047 7936 9429 8888 7937 6987 30
2809 512 511 513 5328 2785 2791 2790 9430 8967 9112 30
2810 3693 5122 3690 5223 7366 8448 5057 9431 8289 8972 30
2811 414 413 5150 5156 2255 9345 8019 7712 9344 8018 30
2812 674 5216 5222 5226 9432 5637 8690 8693 9433 8695 30
2813 5265 5286 3526 5312 6194 7777 7776 7208 8963 9241 30
2814 379 381 382 5158 2137 2140 2139 7153 7187 9017 30
2815 800 5207 630 5279 6419 9434 3140 6426 5973 9435 30
2816 887 186 744 5093 1172 1065 1173 7216 5778 5920 30
2817 663 5251 5247 5305 9436 9437 9438 9439 9440 6442 30
2818 889 632 449 5254 2491 2490 2492 9441 7757 6318 30
2819 3454 3453 3455 5258 4164 4169 4168 8094 6345 5852 30
2820 3645 3715 5244 5264 4547 8757 6521 8109 9080 8111 30
2821 3469 5148 3619 5215 9373 7403 4251 9372 7797 8893 30
2822 921 602 909 3685 3137 3046 1208 7778 7314 8167 30
2823 457 411 837 5173 2298 2300 2299 8844 7841 8055 30
2824 3780 3497 5137 5240 4389 8320 6003 9151 9342 8895 30
2825 3297 15 5374 3279 3332 8613 8705 3334 3330 8616 30
2826 28 197 5351 633 1025 8424 9442 1021 1026 6743 30
2827 220 856 629 5277 1328 1340 1341 6510 9443 7154 30
2828 3698 5185 3421 5245 9218 8527 3958 8552 7257 8528 30
2829 353 740 434 5121 1994 2009 2008 7938 7195 8028 30
2830 695 696 5202 5241 1621 5492 9444 9445 5486 5518 30
2831 3283 5360 5355 112 9446 9447 9448 3385 9450 9449 30
2832 3442 3445 5290 5310 4117 8426 6556 6555 9451 6307 30
2833 269 5159 270 5170 9249 8799 1580 9039 8533 8798 30
2834 5123 5142 157 5227 6839 9452 8640 8658 8659 9453 30
2835 76 5142 735 5199 9108 7717 1108 9109 8044 8042 30
2836 784 595 5151 5168 2601 6952 7481 7983 6553 6953 30
2837 275 794 5202 5203 1616 9454 9083 8323 9455 9085 30
2838 5238 5254 3461 5263 8806 9456 9457 8809 8810 9458 30
2839 931 419 834 5302 2338 2339 2341 9459 7373 7483 30
2840 402 413 5156 5173 2252 9344 9328 9274 9346 9156 30
2841 5176 5208 324 5249 8511 9337 9396 9138 7972 8498 30
2842 471 416 423 5229 2322 2292 2323 7503 7897 6775 30
2843 3736 3544 3501 5092 4411 4410 4412 7525 7031 8180 30
2844 3599 5309 3598 3573 6283 6296 4770 4771 6843 4767 30
2845 155 5138 3437 5231 8700 8951 3913 8701 8279 9460 30
2846 3729 3437 154 5138 3916 3914 3905 8468 8951 8469 30
2847 3596 5183 3749 5188 8925 9461 4876 9462 7764 9463 30
2848 156 3419 3714 5149 3925 3928 3920 9287 9171 7890 30
2849 511 5286 5265 5312 8965 6194 9464 8964 8963 7208 30
2850 3296 5360 9 10 9465 9466 3316 3318 9467 40 30
2851 3478 5216 3449 5292 6993 5635 4140 9468 6671 7799 30
2852 109 5387 5366 3796 9356 8060 9469 3822 9357 9470 30
2853 433 810 421 5224 2351 1863 2349 8780 8362 6829 30
2854 3694 5135 5150 5248 8869 7893 9113 8870 8503 8020 30
2855 479 481 482 5106 2642 2645 2644 5707 6447 6152 30
2856 5100 3788 3743 3621 7994 4982 7174 8384 4981 4844 30
2857 707 5333 5303 5335 9427 9428 9425 9471 9472 9421 30
2858 289 5258 284 5259 8027 8251 1659 9220 8252 8250 30
2859 5363 895 167 5362 9473 7633 7359 7541 9423 7906 30
2860 343 5191 5175 5205 8929 7309 9417 8930 8741 6768 30
2861 316 5206 332 5216 9474 6331 1816 9475 6679 6678 30
2862 235 854 634 5297 1413 1417 1362 7731 6487 8948 30
2863 638 619 637 5171 3158 1869 3159 6470 7614 8332 30
2864 487 484 486 5272 2669 2667 2670 7102 8273 7864 30
2865 156 3419 5149 5227 3925 9171 9287 9476 7184 9222 30
2866 503 481 480 5106 2647 2643 2648 6115 6447 8679 30
2867 3420 3705 5230 5255 3957 9389 9181 9183 8729 7638 30
2868 3510 5139 5204 5347 6877 6878 6876 9477 8571 7833 30
2869 3430 3701 3756 5337 3981 4054 4053 5515 8123 5598 30
2870 240 5215 5213 429 9378 6534 8821 1431 9479 9478 30
2871 3492 5130 5133 5159 8404 6788 8403 8818 7140 6562 30
2872 5256 5323 454 5348 8854 7414 9480 7786 6588 7415 30
2873 241 781 243 5242 1446 1445 1444 7802 8477 8569 30
2874 289 803 5256 5259 1662 8852 8026 9220 7007 8853 30
2875 371 5115 372 5280 5809 8550 2093 7493 6391 9348 30
2876 72 198 73 5149 1082 1081 94 8654 6780 9049 30
2877 3613 3750 3611 5299 4941 4940 4938 9208 8812 9061 30
2878 3473 3764 3458 5278 4197 4186 4195 6448 5414 8599 30
2879 3791 3514 5143 5144 4478 9122 6499 6837 8360 5850 30
2880 486 488 5110 5272 2672 5880 7863 7864 6605 6606 30
2881 626 615 5166 5190 3151 7588 9367 9481 8626 8625 30
2882 666 192 5353 3684 987 9482 8672 7970 8366 8673 30
2883 742 5149 5135 5227 9303 7203 9302 9483 9222 6652 30
2884 693 5107 403 5288 6536 7661 2086 6184 6537 7401 30
2885 3429 607 5355 799 8470 9484 8733 7933 972 8732 30
2886 167 212 5363 3703 7268 7939 7359 3984 7269 7357 30
2887 5239 226 5273 5297 9485 9018 9486 6234 9019 6549 30
2888 460 5197 340 5317 9487 9086 1942 9488 9087 7755 30
2889 276 275 794 5202 1608 1616 1615 9214 9083 9454 30
2890 414 450 451 5248 2307 2313 2312 7713 8838 8723 30
2891 869 5251 358 5278 7963 5761 2032 7909 5762 5758 30
2892 3767 3792 3738 5089 5081 5080 5079 7742 7105 7368 30
2893 478 691 474 5261 2621 2613 2619 5714 9489 5801 30
2894 5183 5188 276 5202 7764 9213 9290 5493 9084 9214 30
2895 809 5174 546 5217 9402 8836 2946 9271 7288 9371 30
2896 3482 5168 5221 3483 9187 8903 7237 4309 9490 9105 30
2897 5362 3704 895 167 7905 7832 9423 7906 3985 7633 30
2898 594 5212 537 5213 9322 7965 2911 9323 7655 8185 30
2899 834 5097 621 5302 7727 8784 2956 7483 7228 8670 30
2900 821 495 5225 5266 2720 7957 8256 8255 7956 7815 30
2901 3566 5153 5151 5175 9198 7618 9197 9250 8543 7306 30
2902 544 811 504 5223 2760 2759 2757 6124 6566 8385 30
2903 910 190 5200 5232 1195 9159 8814 8816 9021 8817 30
2904 3532 5160 3745 5327 9491 8193 4490 9492 7659 8194 30
2905 5195 793 832 519 8711 2243 7141 7787 2151 2828 30
2906 866 545 801 5315 2944 2942 2945 7829 6613 7355 30
2907 5240 725 826 557 9020 2990 7477 8217 1524 2991 30
2908 669 250 671 5276 1483 1492 1494 6881 8017 9129 30
2909 3614 5145 3552 5242 9418 8329 4666 7223 9259 9089 30
2910 3610 3595 3609 5261 4871 4869 4872 9145 8743 8922 30
2911 382 5163 399 5299 9014 9047 2154 9016 9015 8820 30
2912 3565 5315 3719 5341 7266 8373 4584 6033 7267 8375 30
2913 512 5286 511 5328 9493 8965 2785 9430 8966 8967 30
2914 452 427 550 5092 2378 2380 2379 6223 7076 6898 30
2915 696 5183 276 5202 5491 9290 1620 5492 5493 9214 30
2916 565 566 563 5192 3017 3016 3014 6732 6630 8541 30
2917 5264 5265 404 5281 8983 9494 9387 9073 6191 9388 30
2918 3749 5183 3782 5202 9461 6315 4261 9495 5493 6316 30
2919 276 860 273 5183 1609 1598 1607 9290 9289 7759 30
2920 402 685 399 5156 2240 2239 2237 9328 5997 8819 30
2921 3595 3592 3594 5116 4857 4855 4858 7598 5764 6944 30
2922 348 350 351 5122 1980 1983 1982 6342 6343 8765 30
2923 3759 5208 5176 5249 7377 8511 8510 9496 7972 9138 30
2924 3537 5257 3554 5346 9255 5402 4592 9343 5403 5401 30
2925 3534 3535 3526 5286 4539 4538 4536 6815 8219 7777 30
2926 371 395 373 5115 2100 2099 2098 5809 6681 8974 30
2927 419 461 418 5302 2333 2332 1915 7373 8827 7181 30
2928 539 5210 5243 5317 5926 5639 5927 9497 7159 9150 30
2929 3746 5154 3766 5167 6941 9352 4674 5586 6044 7487 30
2930 617 16 5374 5379 989 9410 9498 9499 8698 8704 30
2931 5206 5216 316 5226 6679 9475 9474 9500 9433 9501 30
2932 3752 3747 3792 5091 4100 4862 5082 7858 7124 7107 30
2933 3628 5145 3614 5176 6957 9418 4669 8114 8073 7222 30
2934 3487 5151 5136 5181 8796 7617 8921 8797 6954 7651 30
2935 5171 5181 325 5189 7622 9502 9503 9101 5696 9504 30
2936 3613 5156 3622 5173 9505 9152 4943 9506 9156 9154 30
2937 162 3441 163 5271 3960 3959 179 8876 5534 6068 30
2938 660 5162 710 5169 5911 9005 3195 5641 5910 9507 30
2939 597 887 503 5093 2753 2752 2649 9508 7216 6116 30
2940 3551 3511 5215 5235 4248 6869 9509 9510 7151 6236 30
2941 649 193 25 5352 1017 1016 1012 8585 8337 8336 30
2942 5261 478 689 5116 5714 2640 9026 5715 5544 6970 30
2943 3450 5321 3448 5260 8302 8899 4143 8048 8006 8898 30
2944 931 834 621 5302 2341 2956 3120 9459 7483 8670 30
2945 3520 5218 5207 5246 9511 9010 9512 9513 9295 9293 30
2946 372 5152 698 5280 8551 8388 2095 9348 8389 8390 30
2947 537 846 5213 5320 2910 9278 8185 7967 9279 7657 30
2948 576 817 5209 5254 3074 6197 9280 9281 6598 6251 30
2949 758 5172 5153 5223 8971 8708 8970 9063 6125 8884 30
2950 521 5165 522 5198 8152 9081 2830 7143 8166 9514 30
2951 325 5171 619 5181 9503 7614 1866 9502 7622 7623 30
2952 860 696 873 5183 1624 3236 3235 9289 5491 7262 30
2953 3621 3755 3754 5164 4983 4032 4847 8427 8081 6427 30
2954 613 614 471 5229 2605 2604 2602 7210 8916 7503 30
2955 156 5149 5123 5227 9287 9121 9414 9476 9222 8658 30
2956 884 5255 732 5349 8588 8126 1218 8589 6049 9168 30
2957 32 5367 33 3294 8352 9296 63 3373 9173 3374 30
2958 157 156 5123 5227 173 9414 8640 9453 9476 8658 30
2959 808 5154 541 5167 9515 6041 2924 8864 6044 6043 30
2960 806 5086 807 822 9140 8340 2571 3168 5738 3276 30
2961 5112 5113 3693 5223 7534 7367 9516 6123 7888 9431 30
2962 918 5252 655 5309 9517 9518 1742 9519 9251 8968 30
2963 860 873 797 5183 3235 3275 1599 9289 7262 8804 30
2964 271 273 860 5183 1595 1598 1597 8260 7759 9289 30
2965 290 665 285 5305 1666 1665 1663 7551 9520 8196 30
2966 593 5254 573 5263 9521 8805 3062 9522 8810 8808 30
2967 3298 5368 122 5358 8602 8604 3402 8520 9237 9523 30
2968 3543 3707 3720 5297 4560 4625 4624 6712 5559 8467 30
2969 5283 5312 3524 5328 8791 9161 9524 8237 8792 9163 30
2970 5134 5145 247 5242 7850 8762 8761 5831 9259 9327 30
2971 240 5215 429 238 9378 9479 1431 1428 8451 1430 30
2972 720 482 816 5102 2646 2659 2661 6153 6154 5652 30
2973 838 232 228 5273 1382 1381 1370 6109 6974 9525 30
2974 489 5110 584 5288 7735 6245 2690 7736 7454 7453 30
2975 5205 5206 333 5226 8034 9526 9126 8737 9500 9245 30
2976 5291 5300 407 5303 9527 7067 9528 9424 5618 7068 30
2977 666 14 207 5353 983 979 984 8672 9529 8671 30
2978 5291 5314 3585 5333 8851 9369 9368 9205 9206 9530 30
2979 915 5309 654 5324 9531 6284 3187 7169 7290 7170 30
2980 686 687 685 5146 2134 2241 2614 6903 8933 5996 30
2981 5245 5271 81 5349 7018 8293 9532 9533 5537 8294 30
2982 3478 5253 5216 5292 6994 6680 6993 9468 7093 6671 30
2983 350 349 740 5136 1981 1986 1985 6373 6374 7196 30
2984 247 246 243 5145 1455 1454 1456 8762 9382 9258 30
2985 739 524 535 5327 2851 2852 2854 8429 9534 7658 30
2986 5374 5361 617 5379 8702 9535 9498 8704 8703 9499 30
2987 494 776 934 5094 2714 2716 2715 6752 6592 6639 30
2988 3572 5319 5309 5329 8379 8380 8381 9536 8779 8777 30
2989 66 770 209 5345 1045 1048 947 8644 8393 6795 30
2990 3486 3488 3489 5189 4334 4337 4336 6214 9184 9341 30
2991 74 5149 742 5227 9221 9303 1089 8721 9222 9483 30
2992 205 5214 5201 5230 9330 7975 9329 9537 7635 9416 30
2993 686 688 5146 5261 2136 6261 6903 6726 9212 5995 30
2994 3595 5126 5116 5261 7599 6227 7598 8743 9027 5715 30
2995 5363 3703 644 3796 7357 6430 8377 7358 3989 8391 30
2996 3732 3594 3747 5106 4868 4860 4099 7568 6943 7125 30
2997 3544 3768 3689 5094 4627 4626 4418 7033 7692 8062 30
2998 5287 5290 3445 5310 8230 8426 8461 9391 6307 9451 30
2999 537 594 908 5212 2911 2912 2560 7965 9322 7981 30
3000 5261 689 478 691 9026 2640 5714 9489 2639 2621 30
3001 413 5150 5173 5285 9345 9155 9346 9538 7895 8056 30
3002 707 5291 409 5303 9426 9539 2289 9425 9424 9540 30
3003 3446 3445 3447 5290 4124 4129 4128 8500 8426 7249 30
3004 5379 16 5374 3297 8698 9410 8704 8699 3333 8705 30
3005 3580 5281 5264 5289 9541 9073 9542 9543 9078 9076 30
3006 5254 817 449 889 6598 2401 6318 9441 2493 2492 30
3007 539 658 659 5210 2546 2037 2921 5926 5826 5432 30
3008 872 822 807 5086 1293 3276 3265 8454 5738 8340 30
3009 238 5148 239 5282 8450 9544 1423 8960 8961 9545 30
3010 3814 3431 3790 5334 4059 4062 4063 6366 7772 9385 30
3011 862 5161 5154 5250 9546 8263 9547 9548 8460 9353 30
3012 3713 5123 156 5231 9118 9414 3917 9120 8100 9288 30
3013 495 5266 339 5306 7956 9549 1937 7958 7959 9550 30
3014 5371 3667 871 639 8874 7868 8875 8683 6478 1203 30
3015 239 238 237 5148 1423 1411 1424 9544 8450 6618 30
3016 726 464 426 5322 2376 2055 2374 8147 9139 6998 30
3017 3699 3475 3482 5211 4172 4282 4284 6859 8904 7236 30
3018 75 76 709 5142 97 1102 1101 6822 9108 6821 30
3019 5086 5182 5085 5322 6091 5795 6088 6664 8146 7733 30
3020 3488 3646 3490 5171 4347 4346 4345 8484 7980 8752 30
3021 515 5279 5246 5283 9551 9552 9553 9023 9554 6002 30
3022 5389 3297 5374 3279 8606 8705 8661 8607 3334 8616 30
3023 387 713 780 5217 2179 2181 2173 6329 5904 9555 30
3024 3498 5137 5109 5270 8168 7583 8634 8169 5981 6951 30
3025 454 5256 752 5323 9480 9406 1717 7414 8854 9407 30
3026 473 5128 474 5261 6039 6017 2499 6040 6019 5801 30
3027 3421 5232 161 5245 8526 9364 3950 8528 7253 9366 30
3028 3546 5121 3743 5127 8117 8205 4637 9046 7790 7173 30
3029 3706 3651 5214 5243 4005 9268 9338 9317 9269 7978 30
3030 385 897 776 5094 2169 2171 2168 6496 6475 6592 30
3031 3572 5252 5329 5309 9556 7682 9536 8381 9251 8777 30
3032 5227 3813 3774 3419 7183 4000 9308 7184 3999 3934 30
3033 199 923 70 5087 1074 1064 1069 7694 6277 5902 30
3034 536 5161 5180 5347 9095 8086 9557 9096 8583 7853 30
3035 29 5375 3284 5351 9558 9559 3364 9560 9315 7708 30
3036 402 401 411 5173 2238 2248 2247 9274 7838 7841 30
3037 253 827 227 5239 1377 1366 1375 5656 5674 9263 30
3038 5154 5167 808 5250 6044 8864 9515 9353 7489 8865 30
3039 231 233 5193 5235 1388 6864 9561 6438 7504 7505 30
3040 3494 3588 3697 5099 4369 4378 4377 6899 7427 7388 30
3041 583 771 864 5344 3093 952 3095 7321 8889 8601 30
3042 3492 3744 3491 5159 4360 4359 4354 8818 8124 8531 30
3043 713 809 780 5217 2236 2949 2181 5904 9271 9555 30
3044 3774 5142 5166 5227 8906 7719 9309 9308 8659 6654 30
3045 3298 5368 5380 3280 8602 9235 8414 3355 8603 8594 30
3046 646 916 323 5250 1856 1855 1407 7866 8459 9110 30
3047 371 372 370 5280 2093 2092 2087 7493 9348 7461 30
3048 5223 544 542 504 6124 2758 7887 8385 2757 2419 30
3049 3483 5191 5168 5221 9104 7984 9490 9105 8856 8903 30
3050 5379 117 3297 5361 8862 3392 8699 8703 9562 8706 30
3051 715 813 5314 5333 3252 9563 8850 9204 9564 9206 30
3052 3648 5253 3445 5287 7879 8425 4131 7881 7882 8461 30
3053 550 745 452 5092 2508 2507 2379 6898 7716 6223 30
3054 244 324 242 5176 1451 1450 1448 8304 9396 8996 30
3055 862 916 5161 5250 1859 8458 9546 9548 8459 8460 30
3056 3767 3736 3737 5085 5078 4633 3832 7744 7524 7350 30
3057 599 5154 862 5161 8134 9547 3135 8509 8263 9546 30
3058 5373 647 7 5357 7878 962 7767 7369 9130 9565 30
3059 342 5306 5267 5330 9566 9567 9568 9569 9571 9570 30
3060 3606 5161 3512 5180 8605 8944 4467 8139 8086 9572 30
3061 759 877 554 5196 2979 2977 2978 8297 9057 8357 30
3062 3790 3431 3817 5336 4062 4060 4064 9386 7773 6506 30
3063 79 80 5230 5245 101 9573 8306 8233 9574 8307 30
3064 242 241 243 5176 1436 1444 1443 8996 7801 8568 30
3065 498 349 470 5136 1987 1977 1988 7913 6374 8382 30
3066 255 5137 252 5270 7631 7527 1500 9267 5981 7528 30
3067 3283 5360 3296 10 9446 9465 3321 3319 9467 3318 30
3068 3485 3702 3566 5151 4321 4333 4332 7015 8523 9197 30
3069 397 393 404 5264 2208 2210 2209 9075 8675 9387 30
3070 385 493 365 5118 2070 2069 2067 6497 7231 7553 30
3071 806 5178 683 5322 9575 7281 2567 9141 6667 8894 30
3072 5372 3298 22 3281 8415 3349 8653 9576 3351 3347 30
3073 470 592 498 5181 2598 2597 1988 7792 8668 8045 30
3074 435 504 351 5223 1998 1997 1995 7889 8385 8766 30
3075 872 209 822 5086 951 1291 1293 8454 6702 5738 30
3076 863 734 205 5201 1271 1122 1272 7974 7854 9329 30
3077 5383 110 3278 5373 7333 3381 9230 7336 7337 9577 30
3078 463 436 469 5341 2285 2425 2424 5931 7751 6133 30
3079 3677 5373 5366 110 8423 8116 9578 3839 7337 9579 30
3080 683 330 362 5088 1891 1892 1894 7280 5814 7188 30
3081 3477 3728 5293 5332 4137 9256 8120 8121 9260 7782 30
3082 3452 5258 5256 5259 9040 7342 9310 9041 8252 8853 30
3083 897 584 5094 5288 3098 6244 6475 6476 7453 6186 30
3084 7 5373 5357 3278 7767 7369 9565 3312 9577 9231 30
3085 464 683 362 5322 2056 1894 2054 9139 8894 7000 30
3086 3480 5222 5216 5226 5951 5637 5950 9580 8695 9433 30
3087 642 325 5181 5189 1604 9502 5691 5694 9504 5696 30
3088 670 5276 493 5119 6369 8994 2710 6367 6371 7233 30
3089 405 397 5281 5291 2227 9074 9581 9582 9232 9233 30
3090 698 699 879 5152 2106 3232 3238 8388 9174 5889 30
3091 404 5264 796 5265 9387 8980 2211 9494 8983 8982 30
3092 605 208 5372 5358 1011 9158 9583 9584 9234 8519 30
3093 314 5290 338 5298 8937 9585 1813 8911 6689 9586 30
3094 525 524 739 5327 2846 2851 2850 9190 9534 8429 30
3095 670 493 5276 671 2710 8994 6369 2709 2071 9129 30
3096 741 263 310 5099 1556 1557 1559 7214 5608 6082 30
3097 11 195 5355 799 974 9587 7723 970 975 8732 30
3098 724 5287 500 5290 8228 9390 2741 8229 8230 8021 30
3099 325 270 5171 5189 1593 8800 9503 9504 9100 9101 30
3100 3531 5152 5115 5280 8793 8248 6387 6389 8389 6391 30
3101 190 5199 735 5200 8928 8042 1116 9159 9099 9588 30
3102 725 256 557 5240 1504 1522 1524 9020 8896 8217 30
3103 869 601 5238 5278 2033 9589 7907 7909 9590 7911 30
3104 340 5205 5206 333 8031 8034 8032 1901 9126 9526 30
3105 3607 3555 3554 5346 4676 4597 4677 6175 5449 5401 30
3106 886 5287 5255 5310 8444 7436 8443 9591 9391 6078 30
3107 667 5385 5370 883 9227 8400 9226 1032 8401 8402 30
3108 272 274 273 5188 1601 1600 1596 7943 8077 7762 30
3109 766 499 423 5185 2361 2360 2357 9068 6978 6776 30
3110 3553 3786 3614 5242 4672 4671 4667 5881 7548 7223 30
3111 3517 5198 5177 5207 9248 7349 9247 9592 8861 5451 30
3112 680 679 678 5135 3212 2497 3213 6490 9054 7560 30
3113 709 660 710 5169 1187 3195 3194 9398 5641 9507 30
3114 3763 3588 3590 5098 4840 4838 4841 7438 8267 6644 30
3115 3294 5356 32 5367 9349 8350 3373 9173 8354 8352 30
3116 315 5253 736 5292 8104 8082 1702 9092 7093 8083 30
3117 5142 5169 158 5199 9107 9160 8907 8044 7564 8774 30
3118 3469 5213 3468 5282 9593 9176 4238 9374 8824 9178 30
3119 327 251 669 5117 1498 1484 1499 6143 7407 6880 30
3120 3491 5159 5129 5170 8531 6655 8993 8532 8533 8802 30
3121 3622 3613 3612 5156 4943 4939 4944 9152 9505 8475 30
3122 3681 113 114 5377 3850 135 3851 7530 9595 9594 30
3123 3472 3748 3777 5306 4237 4267 4265 8142 7640 9393 30
3124 700 821 5294 5307 1799 8257 9596 9597 8430 8431 30
3125 450 5150 679 5248 8837 9215 2496 8838 8020 9055 30
3126 3461 5238 5209 5254 9457 6633 9598 9456 8806 6251 30
3127 578 5214 5197 5317 8365 7606 8364 9599 9149 9087 30
3128 3761 3801 3696 5262 5071 5069 5070 6432 9117 8611 30
3129 742 5135 680 5227 9302 6490 3220 9483 6652 6653 30
3130 466 783 933 5191 2577 2580 2579 9311 8857 8958 30
3131 25 5381 193 26 8334 8338 1016 56 8234 1015 30
3132 357 363 364 5124 2020 2026 2025 6919 5720 5669 30
3133 3421 5185 3769 5232 8527 8831 3952 8526 7256 8832 30
3134 289 284 803 5259 1659 1660 1662 9220 8250 7007 30
3135 3771 3470 3465 5194 4232 4231 4220 7728 7572 9134 30
3136 78 79 5230 5232 100 8306 9415 9179 8232 8305 30
3137 3645 5234 3580 5264 6520 9600 4807 8109 8110 9542 30
3138 520 522 521 5165 2831 2830 2827 8151 9081 8152 30
3139 5100 3788 3621 5164 7994 4981 8384 7227 7496 8427 30
3140 3587 3699 3482 5220 4318 4284 4316 9012 7177 7235 30
3141 707 5303 445 5335 9425 9419 2290 9471 9421 9420 30
3142 3579 3787 3554 5239 4679 4678 4593 8101 5675 5654 30
3143 3656 5176 5148 5249 9601 7221 9602 9603 9138 9136 30
3144 3481 5221 5222 5226 8978 8691 9604 8979 8694 8695 30
3145 73 861 72 5231 1084 1083 94 9050 9071 8278 30
3146 242 5176 324 5249 8996 9396 1450 9137 9138 8498 30
3147 3643 5208 3470 5236 7056 7571 4253 7057 5668 7632 30
3148 910 5185 870 5232 8815 7255 2737 8816 7256 7254 30
3149 560 892 5157 5179 2995 9605 7926 8618 9606 6093 30
3150 3459 3471 3765 5241 4190 4202 4201 8665 6159 6968 30
3151 275 5220 274 278 8322 8079 1606 1610 6266 1611 30
3152 80 5245 81 5349 9574 9532 102 9607 9533 8294 30
3153 3469 5215 5213 5282 9372 6534 9593 9374 8962 8824 30
3154 560 5140 562 5179 8025 6583 2996 8618 6578 6937 30
3155 290 5256 295 5275 7343 7784 1683 7344 7345 7783 30
3156 875 670 745 5119 1879 2711 2961 8489 6367 7823 30
3157 367 369 368 5114 2078 2077 2073 5563 6112 7301 30
3158 838 572 5160 5262 3058 9360 6108 6106 9361 6107 30
3159 340 5197 763 5206 9086 5743 1904 8032 5747 5745 30
3160 5201 5214 3420 5230 7975 9182 9608 9416 7635 9181 30
3161 5160 232 849 936 6973 1399 6759 9035 1400 1402 30
3162 387 780 386 5217 2173 2172 2157 6329 9555 6328 30
3163 793 383 381 5158 2149 2148 2150 7122 6675 7187 30
3164 3292 5352 5381 5386 9609 8335 8177 8209 8348 8210 30
3165 343 5175 344 5205 9417 6651 1946 8930 6768 6915 30
3166 554 542 435 5113 2421 2420 2422 8327 7627 7886 30
3167 311 5266 635 821 8635 9045 1795 1797 8255 1798 30
3168 3681 5355 3429 113 9610 8733 3852 3850 9611 3848 30
3169 245 218 217 5339 1321 1317 1322 6414 8047 5479 30
3170 3580 5264 5234 5289 9542 8110 9600 9543 9076 8999 30
3171 749 485 483 5272 2664 2663 2665 6959 8211 8136 30
3172 582 584 489 5110 2691 2690 2685 5865 6245 7735 30
3173 3438 153 3731 5093 3902 3907 3910 5808 7811 6735 30
3174 664 663 5247 5305 3201 9438 6727 6067 9439 6442 30
3175 551 552 5302 461 2552 9262 8647 2335 2553 8827 30
3176 697 520 774 5165 2833 2146 2834 7675 8151 6807 30
3177 3510 3512 5139 5347 4450 8943 6877 9477 8949 8571 30
3178 572 525 739 5160 2858 2850 2859 9360 9189 8428 30
3179 506 422 507 5164 2353 2355 2354 7245 7028 5497 30
3180 597 938 887 5093 3128 1176 2753 9508 8715 7216 30
3181 3632 5174 5229 5274 9612 9613 8090 8092 9403 7899 30
3182 3524 5286 3723 5328 9162 9614 4528 9163 8966 9615 30
3183 346 359 344 5175 1963 1962 1960 8710 6029 6651 30
3184 5377 3682 213 3424 7529 6946 7084 9616 4024 6947 30
3185 326 927 902 5129 1870 1874 1873 6545 9228 6546 30
3186 3530 3525 3529 5284 4531 4526 4532 6077 8681 7989 30
3187 654 655 5309 885 2529 8968 6284 3190 3189 9617 30
3188 3485 5168 3483 5191 7014 9490 4320 8339 7984 9104 30
3189 539 5243 538 5317 5927 9146 2544 9497 9150 9148 30
3190 337 5298 778 5332 9618 6317 1927 9619 6293 5969 30
3191 674 316 5216 5226 1697 9475 9432 8693 9501 9433 30
3192 5377 3682 3424 3681 7529 4024 9616 7530 4023 3855 30
3193 3725 3531 3757 5115 4448 4563 4565 9404 6387 8575 30
3194 682 5104 905 5186 7277 7353 3226 7278 7273 7929 30
3195 495 339 462 5306 1937 1935 1938 7958 9550 8085 30
3196 552 591 830 5100 2554 2968 2967 9261 8586 7601 30
3197 5113 5122 3693 5223 6502 7366 7367 7888 8289 9431 30
3198 459 5210 539 5317 7628 5926 2545 7629 7159 9497 30
3199 3533 3534 5265 5281 4537 6813 9620 9621 6814 6191 30
3200 685 414 473 5156 2256 2314 2316 5997 7712 6037 30
3201 771 5311 5084 5344 8888 6987 9429 8889 7322 7011 30
3202 3497 5141 5137 5240 8321 7584 8320 9342 7074 8895 30
3203 3655 5205 3652 5210 8231 8051 4659 7509 6769 9622 30
3204 522 5198 5165 5327 9514 8166 9081 9082 9623 8868 30
3205 751 5186 938 5093 8266 8717 3129 8347 6340 8715 30
3206 852 898 544 5112 1184 2940 2930 8398 7490 6122 30
3207 5212 5224 880 5225 8200 9238 9624 7875 8783 9239 30
3208 451 473 414 5128 2315 2314 2312 8722 6039 7711 30
3209 386 780 401 5217 2172 2176 2175 6328 9555 7289 30
3210 723 5237 846 5320 9201 9277 2915 9200 9199 9279 30
3211 3572 5252 5309 3598 9556 9251 8381 4766 9625 6296 30
3212 321 342 5267 5330 1848 9568 9626 9627 9569 9570 30
3213 3725 3791 3514 5143 4480 4478 4458 9405 6499 9122 30
3214 5377 3424 114 3681 9616 3853 9594 7530 3855 3851 30
3215 621 507 820 5164 2774 2356 2775 8669 5497 8514 30
3216 5364 3670 620 3686 9628 9062 9629 8718 3885 7795 30
3217 3585 5303 5291 5333 9630 9424 9368 9530 9428 9205 30
3218 409 5291 407 5303 9539 9528 2270 9540 9424 7068 30
3219 526 522 697 5165 2843 2832 2844 7804 9081 7675 30
3220 847 932 679 5135 3219 3218 3215 7202 8650 9054 30
3221 846 594 537 5213 2388 2911 2910 9278 9323 8185 30
3222 3582 5234 5233 5289 8744 7499 8745 9631 8999 9000 30
3223 3642 3576 3584 5157 4784 4391 4785 7845 7835 7332 30
3224 81 82 829 5271 103 1138 1137 8293 8479 5536 30
3225 198 847 742 5149 1237 1236 1092 6780 6624 9303 30
3226 802 675 280 5221 1642 1641 1630 8226 9002 6904 30
3227 3470 5208 3759 5249 7571 7377 4254 8595 7972 9496 30
3228 3476 3642 3643 5236 4285 4287 4286 6355 7844 7057 30
3229 3748 5212 3468 5213 7639 9177 4236 7656 7655 9176 30
3230 3558 5326 5325 5330 6770 7526 9632 6771 5442 9340 30
3231 372 698 5152 699 2095 8388 8551 2104 2106 9174 30
3232 3532 3760 3745 5160 4569 4568 4490 9491 7451 8193 30
3233 3550 5206 5205 5226 9633 8034 9634 9635 9500 8737 30
3234 829 5271 82 5304 5536 8479 1138 6075 5750 8480 30
3235 75 74 712 5227 96 1094 1093 8657 8721 8829 30
3236 493 776 745 5119 2167 2713 2712 7233 6591 7823 30
3237 5309 3600 5324 3573 6842 6660 7290 6843 4773 8397 30
3238 5164 354 472 422 7027 2012 6891 7028 2010 2013 30
3239 797 271 860 5183 1588 1597 1599 8804 8260 9289 30
3240 3725 5143 3514 5204 9405 9122 4458 9636 7550 8361 30
3241 3525 5283 3524 5328 8920 9524 4519 8682 8237 9163 30
3242 3742 3596 3749 5188 4353 4876 4837 8560 9462 9463 30
3243 3528 3519 3716 5177 4504 4493 4505 6309 5452 8280 30
3244 675 282 5211 5222 1640 5755 9001 9088 5754 5753 30
3245 408 463 768 5341 2284 2286 2278 9060 5931 5932 30
3246 3631 5146 3611 5299 6405 7662 4935 7688 7061 9061 30
3247 3542 5281 3580 5289 9637 9541 4573 9638 9078 9543 30
3248 233 234 231 5193 1394 1393 1388 6864 8471 9561 30
3249 319 5267 635 5268 9639 9640 1804 9641 9642 9044 30
3250 3593 3768 3792 5110 4853 4864 4863 7556 7693 7752 30
3251 877 878 199 5196 1242 1241 1239 9057 6207 8747 30
3252 783 643 933 5168 3175 3124 2580 9216 8901 8957 30
3253 3420 5214 3650 5255 9182 9025 4001 9183 7608 8630 30
3254 3815 5239 5273 5297 9643 9486 7856 7857 6234 6549 30
3255 3512 3509 3510 5139 4449 4444 4450 8943 7082 6877 30
3256 80 5230 5245 5349 9573 8307 9574 9607 9169 9533 30
3257 3520 5218 5246 3739 9511 9295 9513 4499 9644 9358 30
3258 3692 3693 3690 5223 5058 5057 4736 9266 9431 8972 30
3259 300 299 5275 5318 1718 9645 8434 9376 9646 9377 30
3260 291 674 5216 5222 1675 9432 9647 9648 8690 5637 30
3261 879 786 698 5125 2683 2260 3238 5888 8269 8387 30
3262 25 5381 26 3292 8334 8234 56 3356 8177 3357 30
3263 715 5289 397 5291 8848 9077 2229 8847 8846 9232 30
3264 419 418 335 5098 1915 1793 1916 7374 6360 6031 30
3265 733 910 870 5232 1198 2737 3249 9028 8816 7254 30
3266 3639 5340 3602 5348 8038 6005 4889 8040 6010 6008 30
3267 338 5290 448 5298 9585 5986 1931 9586 6689 6059 30
3268 410 769 5233 5289 2226 9649 7500 8998 9362 9000 30
3269 5281 5289 3542 5291 9078 9638 9637 9233 8846 9650 30
3270 3697 3588 3763 5099 4378 4840 4632 7388 7427 7130 30
3271 803 753 752 5323 3272 3070 1687 7005 8482 9407 30
3272 189 76 77 5199 1105 98 1106 7884 9109 8621 30
3273 3619 3766 3726 5193 4976 4915 4662 7404 7486 8156 30
3274 727 726 491 5182 2699 2386 2700 8567 7822 5793 30
3275 305 306 307 5295 1760 1766 1765 9318 7303 7891 30
3276 314 5298 337 5332 8911 9618 1811 8912 6293 9619 30
3277 270 272 5170 5189 1591 7944 8798 9100 7945 7946 30
3278 3734 5355 3429 3681 8731 8733 4050 4051 9610 3852 30
3279 890 508 604 5096 2778 2776 2779 6855 5456 7422 30
3280 3720 3707 3787 5239 4625 4923 4802 8466 5841 5675 30
3281 834 548 621 5097 2955 2773 2956 7727 6437 8784 30
3282 5198 5207 3518 5218 8861 9651 9652 9009 9010 9653 30
3283 292 315 736 5292 1693 1702 1701 6670 9092 8083 30
3284 333 5206 316 5226 9526 9474 1821 9245 9500 9501 30
3285 413 5173 457 5285 9346 8844 2297 9538 8056 8845 30
3286 3651 5243 3687 5317 9269 9654 5023 9270 9150 9655 30
3287 689 384 688 5126 2162 2126 2163 6971 7012 6262 30
3288 3542 5289 3581 5291 9638 9195 4616 9650 8846 9194 30
3289 3515 3517 3516 5198 4482 4481 4472 8756 9248 9326 30
3290 5371 5376 3436 5354 9656 9657 8686 8685 9658 8687 30
3291 430 421 420 5208 2342 1861 2343 5917 6826 6542 30
3292 480 5120 476 743 8677 5686 2630 2631 7037 2622 30
3293 934 897 584 5094 3099 3098 3100 6639 6475 6244 30
3294 3526 3533 3534 5265 4523 4537 4536 7776 9620 6813 30
3295 261 259 258 5111 1530 1526 1531 5925 7193 7053 30
3296 3766 5154 3605 5250 9352 9051 4914 7488 9353 9659 30
3297 785 693 403 5288 2257 2086 2258 9660 6184 7401 30
3298 3605 5161 3606 5250 9052 8605 4466 9659 8460 9032 30
3299 291 315 292 5216 1694 1693 1679 9647 8103 6494 30
3300 3463 5294 3464 3462 6595 5940 4214 4208 9661 4213 30
3301 408 768 407 5300 2278 2277 2272 9059 5614 7067 30
3302 431 433 421 5194 2350 2349 2347 9166 8781 6828 30
3303 232 230 228 5273 1380 1379 1381 6974 7870 9525 30
3304 704 5296 839 5314 9662 9663 3245 9664 9666 9665 30
3305 374 373 375 5143 2103 2108 2107 7919 8840 8839 30
3306 598 536 5161 5180 2902 9095 8087 7679 9557 8086 30
3307 783 719 674 5226 2578 1824 3210 8858 8738 8693 30
3308 929 830 591 5100 2418 2968 3121 7412 7601 8586 30
3309 681 475 451 5248 2503 2502 2494 8010 7443 8723 30
3310 656 5229 5174 5274 9667 9613 9668 9669 7899 9403 30
3311 5218 3516 5198 5327 9670 9326 9009 9191 9094 9623 30
3312 3632 3625 5174 5274 4997 9671 9612 8092 9672 9403 30
3313 911 573 5238 5263 3063 8807 9673 9674 8808 8809 30
3314 246 248 249 5145 1470 1473 1472 9382 8356 5421 30
3315 833 303 305 5295 1757 1755 1758 9098 8578 9318 30
3316 5233 5289 769 5314 9000 9362 9649 9675 8849 9363 30
3317 838 572 936 5160 3058 3059 1401 6108 9360 9035 30
3318 3510 5204 3513 5347 6876 8495 4455 9477 7833 8496 30
3319 631 880 433 5225 2410 2409 2407 8713 9239 8782 30
3320 5366 5387 644 3796 8060 8013 8059 9470 9357 8391 30
3321 552 461 591 5302 2553 2555 2554 9262 8827 8587 30
3322 578 538 5214 5317 2548 9147 8365 9599 9148 9149 30
3323 779 832 5198 5207 2839 7145 9007 9006 8860 8861 30
3324 3783 3776 3692 5172 3995 5063 5064 7915 6541 9265 30
3325 5357 5373 5383 3278 7369 7336 7371 9231 9577 9230 30
3326 5350 5378 5369 3770 8892 8372 8794 8170 5796 8577 30
3327 5243 660 189 5169 5642 1188 7385 5640 5641 7384 30
3328 3538 5320 5237 5346 8189 9199 9676 8190 6057 9202 30
3329 673 5290 314 5293 7091 8937 1710 7825 7826 8909 30
3330 624 829 5304 5338 3162 6075 8759 8760 6709 6995 30
3331 201 66 771 5084 1044 948 1047 7936 9185 9429 30
3332 843 862 599 5154 2929 3135 3136 6163 9547 8134 30
3333 732 884 580 5255 1218 3084 3085 8126 8588 8107 30
3334 250 5134 357 5276 8015 8555 1490 8017 7740 6918 30
3335 269 268 270 5159 1576 1581 1580 9249 7867 8799 30
3336 3447 3445 3648 5253 4129 4131 4130 7250 8425 7879 30
3337 3593 3591 3768 5125 4852 4854 4853 7554 8419 8446 30
3338 3545 3499 3697 5103 4402 4388 4403 5628 6356 7113 30
3339 247 356 5134 5242 1478 6512 8761 9327 6940 5831 30
3340 466 719 783 5191 1959 2578 2577 9311 8739 8857 30
3341 377 376 375 5143 2117 2113 2118 6026 6755 8839 30
3342 3751 5153 3566 5175 9422 9198 4739 6351 8543 9250 30
3343 404 5265 692 5281 9494 6192 2265 9388 6191 6190 30
3344 654 915 885 5309 3187 3191 3190 6284 9531 9617 30
3345 3605 3509 3512 5161 4451 4449 4452 9052 8261 8944 30
3346 619 638 828 5127 3158 3160 2733 7613 6469 7652 30
3347 618 490 749 5311 2697 2676 2698 9375 6850 6960 30
3348 157 5142 3774 5227 9452 8906 3931 9453 8659 9308 30
3349 716 749 483 5091 2666 2665 2654 6543 7591 6270 30
3350 3466 5212 3748 5225 9677 7639 4235 9678 7875 7874 30
3351 5376 121 120 3436 9679 142 9680 9657 3872 3871 30
3352 3649 5197 3652 5206 6255 9131 5020 6256 5747 8052 30
3353 3520 5218 3739 3518 9511 9644 4499 4496 9653 4498 30
3354 424 5184 766 5233 9681 9297 2358 9682 8573 9069 30
3355 78 205 5201 5230 1117 9329 8725 9415 9537 9416 30
3356 3693 3776 5112 5223 5062 6540 9516 9431 7115 6123 30
3357 476 474 475 5120 2617 2501 2618 5686 5802 7441 30
3358 663 661 5251 5305 3197 9683 9436 9439 9684 9440 30
3359 3521 3520 5207 5279 4501 9512 5908 5971 9685 5973 30
3360 3522 3524 5283 5312 4516 9524 9686 9687 9161 8791 30
3361 3783 3418 3776 5162 3992 3993 3995 7914 8642 6538 30
3362 704 5331 5296 5333 9688 7540 9662 9689 9691 9690 30
3363 5218 3516 5327 3532 9670 9094 9191 9692 4488 9492 30
3364 5271 164 3427 701 5748 3968 6299 5749 5574 5619 30
3365 13 5390 5359 3291 9693 7953 9694 3326 7951 7952 30
3366 319 5267 5268 5313 9639 9642 9641 9695 9697 9696 30
3367 437 322 5325 5326 1842 9698 5604 5471 9699 7526 30
3368 5227 75 187 712 8657 1100 8680 8829 1093 1103 30
3369 5175 5191 3702 5205 7309 8524 8549 6768 8741 9700 30
3370 784 595 470 5151 2601 2600 1979 7481 6952 7791 30
3371 3471 3749 3782 5202 4258 4261 4260 6157 9495 6316 30
3372 3706 159 3432 5201 3942 3935 3945 9316 8112 7566 30
3373 275 5220 278 5203 8322 6266 1610 8323 6267 6264 30
3374 340 5205 333 341 8031 9126 1901 1905 7160 1906 30
3375 3512 5180 5161 5347 9572 8086 8944 8949 7853 8583 30
3376 678 5150 413 5285 7894 9345 2310 7593 7895 9538 30
3377 567 568 869 5241 3027 3036 3035 9217 5485 7908 30
3378 158 3433 3774 5199 3937 3940 3932 8774 9124 8908 30
3379 3515 5144 3812 5195 9243 7047 4474 8754 7446 8488 30
3380 3776 3418 3713 5112 3993 3927 3994 6540 8664 9119 30
3381 3651 5197 3650 5214 9701 8631 4002 9268 7606 9025 30
3382 5263 5278 309 5295 9702 9703 9704 9705 8579 9706 30
3383 3494 3496 3495 5111 4375 4374 4367 7197 8559 7749 30
3384 804 825 697 5204 2221 2864 3237 8547 8959 7676 30
3385 850 819 329 5309 1885 1764 1886 9707 9072 8776 30
3386 3780 3584 3497 5240 4393 4392 4389 9151 8487 9342 30
3387 520 519 380 5195 2144 2143 2145 8153 7787 8245 30
3388 758 811 5172 5223 2041 6565 8971 9063 6566 6125 30
3389 511 692 5265 5286 2331 6192 9464 8965 6193 6194 30
3390 3522 5246 3520 5279 9708 9513 4506 9709 9552 9685 30
3391 394 800 606 5279 2194 2215 2214 6962 6426 8537 30
3392 3575 5268 5269 5307 9710 9380 8312 8311 8638 7511 30
3393 5371 120 3436 5376 6513 3871 8686 9656 9680 9657 30
3394 838 228 226 5273 1370 1369 1371 6109 9525 9018 30
3395 3513 5180 3512 5347 8663 9572 4454 8496 7853 8949 30
3396 13 12 5390 3291 43 7022 9693 3326 3325 7951 30
3397 687 399 685 5299 2156 2239 2241 8934 8820 8130 30
3398 662 5241 695 5247 9711 9445 3039 9712 9714 9713 30
3399 304 302 329 5329 1751 1753 1752 8919 8412 8778 30
3400 664 285 665 5305 1647 1665 1667 6067 8196 9520 30
3401 236 237 234 5193 1409 1408 1403 6149 6792 8471 30
3402 3565 3539 3567 5341 4582 4602 4601 6033 6525 5930 30
3403 3623 5163 3613 5173 8931 9207 4948 8913 8932 9506 30
3404 3644 5179 3476 5209 8441 7116 4289 9715 6298 6353 30
3405 643 5168 783 5221 8901 9216 3175 8902 8903 8855 30
3406 3585 3762 5303 5333 4830 9716 9630 9530 9717 9428 30
3407 450 414 413 5150 2307 2255 2308 8837 8019 9345 30
3408 3746 3505 3506 5124 4429 4424 4430 5585 6505 6098 30
3409 766 706 870 5185 3251 3247 2736 9068 7557 7255 30
3410 422 355 820 5164 2011 2016 2015 7028 7029 8514 30
3411 766 5184 706 5185 9297 6529 3251 9068 7842 7557 30
3412 3718 3539 5300 5303 4578 5615 9718 9719 5617 5618 30
3413 863 578 538 5214 2918 2548 2919 7976 8365 9147 30
3414 321 5267 5325 5330 9626 9720 9721 9627 9570 9340 30
3415 390 389 388 5187 2182 2178 2183 6334 9219 7111 30
3416 742 847 680 5135 1236 3216 3220 9302 7202 6490 30
3417 5241 5247 662 5251 9714 9712 9711 7962 9437 9722 30
3418 655 5309 5252 5340 8968 9251 9518 8969 6287 8436 30
3419 5188 5202 3641 5203 9084 9723 9724 8325 9085 9725 30
3420 82 701 83 5304 1142 1141 104 8480 5751 6649 30
3421 160 5201 3420 5230 9726 9608 3948 9727 9416 9181 30
3422 3291 12 5390 3288 3325 7022 7951 3327 3323 7025 30
3423 311 5266 821 5307 8635 8255 1797 8636 8432 8430 30
3424 3802 5321 3721 5323 6304 8536 4292 9728 8301 8535 30
3425 694 249 725 5147 1474 1487 1489 6622 5579 8422 30
3426 411 546 837 5174 2249 2301 2300 7840 8836 8054 30
3427 3790 3583 5334 5336 4820 6445 9385 9386 6466 6657 30
3428 552 5100 830 5343 9261 7601 2967 9370 7176 9729 30
3429 5202 5241 3457 5247 5518 9730 9731 9732 9714 9733 30
3430 911 5263 5238 5278 9674 8809 9673 9734 9702 7911 30
3431 72 71 721 5105 93 1076 1075 8198 7860 7356 30
3432 3692 5153 3751 5172 9320 9422 4738 9265 8708 6350 30
3433 512 5308 5286 5328 9735 7683 9493 9430 9736 8966 30
3434 237 708 241 5148 1418 1427 1426 6618 6231 7800 30
3435 3555 3556 3538 5346 4599 4598 4596 5449 5553 8190 30
3436 761 810 603 5224 1864 3138 1442 8342 8362 8199 30
3437 155 3713 156 5231 3918 3917 172 8701 9120 9288 30
3438 3448 5292 5260 5293 9737 6672 8898 8897 7827 8007 30
3439 3453 5259 3452 3451 8813 9041 4158 4159 5883 4154 30
3440 3656 3759 5176 5249 4257 8510 9601 9603 9496 9138 30
3441 305 5295 303 5329 9318 8578 1755 9319 8580 5551 30
3442 3552 5145 5134 5242 8329 7850 8328 9089 9259 5831 30
3443 283 643 802 5220 1655 1657 1632 8406 8900 8225 30
3444 3294 5356 128 3277 9349 9351 3417 3375 9738 3414 30
3445 5218 5246 3739 5262 9295 9358 9644 9355 6000 9359 30
3446 538 459 539 5317 2543 2545 2544 9148 7629 9497 30
3447 578 5197 460 5317 8364 9487 2547 9599 9087 9488 30
3448 881 898 188 5123 1186 1185 1097 5964 7902 7949 30
3449 5277 913 5328 5308 9739 9740 7991 5531 9741 9736 30
3450 3522 5246 5279 5283 9708 9552 9709 9686 6002 9554 30
3451 3655 5175 3702 5205 7508 8549 4660 8231 6768 9700 30
3452 3639 3599 3602 5340 4882 4887 4889 8038 6188 6005 30
3453 519 793 381 5195 2151 2150 2142 7787 8711 7445 30
3454 8 5357 5360 3278 9400 7510 9401 3313 9231 9229 30
3455 3652 5205 3550 5206 8051 9634 4656 8052 8034 9633 30
3456 3614 3628 3552 5145 4669 4668 4666 9418 6957 8329 30
3457 3725 5115 5143 5204 9404 8247 9405 9636 6875 7550 30
3458 3520 5218 3518 5207 9511 9653 4496 9512 9010 9651 30
3459 3623 5173 3622 5285 8913 9154 4949 8882 8056 9742 30
3460 656 5190 5174 5229 9743 8160 9668 9667 8917 9613 30
3461 629 5277 767 5328 7154 9744 2807 8068 7991 9745 30
3462 747 5325 322 5326 9339 9698 1846 5441 7526 9699 30
3463 779 832 521 5198 2839 2829 2837 9007 7145 7143 30
3464 3491 5129 3596 5170 8993 8924 4352 8532 8802 9746 30
3465 3738 3736 3767 5090 4629 5078 5079 6927 7961 7743 30
3466 5239 5257 3579 5273 5655 8102 8101 9486 9748 9747 30
3467 674 675 5221 5222 1677 9002 8692 8690 9088 8691 30
3468 641 354 472 5101 2003 2012 2014 7117 6730 6893 30
3469 3520 3522 3695 5246 4506 4509 4508 9513 9708 6001 30
3470 3420 5201 3706 5214 9608 9316 3951 9182 7975 9338 30
3471 310 263 298 5099 1557 1547 1558 6082 5608 6023 30
3472 3291 5377 5359 114 7950 7954 7952 3389 9594 9749 30
3473 704 839 813 5314 3245 2366 3244 9664 9665 9563 30
3474 3480 3481 5222 5226 4281 9604 5951 9580 8979 8695 30
3475 192 5361 617 5374 9335 9535 990 9750 8702 9498 30
3476 473 474 691 5261 2499 2613 2612 6040 5801 9489 30
3477 416 5229 656 5274 7897 9667 2324 7898 7899 9669 30
3478 553 759 472 5196 2610 2609 2607 6417 8297 8558 30
3479 765 5179 566 5209 7425 8333 3018 7426 6298 6628 30
3480 751 682 905 5186 3224 3226 3225 8266 7278 7929 30
3481 3497 3584 3576 5240 4392 4391 4382 9342 8487 7837 30
3482 821 495 631 5225 2720 2718 2721 8256 7957 8713 30
3483 3453 5259 3451 5211 8813 5883 4159 6346 5756 6480 30
3484 227 5257 5239 5273 9264 5655 9263 9751 9748 9486 30
3485 761 324 810 5249 1452 1862 1864 8341 8498 8363 30
3486 715 5291 707 5333 8847 9426 2291 9204 9205 9427 30
3487 700 311 821 5307 1779 1797 1799 9597 8636 8430 30
3488 3702 3485 3483 5191 4321 4320 4322 8524 8339 9104 30
3489 387 383 388 5187 2158 2160 2159 6504 6676 7111 30
3490 553 506 625 5095 2608 2768 2770 6418 7246 6180 30
3491 556 5246 5218 5262 8834 9295 9752 8835 6000 9355 30
3492 3519 3521 3520 5207 4502 4501 4497 5450 5908 9512 30
3493 622 5365 636 5392 6423 6451 1199 6168 6424 6080 30
3494 892 558 560 5157 2994 2992 2995 9605 7925 7926 30
3495 3723 3524 3526 5286 4528 4521 4529 9614 9162 7777 30
3496 664 281 285 5258 1636 1645 1647 6066 6847 8195 30
3497 3742 5188 3587 5220 8560 9397 4328 8712 8078 9012 30
3498 3687 5210 3652 5317 9753 9622 5022 9655 7159 8053 30
3499 488 582 489 5110 2686 2685 2680 5880 5865 7735 30
3500 5304 624 912 762 8759 3164 8563 8985 3165 1266 30
3501 3550 5191 3481 5226 9754 8977 4312 9635 8740 8979 30
3502 795 515 5246 5283 2811 9553 9332 9333 9023 6002 30
3503 156 3713 3418 5123 3917 3927 3924 9414 9118 8641 30
3504 3624 3613 3623 5163 4950 4948 4951 7691 9207 8931 30
3505 3792 3767 3752 5089 5081 3836 5082 7105 7742 7859 30
3506 3467 5249 3656 5282 8788 9603 4241 8789 8344 9755 30
3507 5279 5283 515 5312 9554 9023 9551 6785 8791 9024 30
3508 692 404 796 5265 2265 2211 2266 6192 9494 8982 30
3509 494 901 453 5090 2512 2511 2504 6751 6706 6956 30
3510 252 255 256 5137 1500 1503 1502 7527 7631 8633 30
3511 615 5190 614 5200 8626 8915 3149 8628 8629 8914 30
3512 695 5241 5202 5247 9445 5518 9444 9713 9714 9732 30
3513 704 518 5331 5333 2823 9756 9688 9689 9757 9691 30
3514 3643 3470 3771 5236 4253 4232 4256 7057 7632 7729 30
3515 925 434 828 5127 2414 2412 2415 8452 7603 7652 30
3516 73 742 74 5149 1090 1089 95 9049 9303 9221 30
3517 626 5190 5166 5285 9481 8625 9367 9758 8162 6402 30
3518 3745 3606 3512 5180 4468 4467 4464 8192 8139 9572 30
3519 635 5267 5266 5268 9640 9759 9045 9044 9642 8639 30
3520 447 369 367 5114 2079 2078 2080 5521 6112 5563 30
3521 904 5214 205 5230 7634 9330 1269 7636 7635 9537 30
3522 808 541 540 5167 2924 2060 2925 8864 6043 5659 30
3523 434 355 353 5121 2007 2006 2008 8028 7476 7938 30
3524 817 5194 431 5236 6199 9166 2397 6200 6201 9167 30
3525 877 199 844 5138 1239 1079 1240 9056 7698 8186 30
3526 630 5246 515 5279 9760 9553 2808 9435 9552 9551 30
3527 347 348 346 5153 1971 1970 1965 8319 6710 8707 30
3528 771 5084 66 5344 9429 9185 948 8889 7011 8643 30
3529 561 5212 880 5225 8292 9624 3005 8271 7875 9239 30
3530 794 5203 664 5247 9455 6065 1637 9761 6440 6727 30
3531 358 303 833 5278 1748 1757 1759 5758 5550 9097 30
3532 3582 5234 3778 5274 8744 6052 4817 8746 5907 6051 30
3533 857 5157 432 5236 6164 6095 2394 6165 5710 6096 30
3534 405 407 5291 5300 2267 9528 9582 9762 7067 9527 30
3535 79 705 80 5245 1124 1123 101 8233 7703 9574 30
3536 414 402 413 5156 2254 2252 2255 7712 9328 9344 30
3537 470 349 347 5151 1977 1976 1978 7791 7616 8318 30
3538 3460 5238 3461 5263 9763 9457 4198 9764 8809 9458 30
3539 3769 3421 3633 5185 3952 4006 4009 8831 8527 8872 30
3540 664 665 663 5305 1667 3199 3201 6067 9520 9439 30
3541 656 614 5190 5229 2606 8915 9743 9667 8916 8917 30
3542 505 5337 529 5342 8023 9765 2762 8024 6260 8041 30
3543 480 5120 743 5093 8677 7037 2631 8678 6339 7038 30
3544 869 5241 662 5251 7908 9711 2036 7963 7962 9722 30
3545 5296 5314 704 5333 9666 9664 9662 9690 9206 9689 30
3546 505 529 5337 798 2762 9765 8023 2764 2763 8187 30
3547 833 309 5278 5295 1769 9703 9097 9098 9706 8579 30
3548 5373 3678 3677 210 7877 4101 8423 9412 7753 7900 30
3549 5376 5358 121 3436 9766 9767 9679 9657 9768 3872 30
3550 872 5182 864 5344 8455 8600 954 8753 6885 8601 30
3551 3747 3594 3593 5102 4860 4856 4861 7150 7612 7149 30
3552 3445 3444 3442 5290 4116 4115 4117 8426 5985 6556 30
3553 862 5154 808 5250 9547 9515 1857 9548 9353 8865 30
3554 343 345 344 5175 1956 1955 1946 9417 7307 6651 30
3555 3419 157 3774 5227 3926 3931 3934 7184 9453 9308 30
3556 3459 5251 3458 3457 8843 8598 4188 4189 9769 4184 30
3557 319 5267 5313 5325 9639 9697 9695 9770 9720 5742 30
3558 934 776 897 5094 2716 2171 3099 6639 6592 6475 30
3559 3465 5224 3466 5225 9133 9771 4224 9135 8783 9678 30
3560 5305 290 299 5275 7551 1690 9772 7552 7344 9645 30
3561 863 538 814 5243 2919 2916 2920 7977 9146 9175 30
3562 3494 3697 3496 5111 4377 4376 4375 7197 7114 8559 30
3563 932 5104 681 5248 8651 8009 3217 8652 7392 8010 30
3564 638 637 831 5132 3159 1625 3172 6467 8330 9379 30
3565 3609 3611 3610 5146 4930 4929 4872 7663 7662 6406 30
3566 3695 5246 3522 5283 6001 9708 4509 5727 6002 9686 30
3567 5218 3516 3532 3518 9670 4488 9692 9653 4486 4489 30
3568 454 295 5256 5348 1716 7784 9480 7415 7785 7786 30
3569 3652 5197 3651 5317 9131 9701 5021 8053 9087 9270 30
3570 361 718 543 5103 1732 2051 2050 5976 5922 5678 30
3571 695 568 696 5241 3040 3042 1621 9445 5485 5486 30
3572 3722 3609 3608 5128 4924 4870 4925 7986 8473 8859 30
3573 659 811 868 5172 2039 2938 3193 5429 6565 7430 30
3574 817 765 576 5209 2402 3034 3074 6197 7426 9280 30
3575 240 594 429 5213 1439 1438 1431 8821 9323 9478 30
3576 641 554 435 5113 2423 2422 2004 7118 8327 7886 30
3577 3750 5163 5158 5299 9180 7191 8811 8812 9015 7050 30
3578 644 210 5382 5366 960 9411 8011 8059 9413 8061 30
3579 854 795 556 5246 2987 2880 2986 6045 9332 8834 30
3580 416 410 423 5233 2233 2293 2292 7896 7500 6778 30
3581 5129 3782 5192 3597 8923 6314 5946 7885 4875 8108 30
3582 3483 3481 3550 5191 4310 4312 4311 9104 8977 9754 30
3583 3711 5252 5275 5318 8955 8433 8954 9773 7680 9377 30
3584 853 763 579 5197 1914 2551 3083 7569 5743 7433 30
3585 3708 3537 3511 5257 4461 4460 4462 9030 9255 6870 30
3586 593 576 573 5254 3061 3033 3062 9521 9281 8805 30
3587 3530 3529 3540 5277 4532 4552 4551 6509 7990 6599 30
3588 688 691 689 5261 3230 2639 2163 9212 9489 9026 30
3589 3737 3804 4 5086 3835 3834 3831 8453 6854 6089 30
3590 634 5262 838 5297 8947 6106 1372 8948 6488 6548 30
3591 3471 3457 5202 5241 4191 9731 6157 6159 9730 5518 30
3592 160 3769 5201 5232 3944 8936 9726 9774 8832 8941 30
3593 152 3752 4 5084 3828 3827 168 7040 7619 7009 30
3594 5358 5354 3436 5376 9775 8687 9768 9766 9658 9657 30
3595 5218 3516 3518 5198 9670 4486 9653 9009 9326 9652 30
3596 3527 3812 5158 5195 4485 7045 8945 9043 8488 7447 30
3597 20 5371 3289 5365 9776 9777 3343 9778 6515 9779 30
3598 5263 5295 309 5307 9705 9706 9704 9780 7302 9781 30
3599 3653 5255 3650 5287 8926 8630 5018 9782 7436 8632 30
3600 247 356 250 5134 1478 1477 1476 8761 6512 8015 30
3601 502 5287 886 5310 9783 8444 2749 9784 9391 9591 30
3602 5184 5233 424 5314 8573 9682 9681 9785 9675 9786 30
3603 626 928 5190 5285 2533 8438 9481 9758 8439 8162 30
3604 526 535 5327 5180 2853 7658 8887 7851 7248 7660 30
3605 901 893 453 5090 2513 2510 2511 6706 6713 6956 30
3606 912 5316 204 5337 8728 7559 1267 8565 6071 7558 30
3607 242 239 5148 5249 1435 9544 8995 9137 9787 9136 30
3608 3596 5170 5129 5183 9746 8802 8924 8925 7760 7261 30
3609 218 220 219 5339 1327 1326 1319 8047 5836 6486 30
3610 3677 5373 110 3439 8423 7337 3839 3843 7335 3841 30
3611 242 239 241 5148 1435 1425 1436 8995 9544 7800 30
3612 382 383 386 5158 2147 2153 2152 9017 6675 6326 30
3613 695 5202 794 5247 9444 9454 1623 9713 9732 9761 30
3614 157 3419 156 5227 3926 3925 173 9453 7184 9476 30
3615 3729 154 153 5087 3905 170 3906 6173 7522 5867 30
3616 450 678 679 5150 2309 2497 2496 8837 7894 9215 30
3617 3594 3608 3595 5116 4866 4865 4858 6944 6176 7598 30
3618 319 5313 320 5325 9695 5977 1830 9770 5742 5978 30
3619 5277 913 5308 245 9739 9741 5531 5530 1465 5529 30
3620 526 5327 535 524 8887 7658 2853 2842 9534 2852 30
3621 552 830 925 5343 2967 2416 2969 9370 9729 9033 30
3622 283 595 643 5168 1654 1656 1655 8953 6553 8901 30
3623 656 5174 809 5274 9668 9402 2326 9669 9403 9272 30
3624 345 343 466 5191 1956 1958 1957 7308 8929 9311 30
3625 5243 189 660 814 7385 1188 5642 9175 1190 1189 30
3626 432 857 892 5157 2394 2406 2405 6095 6164 9605 30
3627 3587 5188 3641 5203 9397 9724 4835 9011 8325 9725 30
3628 580 578 904 5214 3078 3080 3079 8106 8365 7634 30
3629 155 3434 154 5105 3912 3911 171 6793 6698 7580 30
3630 573 5209 566 5238 8826 6628 3030 8807 6633 6631 30
3631 160 3769 159 5201 3944 3943 176 9726 8936 8112 30
3632 240 5215 238 5282 9378 8451 1428 8823 8962 8960 30
3633 5360 3439 3680 111 7416 3846 9053 7417 3842 3844 30
3634 390 391 389 5244 2188 2187 2182 6333 7299 7300 30
3635 725 252 256 5137 1488 1502 1504 8421 7527 8633 30
3636 272 642 274 5189 1603 1602 1601 7945 5694 8076 30
3637 3746 3605 3766 5154 4453 4914 4674 6941 9051 9352 30
3638 5356 3674 3440 127 6688 3894 6687 9788 3890 3892 30
3639 3709 3760 3761 5228 4917 5075 5074 8408 7452 7666 30
3640 3560 3559 3781 5326 4697 4702 4701 5473 5439 5472 30
3641 5281 5291 3718 5300 9233 9789 9790 6914 9527 9718 30
3642 293 5292 294 5293 9331 8990 1698 8005 7827 8991 30
3643 763 340 460 5197 1904 1942 1944 5743 9086 9487 30
3644 424 5233 769 5314 9682 9649 2296 9786 9675 9363 30
3645 3706 3687 3651 5243 4068 5023 4005 9317 9654 9269 30
3646 3624 3629 3797 5217 4993 4996 4995 7690 7547 6799 30
3647 615 190 735 5200 1193 1116 1197 8628 9159 9588 30
3648 879 487 786 5125 2682 2677 2683 5888 6748 8269 30
3649 3641 5188 3749 5202 9724 9463 4259 9723 9084 9495 30
3650 3480 5216 3654 5226 5950 8597 4296 9580 9433 9791 30
3651 693 368 403 5107 2075 2084 2086 6536 6707 7661 30
3652 5367 3286 129 5362 9172 3307 6377 6378 7545 6376 30
3653 20 5371 21 3289 9776 9792 51 3343 9777 3345 30
3654 845 5213 846 5237 6694 9278 2391 6695 6535 9277 30
3655 5160 5218 3801 5262 9193 9793 9116 6107 9355 9117 30
3656 5213 5237 3536 5320 6535 9794 8975 7657 9199 8976 30
3657 201 840 851 5155 1249 1251 1054 7935 9324 8182 30
3658 3813 3622 5150 5285 4988 9153 8188 7129 9742 7895 30
3659 164 165 3700 5316 181 3972 3971 5576 5894 5575 30
3660 186 887 938 5093 1172 1176 1175 5778 7216 8715 30
3661 311 308 5268 5307 1776 9381 8637 8636 7292 8638 30
3662 3461 5209 3463 5254 9598 6247 4209 9456 6251 6249 30
3663 3500 3499 3501 5108 4395 4400 4399 7146 6357 7126 30
3664 5368 5352 5380 3280 9307 9795 9235 8603 9305 8594 30
3665 456 5340 328 5348 6006 7167 1882 6009 6010 7166 30
3666 3590 3754 3753 5097 4846 4031 4848 7677 5863 6804 30
3667 3613 5163 5156 5173 9207 9048 9505 9506 8932 9156 30
3668 5202 5203 794 5247 9085 9455 9454 9732 6440 9761 30
3669 423 424 766 5233 2294 2358 2357 6778 9682 9069 30
3670 498 828 740 5136 2732 2413 1989 7913 7653 7196 30
3671 3475 3481 5221 5222 4280 8978 8905 9031 9604 8691 30
3672 327 875 640 5108 1876 1875 1513 6142 7485 5935 30
3673 806 516 683 5178 2814 1919 2567 9575 8734 7281 30
3674 3281 5358 3298 121 9796 8520 3351 3400 9767 3403 30
3675 319 5268 312 5313 9641 9797 1802 9695 9696 9798 30
3676 3742 3489 5170 5189 4338 8609 8561 8562 9341 7946 30
3677 3750 3631 3611 5299 4942 4935 4940 8812 7688 9061 30
3678 626 5166 882 5285 9367 6401 2531 9758 6402 6400 30
3679 257 259 711 5141 1525 1528 1527 7275 7194 7820 30
3680 926 564 873 5192 3020 3022 3021 7997 6576 6933 30
3681 3581 5289 5233 5314 9195 9000 9799 9196 8849 9675 30
3682 339 5267 342 5306 9800 9568 1847 9550 9567 9566 30
3683 3475 3453 3451 5211 4160 4159 4161 8904 6346 6480 30
3684 3632 3634 3582 5233 4815 4814 4813 8091 8000 8745 30
3685 785 403 786 5288 2258 2259 2261 9660 7401 8268 30
3686 3488 3546 3646 5127 4339 4348 4347 8483 9046 7912 30
3687 600 509 529 5342 2780 2761 2781 7471 7439 8041 30
3688 3298 5368 5358 5380 8602 9237 8520 8414 9235 8521 30
3689 523 525 5218 5327 2845 9192 9801 9802 9190 9191 30
3690 319 635 312 5268 1804 1796 1802 9641 9044 9797 30
3691 3811 3785 3434 5104 4080 4079 4076 7393 7394 6697 30
3692 839 5296 5184 5314 9663 6531 9803 9665 9666 9785 30
3693 3441 5310 3442 5338 5896 6555 4034 5899 5900 6557 30
3694 805 831 5132 5343 1627 9379 8940 9209 9301 8493 30
3695 306 788 308 5319 1773 1772 1771 7294 9804 7296 30
3696 583 618 771 5311 2696 3094 3093 7320 9375 8888 30
3697 3748 3468 3536 5213 4236 4245 4247 7656 9176 8975 30
3698 317 312 5269 5313 1782 9805 6518 6519 9798 5425 30
3699 562 560 559 5140 2996 2993 2997 6583 8025 7071 30
3700 3516 5165 5198 5327 9093 8166 9326 9094 8868 9623 30
3701 484 816 482 5102 2660 2659 2657 8272 5652 6154 30
3702 415 509 778 5342 2319 2321 1928 8727 7439 6375 30
3703 815 712 680 5227 1178 3221 3222 8163 8829 6653 30
3704 800 630 5207 859 3140 9434 6419 2244 3170 8486 30
3705 5357 8 200 647 9400 965 9037 9130 961 966 30
3706 546 401 780 5217 2250 2176 2251 9371 7289 9555 30
3707 3535 5308 3719 3723 8218 8374 4583 4540 9806 4585 30
3708 554 877 590 5138 2977 2976 2933 8497 9056 7538 30
3709 3295 5370 126 5375 8735 9807 3413 9808 9224 9809 30
3710 3471 3782 3765 5192 4260 4262 4202 6158 6314 6967 30
3711 378 686 688 5146 2135 2136 2125 5847 6903 6261 30
3712 524 522 526 5327 2841 2843 2842 9534 9082 8887 30
3713 3472 3466 3748 5225 4226 4235 4237 7813 9678 7874 30
3714 780 809 546 5217 2949 2946 2251 9555 9271 9371 30
3715 3585 3542 3581 5291 4618 4616 4619 9368 9650 9194 30
3716 3783 3751 3688 5172 5055 5027 5054 7915 6350 5821 30
3717 3717 3500 3503 5117 4397 4406 4408 5600 6573 7561 30
3718 3647 5295 5319 5329 8591 7304 8592 9810 8580 8779 30
3719 316 332 315 5216 1816 1815 1695 9475 6678 8103 30
3720 3420 160 3706 5201 3948 3941 3951 9608 9726 9316 30
3721 688 384 376 5126 2126 2115 2124 6262 7012 8719 30
3722 3635 5256 3474 5348 9811 8358 4273 9103 7786 8512 30
3723 716 717 840 5155 2754 3256 3255 6544 9058 9324 30
3724 304 306 305 5329 1761 1760 1756 8919 9170 9319 30
3725 3609 3722 3612 5128 4924 4933 4932 8473 7986 8474 30
3726 500 5287 502 5310 9390 9783 2739 8022 9391 9784 30
3727 248 669 251 5117 1482 1484 1481 8355 6880 7407 30
3728 3694 3419 3813 5135 3996 3999 3998 8869 7185 7127 30
3729 5153 5172 3692 5223 8708 9265 9320 8884 6125 9266 30
3730 413 411 457 5173 2253 2298 2297 9346 7841 8844 30
3731 907 235 222 5284 1352 1351 1338 6762 7730 5763 30
3732 834 516 627 5178 2340 2815 2816 7484 8734 5957 30
3733 566 765 563 5179 3018 3004 3016 8333 7425 8440 30
3734 3291 5377 114 3288 7950 9594 3389 3327 7533 3386 30
3735 3542 3718 5281 5291 4580 9790 9637 9650 9789 9233 30
3736 425 543 823 5219 2049 2371 2370 8828 5676 6229 30
3737 523 5198 522 5327 9812 9514 2836 9802 9623 9082 30
3738 540 781 5167 5242 2024 8476 5659 5830 8477 5832 30
3739 3517 3518 5198 5207 4487 9652 9248 9592 9651 8861 30
3740 3496 3497 3495 5141 4380 4379 4374 7726 8321 8067 30
3741 813 704 5314 5333 3244 9664 9563 9564 9689 9206 30
3742 3582 5233 3581 5289 8745 9799 4804 9631 9000 9195 30
3743 749 716 840 5311 2666 3255 3157 6960 8420 9325 30
3744 3708 5235 3709 5273 9029 8407 4663 9813 7871 8409 30
3745 331 313 314 5293 1805 1708 1806 7781 8507 8909 30
3746 230 5235 229 5273 7872 9814 1378 7870 7871 9815 30
3747 3807 3584 3780 5147 4826 4393 4827 7775 7331 6004 30
3748 398 713 392 5234 2206 2191 2204 7903 5711 5595 30
3749 551 741 418 5131 2336 1794 2334 8646 7215 6361 30
3750 3784 3452 5256 5259 4156 9310 9312 9143 9041 8853 30
3751 396 392 393 5234 2202 2197 2203 9298 5595 8674 30
3752 3662 5333 5331 5335 9816 9691 9817 9818 9472 8688 30
3753 872 864 5182 727 954 8600 8455 3266 3267 8567 30
3754 3630 3764 3473 5329 4271 4197 4268 8254 5415 6449 30
3755 514 629 767 5328 2805 2807 2798 8238 8068 9745 30
3756 244 243 246 5176 1449 1454 1453 8304 8568 8303 30
3757 3525 3695 5283 5284 4520 5727 8920 8681 5730 5731 30
3758 3535 5308 3723 5286 8218 9806 4540 8219 7683 9614 30
3759 3715 5264 3533 5265 9080 9819 4525 8758 8983 9620 30
3760 240 603 594 5212 1441 1440 1439 8822 8201 9322 30
3761 3726 3605 3606 5250 4912 4466 4913 8157 9659 9032 30
3762 3797 3629 3716 5187 4996 5005 4541 6798 7546 8282 30
3763 3792 3768 3738 5110 4864 4630 5080 7752 7693 6928 30
3764 724 5253 334 5287 8227 5842 1911 8228 7882 9820 30
3765 918 655 885 5309 1742 3189 1889 9519 8968 9617 30
3766 5368 5386 123 3423 9306 9383 9384 9821 9822 3878 30
3767 3572 3570 3571 5319 4756 4726 4757 8379 9823 8462 30
3768 539 660 814 5243 2922 1189 2917 5927 5642 9175 30
3769 339 5266 5267 5306 9549 9759 9800 9550 7959 9567 30
3770 466 343 719 5191 1958 1909 1959 9311 8929 8739 30
3771 599 862 916 5161 3135 1859 3131 8509 9546 8458 30
3772 700 5263 309 5307 9824 9704 1777 9597 9780 9781 30
3773 380 379 377 5144 2129 2128 2130 8143 7059 6027 30
3774 3718 3534 5281 5300 4579 6814 9790 9718 6929 6914 30
3775 3464 3465 3466 5225 4218 4224 4223 5937 9135 9678 30
3776 702 517 5334 5335 2818 9825 6746 8984 9826 6275 30
3777 897 693 785 5288 2170 2257 3097 6476 6184 9660 30
3778 3527 5177 3517 5195 8946 9247 4483 9043 7347 9246 30
3779 3748 3712 5306 5320 4590 9827 7640 7644 9828 7643 30
3780 3529 3723 5308 5328 4530 9806 9829 7992 9615 9736 30
3781 5381 193 620 3670 8338 1020 9830 9831 8317 9062 30
3782 642 325 592 5181 1604 1867 1868 5691 9502 8668 30
3783 5352 24 5380 3280 9832 8546 9795 9305 3353 8594 30
3784 917 187 815 5166 1180 1177 1181 7473 7474 7960 30
3785 788 5269 308 5319 9833 7512 1772 9804 7513 7296 30
3786 264 266 265 5130 1561 1560 1553 6072 7139 7756 30
3787 229 5235 5257 5273 9814 6221 9834 9815 7871 9748 30
3788 486 488 489 5110 2672 2680 2679 7863 5880 7735 30
3789 772 511 5265 5312 2793 9464 8785 8786 8964 7208 30
3790 3762 3620 3568 5335 4748 4747 4749 9835 6276 9836 30
3791 5375 197 667 3428 9313 1029 9225 9314 7996 8140 30
3792 732 5230 80 5349 8125 9573 1126 9168 9169 9607 30
3793 410 396 769 5289 2225 2222 2226 8998 9299 9362 30
3794 155 3437 3713 5231 3913 3922 3918 8701 9460 9120 30
3795 405 407 409 5291 2267 2270 2269 9582 9528 9539 30
3796 163 3441 3426 5304 3959 3969 3966 6069 6074 9090 30
3797 3762 3568 5303 5335 4749 5466 9716 9835 9836 9421 30
3798 196 81 5245 5271 1131 9532 7019 7017 8293 7018 30
3799 3624 5174 3623 3625 7689 8881 4951 4989 9671 4990 30
3800 523 524 525 5327 2840 2846 2845 9802 9534 9190 30
3801 3570 5301 3571 5319 9837 8463 4726 9823 7361 8462 30
3802 3727 3549 3540 5277 4610 4609 4553 5532 5555 6599 30
3803 932 682 681 5104 3223 2625 3217 8651 7277 8009 30
3804 480 481 479 5106 2643 2642 2629 8679 6447 5707 30
3805 3767 4 3752 5089 3833 3827 3836 7742 6883 7859 30
3806 3640 3623 3622 5285 4985 4949 4986 9409 8882 9742 30
3807 424 839 5184 5314 2363 9803 9681 9786 9665 9785 30
3808 3616 3808 3794 5315 4963 4965 4962 6161 6162 6312 30
3809 876 5260 293 5321 9838 8008 1705 9066 8006 8004 30
3810 598 535 536 5180 2901 2860 2902 7679 7248 9557 30
3811 3529 5308 5277 5328 9829 5531 7990 7992 9736 7991 30
3812 3551 5215 5193 5235 9509 7798 9839 9510 6236 7505 30
3813 3802 3721 3617 5323 4292 4969 4966 9728 8535 6586 30
3814 805 5131 551 5343 8939 8646 2966 9209 7325 9128 30
3815 3496 3499 3498 5109 4387 4386 4385 7725 7429 8634 30
3816 3436 5354 5358 605 8687 9775 9768 6819 9244 9584 30
3817 3553 3614 3552 5242 4667 4666 4431 5881 7223 9089 30
3818 3802 3758 3477 5321 4295 4294 4291 6304 6305 8119 30
3819 445 412 465 5303 2288 2303 2302 9419 5467 5468 30
3820 156 3714 155 5149 3920 3919 172 9287 7890 6794 30
3821 841 5259 286 5260 7006 5570 1670 7062 5571 5569 30
3822 337 415 778 5298 1925 1928 1927 9618 8726 6317 30
3823 5358 5354 5376 3281 9775 9658 9766 9796 9841 9840 30
3824 3553 3746 3766 5167 4433 4674 4673 5789 5586 7487 30
3825 3784 3721 3450 5323 4157 4146 4155 9144 8535 8050 30
3826 193 5386 5352 3423 8349 8348 8337 7328 9822 8584 30
3827 301 300 5252 5318 1734 8435 8070 8069 9376 7680 30
3828 769 715 813 5314 2231 3252 2365 9363 8850 9563 30
3829 3502 3689 3504 5118 4417 4416 4415 7577 8063 7968 30
3830 3640 5166 3433 5190 9842 9123 4073 9408 8625 9347 30
3831 880 5212 603 5224 9624 8201 3006 9238 8200 8199 30
3832 3718 5291 3585 5303 9789 9368 4620 9719 9424 9630 30
3833 678 413 457 5285 2310 2297 2311 7593 9538 8845 30
3834 405 5291 5281 5300 9582 9233 9581 9762 9527 6914 30
3835 3801 5160 3532 5218 9116 9491 4566 9793 9193 9692 30
3836 700 5294 5263 5307 9596 9843 9824 9597 8431 9780 30
3837 3647 5295 3724 5307 8591 9844 4272 8590 7302 9845 30
3838 3563 5269 5268 5313 5427 9380 9846 5428 5425 9696 30
3839 3656 3470 3759 5249 4242 4254 4257 9603 8595 9496 30
3840 365 366 385 5118 2062 2068 2067 7553 5546 6497 30
3841 663 662 5247 5251 3198 9712 9438 9436 9722 9437 30
3842 805 266 264 5130 1562 1561 1563 8938 7139 6072 30
3843 375 376 374 5143 2113 2112 2107 8839 6755 7919 30
3844 196 705 706 5245 1134 1225 1224 7019 7703 6527 30
3845 536 5180 526 5347 9557 7851 2861 9096 7853 7807 30
3846 5266 5267 3658 5268 9759 9847 9848 8639 9642 9849 30
3847 3550 3654 5206 5226 4313 8596 9633 9635 9791 9500 30
3848 3489 5171 5170 5189 8610 8534 8609 9341 9101 7946 30
3849 78 79 205 5230 100 1118 1117 9415 8306 9537 30
3850 266 268 267 5159 1571 1570 1566 6611 7867 6563 30
3851 876 5323 5321 896 9850 8301 9066 1924 8300 8299 30
3852 327 254 251 5270 1497 1496 1498 9003 8539 7408 30
3853 3565 3719 3535 5341 4584 4583 4581 6033 8375 8220 30
3854 3534 3542 3718 5281 4571 4580 4579 6814 9637 9790 30
3855 3467 3470 3656 5249 4230 4242 4241 8788 8595 9603 30
3856 517 465 5334 5335 2470 6273 9825 9826 6274 6275 30
3857 796 391 5244 5264 2200 7299 8981 8980 8842 8111 30
3858 3283 5360 112 3296 9446 9450 3385 3321 9465 3382 30
3859 3778 5217 3625 5274 6050 9851 5000 6051 5905 9672 30
3860 3507 3689 3591 5107 4428 4443 4442 6570 8624 7765 30
3861 3762 5333 3662 5335 9717 9816 4831 9835 9472 9818 30
3862 762 204 912 5316 1152 1267 1266 8986 7559 8728 30
3863 5305 299 290 665 9772 1690 7551 9520 1692 1666 30
3864 3654 5216 5206 5226 8597 6679 8596 9791 9433 9500 30
3865 675 287 282 5222 1652 1651 1640 9088 9852 5754 30
3866 809 713 398 5274 2236 2206 2234 9272 5906 7904 30
3867 3641 5202 3457 5247 9723 9731 4180 9853 9732 9733 30
3868 316 333 332 5206 1821 1820 1816 9474 9526 6331 30
3869 185 68 900 5345 1050 1057 1059 7339 6938 7338 30
3870 868 660 659 5162 3192 2923 3193 8696 5911 5431 30
3871 73 188 861 5231 1087 1091 1084 9050 8098 9071 30
3872 3522 5279 3523 5312 9709 6783 4511 9687 6785 6786 30
3873 724 334 853 5287 1911 1913 1912 8228 9820 8037 30
3874 886 579 580 5255 3081 3077 3082 8443 7432 8107 30
3875 503 480 597 5093 2648 2650 2649 6116 8678 9508 30
3876 518 5333 707 5335 9757 9427 2473 9854 9472 9471 30
3877 350 352 351 5122 1991 1990 1983 6343 6384 8765 30
3878 3469 3656 5148 5282 4240 9602 9373 9374 9755 8961 30
3879 3467 3469 3468 5282 4239 4238 4234 8789 9374 9178 30
3880 5361 3684 5389 5374 9334 9855 9856 8702 9857 8661 30
3881 5255 5287 3653 5310 7436 9782 8926 6078 9391 8927 30
3882 417 408 5300 5341 2274 9059 7611 9065 9060 6526 30
3883 3648 3649 3478 5253 4299 4298 4142 7879 6257 6994 30
3884 3537 3538 5237 5346 4587 9676 9254 9343 8190 9202 30
3885 3444 5290 3446 5298 5985 8500 4123 6230 6689 9034 30
3886 886 5255 623 5310 8443 6047 2748 9591 6078 5895 30
3887 402 399 401 5163 2237 2174 2238 9273 9047 7286 30
3888 321 342 339 5267 1848 1847 1838 9626 9568 9800 30
3889 3477 5293 3448 5321 8120 8897 4136 8119 7780 8899 30
3890 3580 3533 5264 5281 4574 9819 9542 9541 9621 9073 30
3891 3694 3811 3714 5135 5065 4077 3997 8869 8502 8291 30
3892 326 269 797 5129 1578 1587 1589 6545 9038 8801 30
3893 720 689 478 5116 2641 2640 2637 5645 6970 5544 30
3894 5363 3286 3285 1 7544 3303 9286 9858 3302 3299 30
3895 752 454 295 5256 1717 1716 1685 9406 9480 7784 30
3896 270 325 272 5189 1593 1592 1591 9100 9504 7945 30
3897 854 628 5283 5284 1414 8890 5857 5859 8891 5731 30
3898 3702 5191 3550 5205 8524 9754 4323 9700 8741 9634 30
3899 864 903 583 5182 3096 3090 3095 8600 7595 7600 30
3900 467 455 454 5348 2514 1881 2515 6301 6288 7415 30
3901 5160 3532 5218 5327 9491 9692 9193 7659 9492 9191 30
3902 81 80 196 5245 102 1132 1131 9532 9574 7019 30
3903 715 707 813 5333 2291 3243 3252 9204 9427 9564 30
3904 3517 5177 3519 5207 9247 5452 4492 9592 5451 5450 30
3905 459 341 658 5210 1941 1947 1949 7628 7161 5826 30
3906 3524 3525 3522 5283 4519 4518 4516 9524 8920 9686 30
3907 911 593 573 5263 1788 3062 3063 9674 9522 8808 30
3908 3762 5303 5333 5335 9716 9428 9717 9835 9421 9472 30
3909 3459 5251 3457 5241 8843 9769 4189 8665 7962 9730 30
3910 302 918 329 5252 1740 1754 1753 8411 9517 9252 30
3911 329 5252 918 5309 9252 9517 1754 8776 9251 9519 30
3912 409 707 715 5291 2289 2291 2271 9539 9426 8847 30
3913 3755 3788 3730 5101 4984 5061 5077 8224 7495 8244 30
3914 397 396 393 5289 2207 2203 2208 9077 9299 9079 30
3915 5331 5333 518 5335 9691 9757 9756 8688 9472 9854 30
3916 3506 3505 3504 5124 4424 4420 4425 6098 6505 7738 30
3917 3550 5205 5191 5226 9634 8741 9754 9635 8737 8740 30
3918 567 573 566 5238 3031 3030 3025 7462 8807 6631 30
3919 3551 3708 3511 5235 4463 4462 4248 9510 9029 7151 30
3920 793 400 388 5177 2186 2185 2161 7123 5961 7110 30
3921 937 915 652 5324 3113 3188 3183 6239 7169 6661 30
3922 578 579 460 5197 2550 2549 2547 8364 7433 9487 30
3923 5154 5161 3605 5250 8263 9052 9051 9353 8460 9659 30
3924 3510 3509 3508 5139 4444 4437 4445 6877 7082 7440 30
3925 3576 3789 3744 5140 4786 4788 4383 7834 5949 6211 30
3926 756 265 874 5133 1554 1567 1569 6789 7830 6395 30
3927 737 258 255 5109 1519 1518 1510 5648 7052 7630 30
3928 3588 3493 3589 5131 4370 4372 4371 7428 8764 7323 30
3929 288 841 286 5260 1671 1670 1668 6036 7062 5569 30
3930 757 448 501 5338 2486 2484 2487 8773 5989 8150 30
3931 3622 5173 5150 5285 9154 9155 9153 9742 8056 7895 30
3932 416 656 809 5274 2324 2326 2235 7898 9669 9272 30
3933 674 316 291 5216 1697 1696 1675 9432 9475 9647 30
3934 3715 3533 3523 5265 4525 4524 4513 8758 9620 7207 30
3935 402 411 413 5173 2247 2253 2252 9274 7841 9346 30
3936 3656 5249 5148 5282 9603 9136 9602 9755 8344 8961 30
3937 3661 5245 162 5271 8274 9859 3961 8275 7018 8876 30
3938 758 504 811 5223 1999 2759 2041 9063 8385 6566 30
3939 3556 3712 3538 5320 4600 4589 4598 7081 9828 8189 30
3940 3812 3515 3514 5144 4474 4470 4475 7047 9243 8360 30
3941 348 758 346 5153 1973 1972 1970 6710 8970 8707 30
3942 3810 3758 3676 5332 5045 4974 5044 5681 7465 5679 30
3943 161 160 5230 5232 177 9727 9365 9364 9774 8305 30
3944 3718 3568 3539 5303 4605 4604 4578 9719 5466 5617 30
3945 824 722 5237 5257 1509 6021 9399 9394 6022 6016 30
3946 3691 3743 3546 5121 4640 4637 4638 7387 8205 8117 30
3947 3463 5294 3462 5254 6595 9661 4208 6249 6321 9860 30
3948 515 630 795 5246 2808 2812 2811 9553 9760 9332 30
3949 224 226 5239 5297 1359 9485 6233 5560 9019 6234 30
3950 3624 5174 3625 5217 7689 9671 4989 7690 7288 9851 30
3951 3804 3753 4 5086 3837 3830 3834 6854 6806 6089 30
3952 3564 3574 3571 5301 4729 4728 4727 6617 6989 8463 30
3953 304 5319 306 5329 8918 7294 1761 8919 8779 9170 30
3954 295 290 289 5256 1683 1664 1684 7784 7343 8026 30
3955 460 340 459 5317 1942 1940 1943 9488 7755 7629 30
3956 890 5096 770 5345 6855 8392 1171 6856 6139 8393 30
3957 405 397 404 5281 2227 2209 2228 9581 9074 9388 30
3958 3627 5190 3433 5200 9861 9347 4070 9862 8629 9125 30
3959 290 295 296 5275 1683 1689 1688 7344 7783 7590 30
3960 3520 5246 5207 5279 9513 9293 9512 9685 9552 5973 30
3961 3628 3614 3759 5176 4669 4954 4953 8114 7222 8510 30
3962 410 398 396 5234 2224 2205 2225 7498 7903 9298 30
3963 3635 3602 3617 5348 4902 4900 4903 9103 6008 6474 30
3964 3718 5300 5291 5303 9718 9527 9789 9719 5618 9424 30
3965 3522 3521 3523 5279 4507 4512 4511 9709 5971 6783 30
3966 3592 3757 3531 5152 4564 4563 4561 5766 8576 8793 30
3967 22 605 5354 639 1007 9244 9863 1003 1008 8684 30
3968 3723 3727 3529 5308 4555 4554 4530 9806 5528 9829 30
3969 371 373 372 5115 2098 2097 2093 5809 8974 8550 30
3970 510 5286 512 5308 7685 9493 2784 7684 7683 9735 30
3971 3719 3794 3727 5308 4961 4652 5076 8374 6086 5528 30
3972 3727 5277 3529 5308 5532 7990 4554 5528 5531 9829 30
3973 614 928 656 5190 3152 3153 2606 8915 8438 9743 30
3974 3659 5325 5267 5330 9864 9720 9865 9866 9340 9570 30
3975 3597 3491 3744 5129 4362 4359 4363 7885 8993 6210 30
3976 381 380 519 5195 2138 2143 2142 7445 8245 7787 30
3977 3522 5283 5279 5312 9686 9554 9709 9687 8791 6785 30
3978 3590 3804 3763 5098 4849 4850 4841 6644 8557 7438 30
3979 3551 3619 5193 5215 4250 7404 9839 9509 8893 7798 30
3980 540 356 781 5242 2023 1479 2024 5830 6940 8477 30
3981 3295 127 5356 3277 3412 9788 9013 3372 3415 9738 30
3982 489 785 786 5288 2692 2261 2681 7736 9660 8268 30
3983 3695 3696 3739 5262 4621 5067 4510 5728 8611 9359 30
3984 3576 3495 3497 5141 4381 4379 4382 8002 8067 8321 30
3985 387 389 713 5187 2177 2180 2179 6504 9219 5712 30
3986 523 5218 5198 5327 9801 9009 9812 9802 9191 9623 30
3987 3659 5267 5306 5330 9865 9567 9867 9866 9570 9571 30
3988 556 5218 525 5262 9752 9192 2856 8835 9355 9354 30
3989 703 5296 704 5331 8128 9662 2824 8129 7540 9688 30
3990 3723 5286 5308 5328 9614 7683 9806 9615 8966 9736 30
3991 3593 3592 3591 5125 4851 4562 4852 7554 6058 8419 30
3992 3710 3783 3688 5162 3991 5054 4069 7672 7914 5820 30
3993 663 662 695 5247 3198 3039 3200 9438 9712 9713 30
3994 905 682 760 5104 3226 3228 3227 7353 7277 6627 30
3995 3739 3801 5218 5262 4567 9793 9644 9359 9117 9355 30
3996 3605 3746 3509 5154 4453 4438 4451 9051 6941 7083 30
3997 3598 3711 5252 5340 4884 8955 9625 6295 8956 8436 30
3998 751 750 938 5186 3271 1174 3129 8266 7930 8717 30
3999 874 577 756 5133 3076 3075 1569 6395 8158 6789 30
4000 126 5375 5388 3284 9809 9868 9869 3410 9559 7706 30
4001 408 406 417 5300 2273 2275 2274 9059 6912 7611 30
4002 805 831 277 5132 1627 1626 1574 8940 9379 6608 30
4003 268 637 270 5171 1583 1582 1581 8988 8332 8800 30
4004 205 904 863 5214 1269 1273 1272 9330 7634 7976 30
4005 783 674 675 5221 3210 1677 3211 8855 8692 9002 30
4006 78 733 79 5232 1120 1119 100 9179 9028 8232 30
4007 3785 3608 3732 5120 4927 4867 4928 6337 6178 7448 30
4008 3632 3582 3778 5274 4813 4817 4816 8092 8746 6051 30
4009 3563 5268 3658 5313 9846 9849 4714 5428 9696 9870 30
4010 772 796 394 5265 2216 2201 2212 8785 8982 7311 30
4011 5361 3684 3435 116 9334 3861 9336 9871 3857 3859 30
4012 364 363 748 5124 2026 2058 2057 5669 5720 5501 30
4013 3629 3625 3778 5217 4994 5000 4999 7547 9851 6050 30
4014 160 5201 5230 5232 9726 9416 9727 9774 8941 8305 30
4015 547 723 684 5320 2951 2914 2725 6053 9200 6840 30
4016 321 5325 747 5330 9721 9339 1845 9627 9340 5443 30
4017 430 431 421 5236 2348 2347 2342 5918 9167 7199 30
4018 3765 3644 3476 5209 4290 4289 4212 8184 9715 6353 30
4019 876 5323 896 753 9850 8300 1924 3274 8482 3071 30
4020 3742 3484 3486 5189 4326 4324 4327 8562 7133 6214 30
4021 3641 3471 3457 5202 4192 4191 4180 9723 6157 9731 30
4022 3627 3632 5174 5229 4998 9612 9872 9873 8090 9613 30
4023 3718 3585 3762 5303 4620 4830 4750 9719 9630 9716 30
4024 3511 5213 3469 5215 8206 9593 4244 6869 6534 9372 30
4025 3692 3566 3751 5153 4737 4739 4738 9320 9198 9422 30
4026 3573 3741 3600 5324 4763 4774 4773 8397 6241 6660 30
4027 325 619 592 5181 1866 1865 1867 9502 7623 8668 30
4028 420 324 244 5208 1460 1451 1461 6542 9337 8030 30
4029 164 5304 3426 5316 5752 9090 3965 5576 5767 9210 30
4030 3749 5188 5183 5202 9463 7764 9461 9495 9084 5493 30
4031 3713 3693 3776 5112 4092 5062 3994 9119 9516 6540 30
4032 3639 3635 3474 5348 4274 4273 4275 8040 9103 8512 30
4033 822 627 806 5178 3139 2813 3168 5735 5957 9575 30
4034 3430 165 3701 5316 3978 3973 3981 5893 5894 8122 30
4035 3709 3726 3606 5228 4665 4913 4916 8408 8155 8138 30
4036 673 724 500 5290 2742 2741 1934 7091 8229 8021 30
4037 743 476 475 5120 2622 2618 2623 7037 5686 7441 30
4038 3691 3788 3743 5121 5060 4982 4640 7387 7494 8205 30
4039 3480 3654 3481 5226 4296 4308 4281 9580 9791 8979 30
4040 3690 3546 3487 5136 4341 4340 4342 8449 8118 8921 30
4041 3719 3794 5308 5315 4961 6086 8374 8373 6312 6313 30
4042 661 5251 5305 5318 9683 9440 9684 9874 5760 9875 30
4043 601 911 5238 5278 3064 9673 9589 9590 9734 7911 30
4044 357 250 356 5134 1490 1477 1491 8555 8015 6512 30
4045 3482 3475 3481 5221 4282 4280 4283 7237 8905 8978 30
4046 3819 3479 3735 5342 4305 4303 4306 6105 6725 6104 30
4047 3460 5238 5263 5278 9763 8809 9764 9876 7911 9702 30
4048 563 560 562 5179 3001 2996 3002 8440 8618 6937 30
4049 3641 3587 3749 5188 4835 4836 4259 9724 9397 9463 30
4050 262 259 261 5111 1535 1530 1536 5992 7193 5925 30
4051 760 682 932 5104 3228 3223 3229 6627 7277 8651 30
4052 511 417 692 5286 2330 2276 2331 8965 9064 6193 30
4053 630 5207 530 5246 9434 9292 2882 9760 9293 9294 30
4054 291 287 674 5222 1674 1676 1675 9648 9852 8690 30
4055 3281 5358 121 5376 9796 9767 3400 9840 9766 9679 30
4056 5353 5374 5389 3684 8615 8661 8660 8673 9857 9855 30
4057 3474 3711 3639 5275 4278 4277 4275 8346 8954 8039 30
4058 661 5305 299 5318 9684 9772 1735 9874 9875 9646 30
4059 3460 3459 5238 5278 4194 8666 9763 9876 8667 7911 30
4060 239 5148 5249 5282 9544 9136 9787 9545 8961 8344 30
4061 3456 5247 5251 5305 9877 9437 9878 9879 6442 9440 30
4062 405 5281 406 5300 9581 6911 2262 9762 6914 6912 30
4063 3531 3725 3508 5115 4448 4447 4439 6387 9404 7035 30
4064 671 250 357 5276 1492 1490 1493 9129 8017 6918 30
4065 3449 3478 3480 5216 4140 4152 4151 5635 6993 5950 30
4066 76 75 187 5142 97 1100 1099 9108 6822 7718 30
4067 79 80 732 5230 101 1126 1125 8306 9573 8125 30
4068 858 447 939 5139 2091 2481 2483 5968 5523 8133 30
4069 3492 3491 3490 5159 4354 4350 4355 8818 8531 8751 30
4070 910 733 190 5232 1198 1121 1195 8816 9028 9021 30
4071 3461 5254 3462 5263 9456 9860 4204 9458 8810 9880 30
4072 3457 5247 5241 5251 9733 9714 9730 9769 9437 7962 30
4073 321 5267 319 5325 9626 9639 1835 9721 9720 9770 30
4074 3484 3742 3587 5220 4326 4328 4317 7136 8712 9012 30
4075 3770 117 5379 5361 3862 8862 9276 9881 9562 8703 30
4076 781 708 540 5167 1447 2926 2024 8476 6232 5659 30
4077 3514 3515 3513 5165 4470 4469 4456 8359 8755 8494 30
4078 825 5204 395 5347 8959 6925 2217 8662 7833 8570 30
4079 395 804 373 5204 2111 2110 2099 6925 8547 8841 30
4080 3513 3512 3510 5347 4454 4450 4455 8496 8949 9477 30
4081 455 456 328 5348 1883 1882 1880 6288 6009 7166 30
4082 314 338 337 5298 1813 1812 1811 8911 9586 9618 30
4083 227 229 5257 5273 1373 9834 9264 9751 9815 9748 30
4084 3748 3536 3712 5320 4247 4588 4590 7644 8976 9828 30
4085 332 340 763 5206 1900 1904 1903 6331 8032 5745 30
4086 3678 3817 3677 5336 5047 5046 4101 6465 6506 6507 30
4087 5268 5269 312 5313 9380 9805 9797 9696 5425 9798 30
4088 655 5252 300 5340 9518 8435 1743 8969 8436 8437 30
4089 3494 3492 3493 5130 4364 4356 4365 6900 8404 8396 30
4090 556 530 5218 5246 2855 9291 9752 8834 9294 9295 30
4091 3655 3751 3702 5175 5026 4740 4660 7508 6351 8549 30
4092 850 885 915 5309 1887 3191 3112 9707 9617 9531 30
4093 536 599 598 5161 2907 2906 2902 9095 8509 8087 30
4094 593 632 889 5254 3123 2491 3073 9521 7757 9441 30
4095 3635 5323 5256 5348 9102 8854 9811 9103 6588 7786 30
4096 493 671 365 5276 2071 2029 2069 8994 9129 8179 30
4097 425 427 426 5219 2368 2367 2053 8828 7075 6997 30
4098 758 811 359 5172 2041 2040 1974 8971 6565 6028 30
4099 230 229 228 5273 1378 1374 1379 7870 9815 9525 30
4100 3654 3652 3550 5206 4657 4656 4313 8596 8052 9633 30
4101 3296 5360 111 3278 9465 7417 3383 3317 9229 3380 30
4102 3450 3451 5259 5260 4148 5883 8049 8048 5884 5571 30
4103 405 715 397 5291 2230 2229 2227 9582 8847 9232 30
4104 3580 5234 3582 5289 9600 8744 4805 9543 8999 9631 30
4105 5324 3572 3573 3571 8378 4761 8397 8464 4757 4762 30
4106 3653 5287 3445 5310 9782 8461 4118 8927 9391 9451 30
4107 3575 5268 3563 5269 9710 9846 4723 8312 9380 5427 30
4108 807 464 726 5322 2569 2376 2570 8145 9139 8147 30
4109 3528 3645 3715 5244 4546 4547 4515 6310 6521 8757 30
4110 312 5268 308 5269 9797 9381 1781 9805 9380 7512 30
4111 3661 3662 5296 5331 4038 9882 8276 8540 9817 7540 30
4112 852 590 861 5231 2934 3116 1182 8456 8478 9071 30
4113 717 744 851 5155 3258 1060 3257 9058 6910 8182 30
4114 5363 895 5362 1 9473 9423 7541 9858 942 9883 30
4115 770 890 604 5096 1171 2779 1289 8392 6855 7422 30
4116 3693 3692 3776 5223 5058 5063 5062 9431 9266 7115 30
4117 3580 3542 3533 5281 4573 4572 4574 9541 9637 9621 30
4118 126 3295 5375 3284 3413 9808 9809 3410 3368 9559 30
4119 635 339 5266 5267 1839 9549 9045 9640 9800 9759 30
4120 3688 5210 3687 5243 5822 9753 4066 6693 5639 9654 30
4121 3623 3627 5174 5190 4992 9872 8881 8880 9861 8160 30
4122 825 536 526 5347 2862 2861 2863 8662 9096 7807 30
4123 913 5308 512 5328 9741 9735 2787 9740 9736 9430 30
4124 307 309 5295 5307 1768 9706 7891 7892 9781 7302 30
4125 3575 5269 3570 5319 8312 9884 4724 8313 7513 9823 30
4126 3656 3759 3614 5176 4257 4954 4955 9601 8510 7222 30
4127 3590 3753 3804 5097 4848 3837 4849 7677 6804 8556 30
4128 190 613 910 5200 1194 1196 1195 9159 7209 8814 30
4129 336 746 896 5321 1921 1923 1922 7472 6766 8299 30
4130 445 707 409 5303 2290 2289 2287 9419 9425 9540 30
4131 257 711 260 5141 1527 1529 1521 7275 7820 7378 30
4132 343 344 341 5205 1946 1945 1907 8930 6915 7160 30
4133 3769 3433 5199 5200 3946 9124 8935 8830 9125 9099 30
4134 3536 5237 3538 5320 9794 9676 4586 8976 9199 8189 30
4135 792 238 429 5215 1412 1430 1432 6013 8451 9479 30
4136 3648 3653 3650 5287 4132 5018 5017 7881 9782 8632 30
4137 3556 3712 5320 5330 4600 9828 7081 5783 9885 6054 30
4138 788 317 5269 5301 1784 6518 9833 9886 6718 6616 30
4139 619 498 592 5181 2731 2597 1865 7623 8045 8668 30
4140 5358 5354 5372 605 9775 9887 8519 9584 9244 9583 30
4141 317 318 312 5313 1801 1800 1782 6519 6895 9798 30
4142 3742 3489 3596 5170 4338 4351 4353 8561 8609 9746 30
4143 3467 5212 3466 5224 9004 9677 4228 8787 8200 9771 30
4144 3651 5197 5214 5317 9701 7606 9268 9270 9087 9149 30
4145 314 337 331 5332 1811 1810 1806 8912 9619 7625 30
4146 3625 5217 5174 5274 9851 7288 9671 9672 5905 9403 30
4147 3627 3632 3625 5174 4998 4997 4991 9872 9612 9671 30
4148 3640 5166 5190 5285 9842 8625 9408 9409 6402 8162 30
4149 206 5378 5350 3770 5800 8892 8171 5798 5796 8170 30
4150 3660 5266 3658 5268 9164 9848 4781 9253 8639 9849 30
4151 603 880 561 5212 3006 3005 3007 8201 9624 8292 30
4152 254 255 252 5270 1501 1500 1495 8539 9267 7528 30
4153 5324 3572 3571 5319 8378 4757 8464 7364 8379 8462 30
4154 74 881 188 5123 1095 1097 1088 8720 5964 7949 30
4155 224 226 225 5239 1359 1358 1354 6233 9485 6457 30
4156 338 314 673 5290 1813 1710 1814 9585 8937 7091 30
4157 515 606 5279 5312 2801 8537 9551 9024 8538 6785 30
4158 850 5309 915 5324 9707 9531 3112 9888 7290 7169 30
4159 32 202 782 5356 1033 1038 1037 8350 9070 8351 30
4160 576 889 817 5254 3072 2493 3074 9281 9441 6598 30
4161 3813 3622 3694 5150 4988 4945 3998 8188 9153 9113 30
4162 3777 3658 5266 5267 5029 9848 9392 9889 9847 9759 30
4163 3475 3451 3480 5222 4161 4150 4162 9031 5882 5951 30
4164 615 614 613 5200 3149 2605 1192 8628 8914 7209 30
4165 437 322 320 5325 1842 1841 1843 5604 9698 5978 30
4166 3508 3506 3507 5114 4434 4426 4435 7034 6099 6569 30
4167 3523 5265 3526 5312 7207 7776 4522 6786 7208 9241 30
4168 3589 3743 3621 5100 4845 4844 4843 7395 7174 8384 30
4169 3701 164 3426 5316 3974 3965 3975 8122 5576 9210 30
4170 5363 86 1 899 7940 108 9858 7941 945 941 30
4171 282 280 675 5211 1639 1641 1640 5755 6280 9001 30
4172 3791 3631 3514 5144 4477 4476 4478 6837 7163 8360 30
4173 649 24 208 5352 1013 1009 1014 8585 9832 9211 30
4174 156 3418 157 5123 3924 3923 173 9414 8641 8640 30
4175 500 448 338 5290 1932 1931 1933 8021 5986 9585 30
4176 247 248 246 5145 1471 1470 1455 8762 8356 9382 30
4177 3561 3562 3563 5313 4706 4712 4711 6872 5651 5428 30
4178 3291 5377 3288 5390 7950 7533 3327 7951 7087 7025 30
4179 3448 3447 5292 5293 4134 7251 9737 8897 7918 7827 30
4180 3464 3463 3465 5194 4214 4219 4218 5938 6248 9134 30
4181 3427 3661 163 5271 3970 3962 3967 6299 8275 6068 30
4182 902 562 577 5140 3012 2998 3013 6582 6583 8159 30
4183 424 410 769 5233 2295 2226 2296 9682 7500 9649 30
4184 637 277 831 5132 1584 1626 1625 8330 6608 9379 30
4185 542 852 544 5112 2931 2930 2758 7626 8398 6122 30
4186 293 5260 292 5292 8008 6495 1681 9331 6672 6670 30
4187 852 861 188 5231 1182 1091 1183 8456 9071 8098 30
4188 597 751 938 5093 3126 3129 3128 9508 8347 8715 30
4189 719 333 316 5226 1822 1821 1823 8738 9245 9501 30
4190 723 845 846 5237 3263 2391 2915 9201 6695 9277 30
4191 3503 3505 3552 5134 4419 4422 4421 7848 6179 8328 30
4192 377 774 380 5144 2119 2131 2130 6027 6809 8143 30
4193 359 811 659 5172 2040 2039 2038 6028 6565 5429 30
4194 932 681 679 5248 3217 2498 3218 8652 8010 9055 30
4195 3708 3709 3761 5273 4663 5074 5073 9813 8409 6433 30
4196 626 614 615 5190 3150 3149 3151 9481 8915 8626 30
4197 3537 3579 3554 5257 4594 4593 4592 9255 8102 5402 30
4198 3715 3645 3580 5264 4547 4807 4575 9080 8109 9542 30
4199 3662 5331 3773 5335 9817 6719 4040 9818 8688 8689 30
4200 3466 5224 5212 5225 9771 8200 9677 9678 8783 7875 30
4201 838 634 572 5262 1372 2985 3058 6106 8947 9361 30
4202 227 5239 226 5273 9263 9485 1364 9751 9486 9018 30
4203 745 670 493 5119 2711 2710 2712 7823 6367 7233 30
4204 7 5373 3278 3293 7767 9577 3312 3311 7768 3314 30
4205 733 78 190 5232 1120 1111 1121 9028 9179 9021 30
4206 747 322 439 5326 1846 1852 1854 5441 9699 6034 30
4207 3709 3551 5193 5235 4664 9839 8866 8407 9510 7505 30
4208 661 665 299 5305 1737 1692 1735 9684 9520 9772 30
4209 424 839 766 5184 2363 2362 2358 9681 9803 9297 30
4210 3517 3519 3518 5207 4492 4491 4487 9592 5450 9651 30
4211 299 5305 5275 5318 9772 7552 9645 9646 9875 9377 30
4212 3619 3469 3656 5148 4251 4240 4252 7403 9373 9602 30
4213 3447 5253 3478 5292 7250 6994 4141 7251 7093 9468 30
4214 869 358 601 5278 2032 2031 2033 7909 5758 9590 30
4215 3514 3513 3510 5204 4456 4455 4457 8361 8495 6876 30
4216 864 2 872 5344 953 950 954 8601 9890 8753 30
4217 5371 120 3668 3436 6513 3869 6516 8686 3871 3873 30
4218 797 927 326 5129 1871 1870 1589 8801 9228 6545 30
4219 587 458 443 5301 2461 2460 2462 8544 6990 7955 30
4220 3803 5275 3454 5305 9891 8093 4175 9892 7552 8095 30
4221 897 785 584 5288 3097 2693 3098 6476 9660 7453 30
4222 868 898 710 5162 2941 3254 3196 8696 7492 9005 30
4223 3511 3468 3469 5213 4243 4238 4244 8206 9176 9593 30
4224 3461 3476 3463 5209 4211 4210 4209 9598 6353 6247 30
4225 5356 3294 32 3277 9349 3373 8350 9738 3375 3371 30
4226 3773 3427 3700 5331 4041 3976 4042 6719 5722 5723 30
4227 638 925 828 5127 3173 2415 3160 6469 8452 7652 30
4228 794 664 663 5247 1637 3201 3202 9761 6727 9438 30
4229 560 765 892 5179 3003 2404 2995 8618 7425 9606 30
4230 227 226 228 5273 1364 1369 1368 9751 9018 9525 30
4231 3728 3446 3477 5293 4126 4135 4137 9256 8501 8120 30
4232 5372 5354 5358 3281 9887 9775 8519 9576 9841 9796 30
4233 3687 3655 3652 5210 5024 4659 5022 9753 7509 9622 30
4234 3763 3804 3737 5088 4850 3835 4635 7131 6852 7351 30
4235 3745 3512 3513 5180 4464 4454 4465 8192 9572 8663 30
4236 575 454 752 5323 2517 1717 2518 6587 7414 9407 30
4237 406 404 692 5281 2263 2265 2264 6911 9388 6190 30
4238 712 742 680 5227 1098 3220 3221 8829 9483 6653 30
4239 3460 5278 5263 5295 9876 9702 9764 9893 8579 9705 30
4240 5252 5309 3598 5340 9251 6296 9625 8436 6287 6295 30
4241 3655 3702 3550 5205 4660 4323 4658 8231 9700 9634 30
4242 3476 3643 3771 5236 4286 4256 4222 6355 7057 7729 30
4243 752 289 803 5256 1686 1662 1687 9406 8026 8852 30
4244 294 673 314 5293 1711 1710 1709 8991 7825 8909 30
4245 473 691 686 5261 2612 2616 2615 6040 9489 6726 30
4246 3647 3724 3575 5307 4272 4780 4760 8590 9845 8311 30
4247 276 273 275 5188 1607 1605 1608 9213 7762 8324 30
4248 3456 5247 3457 5251 9877 9733 4178 9878 9437 9769 30
4249 808 862 541 5154 1857 2928 2924 9515 9547 6041 30
4250 5375 3674 3428 667 9894 3891 9314 9225 8074 8140 30
4251 230 232 646 5228 1380 1391 1390 7869 6972 7865 30
4252 703 704 518 5331 2824 2823 2821 8129 9688 9756 30
4253 3757 3595 3610 5126 4859 4871 4873 8879 7599 6836 30
4254 518 707 445 5335 2473 2290 2471 9854 9471 9420 30
4255 624 829 762 5304 3162 1146 3165 8759 6075 8985 30
4256 3762 3662 3773 5335 4831 4040 4978 9835 9818 8689 30
4257 849 936 739 5160 1402 3060 2905 6759 9035 8428 30
4258 301 299 300 5318 1733 1718 1734 8069 9646 9376 30
4259 3558 5325 3659 5330 9632 9864 4689 6771 9340 9866 30
4260 815 882 626 5166 3166 2531 3167 7960 6401 9367 30
4261 3575 3658 3563 5268 4725 4714 4723 9710 9849 9846 30
4262 3525 3543 3695 5284 4533 4535 4520 8681 6711 5730 30
4263 523 522 524 5327 2836 2841 2840 9802 9082 9534 30
4264 397 715 769 5289 2229 2231 2223 9077 8848 9362 30
4265 243 781 247 5242 1445 1457 1456 8569 8477 9327 30
4266 3561 5313 5267 5325 6872 9697 9895 6873 5742 9720 30
4267 323 808 236 5250 1421 1420 1405 9110 8865 7586 30
4268 5361 3684 116 5389 9334 3857 9871 9856 9855 8608 30
4269 862 323 916 5250 1858 1855 1859 9548 9110 8459 30
4270 293 288 292 5260 1680 1678 1681 8008 6036 6495 30
4271 3497 3498 3780 5137 4384 4390 4389 8320 8168 6003 30
4272 593 632 5254 5294 3123 7757 9521 9896 7758 6321 30
4273 679 680 847 5135 3212 3216 3215 9054 6490 7202 30
4274 626 457 928 5285 2532 2534 2533 9758 8845 8439 30
4275 5364 3292 124 3287 8173 3406 9897 9898 3362 3409 30
4276 3765 5209 3461 5238 8184 9598 4200 6966 6633 9457 30
4277 784 933 595 5168 2581 3125 2601 7983 8957 6553 30
4278 3728 3444 3446 5298 4125 4123 4126 9257 6230 9034 30
4279 113 5377 5355 3288 9595 8137 9611 3387 7533 7721 30
4280 593 5254 5263 5294 9521 8810 9522 9896 6321 9843 30
4281 3651 3650 3420 5214 4002 4001 4003 9268 9025 9182 30
4282 572 556 525 5262 2857 2856 2858 9361 8835 9354 30
4283 401 399 386 5163 2174 2155 2175 7286 9047 7190 30
4284 3450 3449 3451 5260 4144 4149 4148 8048 5634 5884 30
4285 3596 3491 3597 5129 4352 4362 4361 8924 8993 7885 30
4286 732 904 205 5230 1270 1269 1127 8125 7636 9537 30
4287 293 294 313 5293 1698 1704 1703 8005 8991 8507 30
4288 3652 3649 3651 5197 5020 5019 5021 9131 6255 9701 30
4289 321 319 320 5325 1835 1830 1836 9721 9770 5978 30
4290 5359 3684 5389 115 8504 9855 9899 9900 3856 9901 30
4291 758 351 504 5223 1984 1997 1999 9063 8766 8385 30
4292 868 710 660 5162 3196 3195 3192 8696 9005 5911 30
4293 663 665 661 5305 3199 1737 3197 9439 9520 9684 30
4294 3694 3714 3419 5135 3997 3928 3996 8869 8291 7185 30
4295 3456 5251 3764 5318 9878 6025 4185 9902 5760 5412 30
4296 656 471 614 5229 2325 2604 2606 9667 7503 8916 30
4297 3646 3546 3743 5127 4348 4637 4636 7912 9046 7173 30
4298 3537 3554 3538 5346 4592 4591 4587 9343 5401 8190 30
4299 523 521 522 5198 2835 2830 2836 9812 7143 9514 30
4300 655 300 922 5340 1743 1720 1744 8969 8437 8522 30
4301 333 343 341 5205 1908 1907 1906 9126 8930 7160 30
4302 427 425 823 5219 2368 2370 2369 7075 8828 6229 30
4303 3681 5355 113 5377 9610 9611 3850 7530 8137 9595 30
4304 300 299 296 5275 1718 1691 1719 8434 9645 7590 30
4305 767 913 512 5328 1469 2787 2797 9745 9740 9430 30
4306 3447 3478 3449 5292 4141 4140 4139 7251 9468 7799 30
4307 773 216 219 5339 1313 1318 1320 6422 5480 6486 30
4308 395 825 804 5204 2217 2221 2111 6925 8959 8547 30
4309 3536 5213 3511 5237 8975 8206 4246 9794 6535 6868 30
4310 553 878 759 5196 2973 2975 2610 6417 6207 8297 30
4311 5389 3297 116 5361 8606 3393 8608 9856 8706 9871 30
4312 5207 5246 630 5279 9293 9760 9434 5973 9552 9435 30
4313 3448 3446 3447 5293 4133 4128 4134 8897 8501 7918 30
4314 685 402 414 5156 2240 2254 2256 5997 9328 7712 30
4315 3622 3612 3694 5150 4944 4946 4945 9153 9114 9113 30
4316 3716 3517 3527 5177 4494 4483 4495 8280 9247 8946 30
4317 5263 5294 3724 5307 9843 9903 9904 9780 8431 9845 30
4318 338 448 415 5298 1931 1930 1926 9586 6059 8726 30
4319 3750 3527 3812 5158 4543 4485 4545 8811 8945 7045 30
4320 3495 3744 3492 5133 4368 4360 4366 7750 7464 8403 30
4321 3552 3628 3717 5145 4668 4670 4423 8329 6957 5601 30
4322 342 5320 5306 5330 9905 7643 9566 9569 6054 9571 30
4323 239 5249 761 5282 9787 8341 1434 9545 8344 8343 30
4324 702 5331 518 5335 6745 9756 2817 8984 8688 9854 30
4325 3620 3790 3583 5334 4821 4820 4746 6272 9385 6445 30
4326 3443 3756 5337 5342 4121 5598 6258 6063 9906 6260 30
4327 663 695 794 5247 3200 1623 3202 9438 9713 9761 30
4328 189 709 76 5169 1110 1102 1105 7384 9398 9106 30
4329 516 806 627 5178 2814 2813 2815 8734 9575 5957 30
4330 474 473 451 5128 2499 2315 2500 6017 6039 8722 30
4331 5364 3670 3686 124 9628 3885 8718 9897 3881 3883 30
4332 440 439 438 5326 2434 1853 2435 5437 6034 5974 30
4333 498 740 349 5136 1989 1986 1987 7913 7196 6374 30
4334 840 717 851 5155 3256 3257 1251 9324 9058 8182 30
4335 739 936 572 5160 3060 3059 2859 8428 9035 9360 30
4336 3741 3571 3574 5324 4764 4728 4765 6241 8464 6601 30
4337 3660 3777 3658 5266 4264 5029 4781 9164 9392 9848 30
4338 3698 162 3661 5245 3954 3961 3964 8552 9859 8274 30
4339 674 719 316 5226 1824 1823 1697 8693 8738 9501 30
4340 788 443 317 5301 1829 1828 1784 9886 7955 6718 30
4341 3490 3646 3493 5132 4346 4358 4357 8750 7979 8395 30
4342 311 307 308 5307 1775 1770 1776 8636 7892 7292 30
4343 796 391 394 5244 2200 2192 2201 8981 7299 6961 30
4344 3623 3640 3627 5190 4985 4074 4992 8880 9408 9861 30
4345 3523 3526 3524 5312 4522 4521 4517 6786 9241 9161 30
4346 634 854 556 5262 1417 2986 2984 8947 5858 8835 30
4347 857 432 430 5236 2394 2393 2395 6165 6096 5918 30
4348 5379 867 3770 617 9275 7709 9276 9499 993 8649 30
4349 593 5263 700 5294 9522 9824 1785 9896 9843 9596 30
4350 3725 3757 3791 5143 4565 4937 4480 9405 8574 6499 30
4351 742 73 198 5149 1090 1081 1092 9303 9049 6780 30
4352 844 590 877 5138 3117 2976 1240 8186 7538 9056 30
4353 378 687 686 5146 2132 2134 2135 5847 8933 6903 30
4354 3560 5325 3558 5326 5605 9632 4696 5473 7526 6770 30
4355 915 937 588 5324 3113 3110 3111 7169 6239 6416 30
4356 3279 115 3291 5359 3391 3388 3331 9907 9900 7952 30
4357 5129 3782 3597 3596 8923 4875 7885 8924 4874 4361 30
4358 611 253 824 5346 1507 1506 1505 7340 5400 9395 30
4359 3464 3800 3462 5294 4216 4215 4213 5940 8265 9661 30
4360 913 510 512 5308 2786 2784 2787 9741 7684 9735 30
4361 382 381 383 5158 2140 2148 2147 9017 7187 6675 30
4362 192 15 666 5353 986 982 987 9482 8614 8672 30
4363 3644 3789 3642 5179 4879 4787 4288 8441 6861 7843 30
4364 686 691 688 5261 2616 3230 2136 6726 9489 9212 30
4365 5351 5375 3284 5388 9315 9559 7708 7704 9868 7706 30
4366 654 655 456 5340 2529 2528 2524 6286 8969 6006 30
4367 3661 3427 3662 5331 3970 4039 4038 8540 5722 9817 30
4368 3659 5306 3712 5330 9867 9827 4690 9866 9571 9885 30
4369 3564 3570 5269 5301 4722 9884 5426 6617 9837 6616 30
4370 724 502 500 5287 2740 2739 2741 8228 9783 9390 30
4371 422 820 507 5164 2015 2356 2355 7028 8514 5497 30
4372 3716 3818 3528 5187 4550 4549 4505 8282 6218 7315 30
4373 849 598 646 5228 2904 3132 1398 6758 8088 7865 30
4374 3687 3652 3651 5317 5022 5021 5023 9655 8053 9270 30
4375 3777 5267 5266 5306 9889 9759 9392 9393 9567 7959 30
4376 3487 3485 3566 5151 4330 4332 4331 8796 7015 9197 30
4377 3598 3639 3711 5340 4881 4277 4884 6295 8038 8956 30
4378 247 781 356 5242 1457 1479 1478 9327 8477 6940 30
4379 3780 3628 3807 5147 5002 5003 4827 6004 6958 7775 30
4380 3456 5305 5251 5318 9879 9440 9878 9902 9875 5760 30
4381 817 431 432 5236 2397 2392 2398 6200 9167 6096 30
4382 3586 5184 3698 5296 9908 8553 4833 9909 6531 8554 30
4383 862 808 323 5250 1857 1421 1858 9548 8865 9110 30
4384 3469 3467 3656 5282 4239 4241 4240 9374 8789 9755 30
4385 546 809 656 5174 2946 2326 2947 8836 9402 9668 30
4386 772 513 511 5312 2792 2791 2793 8786 9111 8964 30
4387 161 5230 3705 5349 9365 9389 3956 9910 9169 8730 30
4388 13 213 207 5359 976 981 980 9694 9142 8506 30
4389 3775 3581 5233 5314 4808 9799 9321 9911 9196 9675 30
4390 523 525 530 5218 2845 2848 2847 9801 9192 9291 30
4391 485 484 483 5272 2662 2658 2663 8211 8273 8136 30
4392 159 3769 3433 5199 3943 3946 3938 8113 8935 9124 30
4393 3813 5166 3640 5285 7128 9842 4987 7129 6402 9409 30
4394 619 325 637 5171 1866 1594 1869 7614 9503 8332 30
4395 5355 607 10 799 9484 967 9912 8732 972 971 30
4396 20 191 5365 636 1001 6444 9778 997 1002 6451 30
4397 3570 3563 3564 5269 4721 4716 4722 9884 5427 5426 30
4398 3293 5373 110 5366 7768 7337 3378 8115 8116 9579 30
4399 3720 5239 3815 5297 8466 9643 4803 8467 6234 7857 30
4400 365 671 357 5276 2029 1493 2027 8179 9129 6918 30
4401 3641 5203 5202 5247 9725 9085 9723 9853 6440 9732 30
4402 162 5271 5245 5349 8876 7018 9859 8877 5537 9533 30
4403 74 742 712 5227 1089 1098 1094 8721 9483 8829 30
4404 819 5301 788 5319 7360 9886 1774 7362 7361 9804 30
4405 798 912 204 5337 1268 1267 1264 8187 8565 7558 30
4406 3777 3659 5267 5306 5028 9865 9889 9393 9867 9567 30
4407 84 731 204 5316 1155 1158 1150 6455 5892 7559 30
4408 3782 3597 3644 5192 4875 4877 4878 6314 8108 8442 30
4409 3634 3632 3633 5229 4815 5001 4007 7998 8090 8873 30
4410 239 237 241 5148 1424 1426 1425 9544 6618 7800 30
4411 409 407 412 5303 2270 2280 2279 9540 7068 5467 30
4412 67 770 66 5345 1046 1045 88 9127 8393 8644 30
4413 260 558 557 5240 1541 1540 1523 7379 8619 8217 30
4414 3535 3534 3539 5300 4539 4577 4576 8656 6929 5615 30
4415 5372 5354 22 605 9887 9863 8653 9583 9244 1007 30
4416 205 734 78 5201 1122 1114 1117 9329 7854 8725 30
4417 530 630 779 5207 2882 2881 2849 9292 9434 9006 30
4418 556 530 525 5218 2855 2848 2856 9752 9291 9192 30
4419 539 459 658 5210 2545 1949 2546 5926 7628 5826 30
4420 346 344 345 5175 1960 1955 1961 8710 6651 7307 30
4421 684 747 496 5330 1954 2443 2724 6841 5443 5444 30
4422 537 5306 342 5320 7966 9566 1951 7967 7643 9905 30
4423 190 77 735 5199 1112 1107 1116 8928 8621 8042 30
4424 564 565 563 5192 3015 3014 3009 6576 6732 8541 30
4425 5372 23 208 605 8417 1010 9158 9583 1006 1011 30
4426 551 805 741 5131 2966 1564 2336 8646 8939 7215 30
4427 3773 3814 3620 5334 4980 4979 4977 6365 6366 6272 30
4428 3726 3709 3551 5193 4665 4664 4661 8156 8866 9839 30
4429 3786 3553 3766 5167 4672 4673 4675 8065 5789 7487 30
4430 3441 3653 3442 5310 4112 4111 4034 5896 8927 6555 30
4431 231 230 233 5235 1384 1389 1388 6438 7872 7504 30
4432 3800 3472 3660 5266 4227 4263 4266 8264 7814 9164 30
4433 486 485 488 5272 2668 2673 2672 7864 8211 6605 30
4434 161 5245 5230 5349 9366 8307 9365 9910 9533 9169 30
4435 845 429 846 5213 2390 2387 2391 6694 9478 9278 30
4436 3539 3535 5300 5341 4576 8656 5615 6525 8220 6526 30
4437 762 5304 83 5316 8985 6649 1144 8986 5767 6650 30
4438 3460 3461 3462 5263 4198 4204 4203 9764 9458 9880 30
4439 759 878 877 5196 2975 1242 2979 8297 6207 9057 30
4440 3455 5203 3641 5247 5851 9725 4181 6441 6440 9853 30
4441 3691 3690 3693 5122 4639 5057 5056 7003 8448 7366 30
4442 256 260 557 5240 1520 1523 1522 8896 7379 8217 30
4443 3708 3579 5257 5273 4595 8102 9030 9813 9747 9748 30
4444 5375 3674 126 3428 9894 3889 9809 9314 3891 3887 30
4445 562 559 577 5140 2997 2999 2998 6583 7071 8159 30
4446 3693 3437 3730 5113 4091 4094 4093 7367 8950 8833 30
4447 5378 5365 119 3422 6450 6691 9022 5837 7064 3866 30
4448 3468 3466 3467 5212 4233 4228 4234 9177 9677 9004 30
4449 803 286 841 5259 1661 1670 1672 7007 5570 7006 30
4450 319 318 320 5313 1803 1831 1830 9695 6895 5977 30
4451 3529 3525 3524 5328 4526 4519 4527 7992 8682 9163 30
4452 782 211 33 5367 1041 1040 1036 8353 9913 9296 30
4453 5296 5331 3662 5333 7540 9817 9882 9690 9691 9816 30
4454 3473 5278 3460 5295 6448 9876 4196 9042 8579 9893 30
4455 3612 3613 3611 5156 4939 4938 4931 8475 9505 7664 30
4456 3687 5243 5210 5317 9654 5639 9753 9655 9150 7159 30
4457 784 470 347 5151 1979 1978 1967 7481 7791 8318 30
4458 824 253 722 5257 1506 1387 1509 9394 5404 6022 30
4459 3489 3488 3490 5171 4337 4345 4344 8610 8484 8752 30
4460 254 252 251 5270 1495 1486 1496 8539 7528 7408 30
4461 3481 3483 3482 5221 4310 4309 4283 8978 9105 7237 30
4462 3458 3764 3456 5251 4186 4185 4183 8598 6025 9878 30
4463 5375 197 5351 29 9313 8424 9315 9558 1024 9560 30
4464 5365 3290 5378 119 6597 6596 6450 6691 3396 9022 30
4465 517 445 465 5335 2469 2302 2470 9826 9420 6274 30
4466 3633 3627 3433 5200 4071 4070 4072 8871 9862 9125 30
4467 213 12 195 5384 977 973 978 7085 7023 9300 30
4468 161 3421 160 5232 3950 3949 177 9364 8526 9774 30
4469 3550 3652 3655 5205 4656 4659 4658 9634 8051 8231 30
4470 3558 3557 3559 5326 4687 4692 4691 6770 5463 5439 30
4471 3658 5267 3561 5313 9847 9895 4713 9870 9697 6872 30
4472 3660 5268 3575 5307 9253 9710 4782 9165 8638 8311 30
4473 3810 5298 3728 5332 6292 9257 4302 5681 6293 9260 30
4474 793 832 400 5177 2243 2242 2186 7123 7348 5961 30
4475 5360 200 9 607 9036 964 9466 9914 969 968 30
4476 3705 3420 3650 5255 3957 4001 4004 8729 9183 8630 30
4477 3724 5263 3462 5294 9904 9880 4206 9903 9843 9661 30
4478 3739 3801 3532 5218 4567 4566 4500 9644 9793 9692 30
4479 656 416 471 5229 2324 2322 2325 9667 7897 7503 30
4480 3561 3558 3560 5325 4698 4696 4699 6873 9632 5605 30
4481 3775 3581 3582 5233 4808 4804 4809 9321 9799 8745 30
4482 238 792 234 5215 1412 1396 1410 8451 6013 8472 30
4483 539 814 538 5243 2917 2916 2544 5927 9175 9146 30
4484 3443 5337 3426 5338 6258 9188 4035 6156 6348 9091 30
4485 3654 3649 3652 5206 4300 5020 4657 8596 6256 8052 30
4486 815 626 917 5166 3167 3154 1181 7960 9367 7473 30
4487 194 80 81 5349 1129 102 1130 8499 9607 8294 30
4488 3491 3596 3489 5170 4352 4351 4349 8532 9746 8609 30
4489 843 541 862 5154 2927 2928 2929 6163 6041 9547 30
4490 3759 3470 3643 5208 4254 4253 4255 7377 7571 7056 30
4491 515 628 514 5283 2804 2803 2799 9023 8890 8236 30
4492 76 735 77 5199 1108 1107 98 9109 8042 8621 30
4493 573 576 566 5209 3033 3032 3030 8826 9280 6628 30
4494 808 540 708 5167 2925 2926 1422 8864 5659 6232 30
4495 3775 5233 5184 5314 9321 8573 9186 9911 9675 9785 30
4496 3800 3724 5294 5307 4217 9903 8265 8825 9845 8431 30
4497 3455 5247 3456 5305 6441 9877 4174 5856 6442 9879 30
4498 672 913 245 5308 1466 1465 1463 8035 9741 5529 30
4499 3815 5239 3579 5273 9643 8101 4799 7856 9486 9747 30
4500 419 931 461 5302 2338 2337 2333 7373 9459 8827 30
4501 437 438 322 5326 1851 1850 1842 5471 5974 9699 30
4502 695 276 794 5202 1622 1615 1623 9444 9214 9454 30
4503 702 701 703 5331 1263 3239 2822 6745 5724 8129 30
4504 5373 110 3278 3293 7337 3381 9577 7768 3378 3314 30
4505 886 884 623 5255 3086 1217 2748 8443 8588 6047 30
4506 3728 3810 3479 5298 4302 4301 4127 9257 6292 6724 30
4507 3658 5268 5267 5313 9849 9642 9847 9870 9696 9697 30
4508 3533 5265 5264 5281 9620 8983 9819 9621 6191 9073 30
4509 3712 3536 3538 5320 4588 4586 4589 9828 8976 8189 30
4510 3587 3641 3699 5203 4835 4182 4318 9011 9725 6860 30
4511 413 678 450 5150 2310 2309 2308 9345 7894 8837 30
4512 268 269 267 5159 1576 1575 1570 7867 9249 6563 30
4513 824 722 845 5237 1509 3261 3262 9399 6021 6695 30
4514 697 522 520 5165 2832 2831 2833 7675 9081 8151 30
4515 918 300 655 5252 1741 1743 1742 9517 8435 9518 30
4516 3441 3442 3426 5338 4034 4033 3969 5899 6557 9091 30
4517 243 244 242 5176 1449 1448 1443 8568 8304 8996 30
4518 3540 3549 3547 5339 4609 4608 4607 5835 6415 5475 30
4519 869 662 358 5251 2036 2035 2032 7963 9722 5761 30
4520 68 67 851 5345 89 1052 1051 6938 9127 8183 30
4521 311 308 312 5268 1776 1781 1780 8637 9381 9797 30
4522 3532 3801 3760 5160 4566 4570 4569 9491 9116 7451 30
4523 226 634 838 5297 1360 1372 1371 9019 8948 6548 30
4524 457 626 882 5285 2532 2531 2530 8845 9758 6400 30
4525 5362 211 34 895 8239 1039 9915 9423 1042 943 30
4526 617 16 192 5374 989 985 990 9498 9410 9750 30
4527 578 460 538 5317 2547 2542 2548 9599 9488 9148 30
4528 317 312 308 5269 1782 1781 1783 6518 9805 7512 30
4529 3565 3616 3719 5315 4733 4735 4584 7266 6161 8373 30
4530 161 3420 3705 5230 3947 3957 3956 9365 9181 9389 30
4531 736 315 334 5253 1702 1817 1819 8082 8104 5842 30
4532 869 601 567 5238 2033 3038 3035 7907 9589 7462 30
4533 3684 5353 5359 5389 8673 9916 8504 9855 8660 9899 30
4534 5184 5296 3586 5314 6531 9909 9908 9785 9666 9917 30
4535 598 599 916 5161 2906 3131 3130 8087 8509 8458 30
4536 502 886 623 5310 2749 2748 2744 9784 9591 5895 30
4537 5389 116 115 3684 8608 137 9901 9855 3857 3856 30
4538 3459 3461 3460 5238 4199 4198 4194 8666 9457 9763 30
4539 597 743 751 5093 2651 3127 3126 9508 7038 8347 30
4540 3698 3421 161 5245 3958 3950 3953 8552 8528 9366 30
4541 307 700 309 5307 1778 1777 1768 7892 9597 9781 30
4542 446 337 778 5332 1898 1927 1929 5685 9619 5969 30
4543 269 270 271 5170 1580 1586 1585 9039 8798 8259 30
4544 424 813 839 5314 2364 2366 2363 9786 9563 9665 30
4545 3659 3561 5267 5325 4700 9895 9865 9864 6873 9720 30
4546 3432 3688 3687 5243 4067 4066 4065 7964 6693 9654 30
4547 405 406 407 5300 2262 2268 2267 9762 6912 7067 30
4548 635 319 339 5267 1804 1837 1839 9640 9639 9800 30
4549 3645 3582 3580 5234 4806 4805 4807 6520 8744 9600 30
4550 405 404 406 5281 2228 2263 2262 9581 9388 6911 30
4551 611 547 497 5346 2726 2723 2727 7340 6056 5448 30
4552 5263 3724 5295 5307 9904 9844 9705 9780 9845 7302 30
4553 229 230 231 5235 1378 1384 1383 9814 7872 6438 30
4554 3751 3566 3702 5175 4739 4333 4740 6351 9250 8549 30
4555 3516 3513 3515 5165 4471 4469 4472 9093 8494 8755 30
4556 284 289 285 5258 1659 1658 1646 8251 8027 8195 30
4557 126 5375 3428 5388 9809 9314 3887 9869 9868 9918 30
4558 3708 5257 5235 5273 9030 6221 9029 9813 9748 7871 30
4559 663 661 662 5251 3197 2034 3198 9436 9683 9722 30
4560 3773 5334 3620 5335 6365 6272 4977 8689 6275 6276 30
4561 587 788 819 5301 2463 1774 3108 8544 9886 7360 30
4562 3443 3479 3756 5342 4119 4122 4121 6063 6725 9906 30
4563 3551 3469 3619 5215 4249 4251 4250 9509 9372 8893 30
4564 3647 3575 3570 5319 4760 4724 4758 8592 8313 9823 30
4565 3421 3816 3634 5185 4011 4010 4008 8527 8748 7999 30
4566 78 734 77 5201 1114 1113 99 8725 7854 8622 30
4567 751 905 750 5186 3225 3260 3271 8266 7929 7930 30
4568 833 305 309 5295 1758 1767 1769 9098 9318 9706 30
4569 3701 3426 3443 5337 3975 4035 4037 8123 9188 6258 30
4570 3725 3514 3510 5204 4458 4457 4446 9636 8361 6876 30
4571 3750 3613 3624 5163 4941 4950 4952 9180 9207 7691 30
4572 382 687 379 5299 2141 2133 2139 9016 8934 7060 30
4573 431 817 449 5194 2397 2401 2400 9166 6199 6319 30
4574 235 634 224 5297 1362 1361 1350 7731 8948 5560 30
4575 785 489 584 5288 2692 2690 2693 9660 7736 7453 30
4576 857 558 892 5157 2989 2994 2406 6164 7925 9605 30
4577 5364 620 27 633 9629 1018 8174 6741 1023 1022 30
4578 515 513 606 5312 2800 2802 2801 9024 9111 8538 30
4579 464 806 683 5322 2568 2567 2056 9139 9141 8894 30
4580 202 31 883 5356 1034 1030 1035 9070 8214 8215 30
4581 3460 3458 3459 5278 4193 4188 4194 9876 8599 8667 30
4582 565 564 926 5192 3015 3020 3019 6732 6576 7997 30
4583 225 227 827 5239 1363 1366 1365 6457 9263 5674 30
4584 3777 3712 3659 5306 5030 4690 5028 9393 9827 9867 30
4585 3800 3660 3724 5307 4266 4783 4217 8825 9165 9845 30
4586 537 723 846 5320 2913 2915 2910 7967 9200 9279 30
4587 3518 3519 3520 5207 4491 4497 4496 9651 5450 9512 30
4588 620 26 193 5381 1019 1015 1020 9830 8234 8338 30
4589 903 727 491 5182 2701 2700 2702 7595 8567 5793 30
4590 854 628 795 5283 1414 2810 2987 5857 8890 9333 30
4591 3739 3520 3695 5246 4499 4508 4510 9358 9513 6001 30
4592 635 339 495 5266 1839 1937 1939 9045 9549 7956 30
4593 322 747 321 5325 1846 1845 1840 9698 9339 9721 30
4594 84 83 203 5316 105 1148 1147 6455 6650 6773 30
4595 859 832 779 5207 2246 2839 3169 8486 8860 9006 30
4596 3536 3511 3537 5237 4246 4460 4459 9794 6868 9254 30
4597 3766 3605 3726 5250 4914 4912 4915 7488 9659 8157 30
4598 204 762 83 5316 1152 1144 1149 7559 8986 6650 30
4599 3606 3605 3512 5161 4466 4452 4467 8605 9052 8944 30
4600 450 679 681 5248 2496 2498 2495 8838 9055 8010 30
4601 3641 3455 3699 5203 4181 4170 4182 9725 5851 6860 30
4602 301 300 302 5252 1734 1739 1738 8070 8435 8411 30
4603 293 292 294 5292 1681 1699 1698 9331 6670 8990 30
4604 334 724 736 5253 1911 1910 1819 5842 8227 8082 30
4605 3460 5263 3724 5295 9764 9904 4205 9893 9705 9844 30
4606 3631 3812 3514 5144 4479 4475 4476 7163 7047 8360 30
4607 306 304 819 5319 1761 1763 1762 7294 8918 7362 30
4608 3474 3454 3803 5275 4166 4175 4177 8346 8093 9891 30
4609 3642 3584 3643 5157 4785 4824 4287 7845 7332 7080 30
4610 3448 3449 5260 5292 4138 5634 8898 9737 7799 6672 30
4611 3477 3448 3721 5321 4136 4145 4147 8119 8899 8536 30
4612 3692 3690 3566 5153 4736 4343 4737 9320 8518 9198 30
4613 273 274 275 5188 1600 1606 1605 7762 8077 8324 30
4614 3586 3698 3661 5296 4833 3964 4832 9909 8554 8276 30
4615 3761 3760 3801 5160 5075 4570 5071 6431 7451 9116 30
4616 209 872 2 5344 951 950 946 6703 8753 9890 30
4617 517 702 518 5335 2818 2817 2472 9826 8984 9854 30
4618 302 304 303 5329 1751 1750 1746 8412 8919 5551 30
4619 324 420 421 5208 1460 1861 1860 9337 6542 6826 30
4620 3470 3467 3465 5224 4230 4229 4231 7573 8787 9133 30
4621 684 5320 342 5330 6840 9905 1953 6841 6054 9569 30
4622 809 398 416 5274 2234 2232 2235 9272 7904 7898 30
4623 664 794 279 5203 1637 1619 1635 6065 9455 6889 30
4624 3488 3486 3487 5181 4334 4329 4335 8485 6212 8797 30
4625 882 678 457 5285 2535 2311 2530 6400 7593 8845 30
4626 279 794 275 5203 1619 1616 1617 6889 9455 8323 30
4627 3462 5263 5254 5294 9880 8810 9860 9661 9843 6321 30
4628 5 644 5363 899 956 8377 9285 940 957 7941 30
4629 3648 3445 3653 5287 4131 4118 4132 7881 8461 9782 30
4630 593 309 700 5263 1786 1777 1785 9522 9704 9824 30
4631 3818 3716 3629 5187 4550 5005 5006 6218 8282 7546 30
4632 194 884 732 5349 1216 1218 1133 8499 8589 9168 30
4633 788 5301 5269 5319 9886 6616 9833 9804 7361 7513 30
4634 3442 3653 3445 5310 4111 4118 4117 6555 8927 9451 30
4635 5306 5320 3712 5330 7643 9828 9827 9571 6054 9885 30
4636 695 696 276 5202 1621 1620 1622 9444 5492 9214 30
4637 234 233 236 5193 1394 1404 1403 8471 6864 6149 30
4638 3627 5174 5190 5229 9872 8160 9861 9873 9613 8917 30
4639 3585 5314 3586 5333 9369 9917 4810 9530 9206 9919 30
4640 864 727 903 5182 3267 2701 3096 8600 8567 7595 30
4641 3774 3433 3640 5166 3940 4073 4075 9309 9123 9842 30
4642 511 692 772 5265 2331 2794 2793 9464 6192 8785 30
4643 3421 3634 3633 5185 4008 4007 4006 8527 7999 8872 30
4644 227 228 229 5273 1368 1374 1373 9751 9525 9815 30
4645 19 206 636 5378 994 999 998 6452 5800 6079 30
4646 510 511 512 5286 2329 2785 2784 7685 8965 9493 30
4647 698 403 370 5280 2096 2085 2094 8390 7399 7461 30
4648 3813 3640 3622 5285 4987 4986 4988 7129 9409 9742 30
4649 3819 3799 3756 5342 5040 4057 4307 6105 7470 9906 30
4650 3758 3728 3477 5332 4293 4137 4294 7465 9260 8121 30
4651 321 747 342 5330 1845 1849 1848 9627 5443 9569 30
4652 3288 5355 113 3283 7721 9611 3387 3324 9448 3384 30
4653 190 615 613 5200 1193 1192 1194 9159 8628 7209 30
4654 642 272 325 5189 1603 1592 1604 5694 7945 9504 30
4655 704 707 518 5333 2825 2473 2823 9689 9427 9757 30
4656 3586 5314 5296 5333 9917 9666 9909 9919 9206 9690 30
4657 274 283 278 5220 1613 1612 1611 8079 8406 6266 30
4658 616 858 939 5139 2220 2483 3134 8885 5968 8133 30
4659 424 769 813 5314 2296 2365 2364 9786 9363 9563 30
4660 591 931 621 5302 2556 3120 3119 8587 9459 8670 30
4661 81 729 82 5271 1136 1135 103 8293 7284 8479 30
4662 3783 3710 3418 5162 3991 3933 3992 7914 7672 8642 30
4663 3484 3483 3485 5168 4315 4320 4319 7134 9490 7014 30
4664 284 286 803 5259 1648 1661 1660 8250 5570 7007 30
4665 3532 3745 3516 5327 4490 4473 4488 9492 8194 9094 30
4666 3631 3610 3611 5146 4934 4929 4935 6405 6406 7662 30
4667 253 227 229 5257 1375 1373 1376 5404 9264 9834 30
4668 535 526 536 5180 2853 2861 2860 7248 7851 9557 30
4669 3521 3528 3715 5244 4503 4515 4514 5909 6310 8757 30
4670 454 328 295 5348 1715 1714 1716 7415 7166 7785 30
4671 3287 125 5364 3284 3408 9920 9898 3365 3411 7707 30
4672 757 912 5337 5338 3163 8565 8772 8773 8566 6348 30
4673 309 305 307 5295 1767 1765 1768 9706 9318 7891 30
4674 796 393 391 5264 2199 2198 2200 8980 8675 8842 30
4675 870 910 499 5185 2737 2734 2735 7255 8815 6978 30
4676 3587 3742 3749 5188 4328 4837 4836 9397 8560 9463 30
4677 3580 3582 3581 5289 4805 4804 4617 9543 9631 9195 30
4678 30 5385 667 883 8284 9227 1027 1031 8401 1032 30
4679 305 303 304 5329 1755 1750 1756 9319 5551 8919 30
4680 725 826 694 5147 2990 2346 1489 8422 5665 6622 30
4681 660 709 189 5169 1187 1110 1188 5641 9398 7384 30
4682 805 551 831 5343 2966 2964 1627 9209 9128 9301 30
4683 5351 5375 5388 3428 9315 9868 7704 6739 9314 9918 30
4684 3644 3642 3476 5179 4288 4285 4289 8441 7843 7116 30
4685 316 315 291 5216 1695 1694 1696 9475 8103 9647 30
4686 3658 3659 3561 5267 4715 4700 4713 9847 9865 9895 30
4687 5367 3286 5362 34 9172 7545 6378 9240 3301 9915 30
4688 3432 158 3710 5169 3936 3929 3939 7565 9160 7674 30
4689 3803 5275 5305 5318 9891 7552 9892 9921 9377 9875 30
4690 837 546 656 5174 2301 2947 2948 8054 8836 9668 30
4691 3428 5351 5364 5388 6739 6738 6740 9918 7704 7705 30
4692 890 770 185 5345 1171 1053 1167 6856 8393 7339 30
4693 210 6 644 5382 959 955 960 9411 8001 8011 30
4694 579 763 460 5197 2551 1944 2549 7433 5743 9487 30
4695 626 928 614 5190 2533 3152 3150 9481 8438 8915 30
4696 5375 197 29 667 9313 1024 9558 9225 1029 1028 30
4697 158 3774 157 5142 3932 3931 174 8907 8906 9452 30
4698 5371 120 5376 3281 6513 9680 9656 9922 3401 9840 30
4699 576 593 889 5254 3061 3073 3072 9281 9521 9441 30
4700 637 325 270 5171 1594 1593 1582 8332 9503 8800 30
4701 810 880 603 5224 2411 3006 3138 8362 9238 8199 30
4702 3790 3678 3583 5336 4823 4822 4820 9386 6465 6466 30
4703 5365 19 20 636 6453 50 9778 6451 998 997 30
4704 3549 3772 217 3820 4644 5477 5705 4654 4653 6126 30
4705 3640 3813 3774 5166 4987 4000 4075 9842 7128 9309 30
4706 3645 3778 3582 5234 4819 4817 4806 6520 6052 8744 30
4707 278 283 802 5220 1612 1632 1631 6266 8406 8225 30
4708 5386 3280 123 3292 9304 3404 9383 8209 3358 3407 30
4709 3641 3749 3471 5202 4259 4258 4192 9723 9495 6157 30
4710 703 730 704 5296 3242 3241 2824 8128 8992 9662 30
4711 3466 3472 3464 5225 4226 4225 4223 9678 7813 5937 30
4712 576 765 566 5209 3034 3018 3032 9280 7426 6628 30
4713 3467 3466 3465 5224 4228 4224 4229 8787 9771 9133 30
4714 630 859 779 5207 3170 3169 2881 9434 8486 9006 30
4715 282 281 280 5211 1638 1634 1639 5755 6848 6280 30
4716 849 646 232 5228 1398 1391 1399 6758 7865 6972 30
4717 3457 3456 3455 5247 4178 4174 4179 9733 9877 6441 30
4718 3441 162 3705 5349 3960 3955 3963 5539 8877 8730 30
4719 285 281 284 5258 1645 1643 1646 8195 6847 8251 30
4720 603 561 908 5212 3007 2561 3008 8201 8292 7981 30
4721 3572 3647 5319 5329 4759 8592 8379 9536 9810 8779 30
4722 766 870 499 5185 2736 2735 2361 9068 7255 6978 30
4723 596 5334 555 5336 7212 7259 2820 7774 6657 7258 30
4724 3466 3468 3748 5212 4233 4236 4235 9677 9177 7639 30
4725 922 328 456 5340 1722 1882 1884 8522 7167 6006 30
4726 3650 3651 3649 5197 4002 5019 5016 8631 9701 6255 30
4727 3640 3433 3627 5190 4073 4070 4074 9408 9347 9861 30
4728 394 390 800 5244 2193 2195 2194 6961 6333 6420 30
4729 501 500 502 5310 2485 2739 2738 8149 8022 9784 30
4730 681 451 450 5248 2494 2313 2495 8010 8723 8838 30
4731 333 340 332 5206 1901 1900 1820 9526 8032 6331 30
4732 3465 3463 3771 5194 4219 4221 4220 9134 6248 7728 30
4733 240 238 239 5282 1428 1423 1429 8823 8960 9545 30
4734 3516 3517 3518 5198 4481 4487 4486 9326 9248 9652 30
4735 342 537 462 5306 1951 1950 1936 9566 7966 8085 30
4736 3478 3654 3480 5216 4297 4296 4152 6993 8597 5950 30
4737 925 831 552 5343 2970 2965 2969 9033 9301 9370 30
4738 423 410 424 5233 2293 2295 2294 6778 7500 9682 30
4739 389 387 388 5187 2177 2159 2178 9219 6504 7111 30
4740 239 761 240 5282 1434 1433 1429 9545 8343 8823 30
4741 3519 3517 3716 5177 4492 4494 4493 5452 9247 8280 30
4742 616 825 395 5347 2218 2217 2219 8886 8662 8570 30
4743 3711 5275 3803 5318 8954 9891 4279 9773 9377 9921 30
4744 3635 3784 5256 5323 4276 9312 9811 9102 9144 8854 30
4745 196 80 705 5245 1132 1123 1134 7019 9574 7703 30
4746 398 392 396 5234 2204 2202 2205 7903 5595 9298 30
4747 596 702 517 5334 1259 2818 2819 7212 6746 9825 30
4748 3724 3462 3800 5294 4206 4215 4217 9903 9661 8265 30
4749 5356 3295 3277 31 9013 3372 9738 8214 3369 3370 30
4750 765 560 563 5179 3003 3001 3004 7425 8618 8440 30
4751 3692 3751 3783 5172 4738 5055 5064 9265 6350 7915 30
4752 3786 3619 3656 5148 4975 4252 4956 7549 7403 9602 30
4753 601 833 911 5278 2030 1789 3064 9590 9097 9734 30
4754 3581 3542 3580 5289 4616 4573 4617 9195 9638 9543 30
4755 736 294 292 5292 1700 1699 1701 8083 8990 6670 30
4756 13 12 213 5390 43 977 976 9693 7022 7088 30
4757 3482 3484 3587 5220 4314 4317 4316 7235 7136 9012 30
4758 555 517 465 5334 2572 2470 2573 7259 9825 6273 30
4759 495 561 631 5225 2557 2719 2718 7957 8271 8713 30
4760 513 514 512 5328 2796 2795 2790 9112 8238 9430 30
4761 594 846 429 5213 2388 2387 1438 9323 9278 9478 30
4762 463 408 436 5341 2284 2282 2285 5931 9060 7751 30
4763 3536 3537 3538 5237 4459 4587 4586 9794 9254 9676 30
4764 796 404 393 5264 2211 2210 2199 8980 9387 8675 30
4765 449 433 431 5194 2399 2350 2400 6319 8781 9166 30
4766 5364 3428 5388 125 6740 9918 7705 9920 3886 9923 30
4767 5364 3292 3287 27 8173 3362 9898 8174 3359 3360 30
4768 3739 3532 3518 5218 4500 4489 4498 9644 9692 9653 30
4769 3527 3517 3515 5195 4483 4482 4484 9043 9246 8754 30
4770 159 3706 160 5201 3942 3941 176 8112 9316 9726 30
4771 3521 3522 3520 5279 4507 4506 4501 5971 9709 9685 30
4772 3662 3586 5296 5333 4829 9909 9882 9816 9919 9690 30
4773 3515 3812 3527 5195 4474 4485 4484 8754 8488 9043 30
4774 807 806 464 5322 2571 2568 2569 8145 9141 9139 30
4775 336 876 313 5321 1809 1706 1807 7472 9066 8508 30
4776 907 629 628 5284 1342 2806 1416 6762 7155 8891 30
4777 3662 3762 3585 5333 4831 4830 4828 9816 9717 9530 30
4778 3720 3696 3543 5297 4623 4622 4624 8467 8612 6712 30
4779 896 575 753 5323 3068 3069 3071 8300 6587 8482 30
4780 196 729 81 5271 1140 1136 1131 7017 7284 8293 30
4781 3458 3456 3457 5251 4183 4178 4184 8598 9878 9769 30
4782 2 864 771 5344 953 952 949 9890 8601 8889 30
4783 3687 3706 3432 5243 4068 3945 4065 9654 9317 7964 30
4784 3617 3721 3635 5323 4969 4968 4903 6586 8535 9102 30
4785 3803 5305 3456 5318 9892 9879 4176 9921 9875 9902 30
4786 3782 3644 3765 5192 4878 4290 4262 6314 8442 6967 30
4787 83 762 82 5304 1144 1143 104 6649 8985 8480 30
4788 3739 3696 3801 5262 5067 5069 4567 9359 8611 9117 30
4789 933 643 595 5168 3124 1656 3125 8957 8901 6553 30
4790 5363 5387 3796 644 9284 9357 7358 8377 8013 8391 30
4791 3282 5378 3290 118 8368 6596 3341 3394 8369 3397 30
4792 555 906 812 5336 2576 2983 2982 7258 6464 7189 30
4793 5386 3280 3292 5352 9304 3358 8209 8348 9305 9609 30
4794 662 568 695 5241 3041 3040 3039 9711 5485 9445 30
4795 321 339 319 5267 1838 1837 1835 9626 9800 9639 30
4796 3459 3765 3461 5238 4201 4200 4199 8666 6966 9457 30
4797 850 588 587 5324 3106 2540 3107 9888 6416 8545 30
4798 3527 3750 3797 5158 4543 4544 4542 8945 8811 6797 30
4799 3537 3708 3579 5257 4461 4595 4594 9255 9030 8102 30
4800 3775 5184 3586 5314 9186 9908 4812 9911 9785 9917 30
4801 3529 3524 3723 5328 4527 4528 4530 7992 9163 9615 30
4802 3452 3453 3454 5258 4158 4164 4163 9040 6345 8094 30
4803 3712 3777 3748 5306 5030 4267 4590 9827 9393 7640 30
4804 687 382 399 5299 2141 2154 2156 8934 9016 8820 30
4805 3696 3720 3815 5297 4623 4803 5068 8612 8467 7857 30
4806 3581 3586 3585 5314 4811 4810 4619 9196 9917 9369 30
4807 3475 3699 3453 5211 4172 4171 4160 8904 6859 6346 30
4808 802 643 783 5221 1657 3175 3174 8226 8902 8855 30
4809 433 880 810 5224 2409 2411 2351 8780 9238 8362 30
4810 839 704 730 5296 3245 3241 3246 9663 9662 8992 30
4811 635 311 312 5268 1795 1780 1796 9044 8637 9797 30
4812 3784 3450 3452 5259 4155 4153 4156 9143 8049 9041 30
4813 485 486 484 5272 2668 2667 2662 8211 7864 8273 30
4814 205 79 732 5230 1118 1125 1127 9537 8306 8125 30
4815 3474 3784 3452 5256 4167 4156 4165 8358 9312 9310 30
4816 537 342 684 5320 1951 1953 1952 7967 9905 6840 30
4817 3724 3660 3575 5307 4783 4782 4780 9845 9165 8311 30
4818 3428 125 126 5388 3886 147 3887 9918 9923 9869 30
4819 757 624 912 5338 2747 3164 3163 8773 8760 8566 30
4820 3475 3480 3481 5222 4162 4281 4280 9031 5951 9604 30
4821 706 766 839 5184 3251 2362 3250 6529 9297 9803 30
4822 3705 3650 3653 5255 4004 5018 4113 8729 8630 8926 30
4823 3524 3522 3523 5312 4516 4511 4517 9161 9687 6786 30
4824 502 853 886 5287 2750 2751 2749 9783 8037 8444 30
4825 5269 5301 3570 5319 6616 9837 9884 7513 7361 9823 30
4826 3558 3659 3556 5330 4689 4688 4686 6771 9866 5783 30
4827 3550 3702 3483 5191 4323 4322 4311 9754 8524 9104 30
4828 22 23 5372 605 53 8417 8653 1007 1006 9583 30
4829 593 700 632 5294 1785 3122 3123 9896 9596 7758 30
4830 3742 3486 3489 5189 4327 4336 4338 8562 6214 9341 30
4831 767 629 856 5277 2807 1340 1467 9744 7154 9443 30
4832 3471 3459 3457 5241 4190 4189 4191 6159 8665 9730 30
4833 319 312 318 5313 1802 1800 1803 9695 9798 6895 30
4834 242 761 239 5249 1437 1434 1435 9137 8341 9787 30
4835 771 840 201 5311 1250 1249 1047 8888 9325 7937 30
4836 783 675 802 5221 3211 1642 3174 8855 9002 8226 30
4837 430 432 431 5236 2393 2392 2348 5918 6096 9167 30
4838 417 436 408 5341 2283 2282 2274 9065 7751 9060 30
4839 568 662 869 5241 3041 2036 3036 5485 9711 7908 30
4840 3533 3526 3523 5265 4523 4522 4524 9620 7776 7207 30
4841 698 370 372 5280 2094 2092 2095 8390 7461 9348 30
4842 779 521 523 5198 2837 2835 2838 9007 7143 9812 30
4843 308 788 317 5269 1772 1784 1783 7512 9833 6518 30
4844 3688 3655 3687 5210 5025 5024 4066 5822 7509 9753 30
4845 573 601 911 5238 3037 3064 3063 8807 9589 9673 30
4846 3695 3522 3525 5283 4509 4518 4520 5727 9686 8920 30
4847 271 270 272 5170 1586 1591 1590 8259 8798 7944 30
4848 67 68 185 5345 89 1050 1049 9127 6938 7339 30
4849 3460 3473 3458 5278 4196 4195 4193 9876 6448 8599 30
4850 3447 3648 3478 5253 4130 4142 4141 7250 7879 6994 30
4851 743 597 480 5093 2651 2650 2631 7038 9508 8678 30
4852 795 628 515 5283 2810 2804 2811 9333 8890 9023 30
4853 358 833 601 5278 1759 2030 2031 5758 9097 9590 30
4854 339 342 462 5306 1847 1936 1935 9550 9566 8085 30
4855 3708 3815 3579 5273 4800 4799 4595 9813 7856 9747 30
4856 3460 3724 3473 5295 4205 4207 4196 9893 9844 9042 30
4857 772 692 796 5265 2794 2266 2216 8785 6192 8982 30
4858 771 618 840 5311 3094 3156 1250 8888 9375 9325 30
4859 34 33 211 5367 64 1040 1039 9240 9296 9913 30
4860 3445 3446 3444 5290 4124 4123 4116 8426 8500 5985 30
4861 3448 3447 3449 5292 4134 4139 4138 9737 7251 7799 30
4862 3455 3456 3454 5305 4174 4173 4168 5856 9879 8095 30
4863 27 26 620 5381 57 1019 1018 8176 8234 9830 30
4864 3777 3659 3658 5267 5028 4715 5029 9889 9865 9847 30
4865 253 229 722 5257 1376 1385 1387 5404 9834 6022 30
4866 289 752 295 5256 1686 1685 1684 8026 9406 7784 30
4867 3580 3533 3715 5264 4574 4525 4575 9542 9819 9080 30
4868 3625 3629 3624 5217 4994 4993 4989 9851 7547 7690 30
4869 469 919 866 5315 2426 2596 2595 7265 7517 7829 30
4870 3662 3585 3586 5333 4828 4810 4829 9816 9530 9919 30
4871 572 634 556 5262 2985 2984 2857 9361 8947 8835 30
4872 3784 3474 3635 5256 4167 4273 4276 9312 8358 9811 30
4873 606 630 515 5279 2809 2808 2801 8537 9435 9551 30
4874 854 235 628 5284 1413 1415 1414 5859 7730 8891 30
4875 3724 3460 3462 5263 4205 4203 4206 9904 9764 9880 30
4876 408 407 406 5300 2272 2268 2273 9059 7067 6912 30
4877 767 512 514 5328 2797 2795 2798 9745 9430 8238 30
4878 672 510 913 5308 2788 2786 1466 8035 7684 9741 30
4879 3446 3448 3477 5293 4133 4136 4135 8501 8897 8120 30
4880 3476 3461 3765 5209 4211 4200 4212 6353 9598 8184 30
4881 3550 3481 3654 5226 4312 4308 4313 9635 8979 9791 30
4882 459 538 460 5317 2543 2542 1943 7629 9148 9488 30
4883 3579 3815 3720 5239 4799 4803 4801 8101 9643 8466 30
4884 578 863 904 5214 2918 1273 3080 8365 7976 7634 30
4885 813 707 704 5333 3243 2825 3244 9564 9427 9689 30
4886 397 769 396 5289 2223 2222 2207 9077 9362 9299 30
4887 66 209 2 5344 947 946 87 8643 6703 9890 30
4888 630 606 800 5279 2809 2215 3140 9435 8537 6426 30
4889 331 446 789 5332 1897 1899 1896 7625 5685 7466 30
4890 3709 3606 3760 5228 4916 4918 4917 8408 8138 7452 30
4891 159 3433 158 5199 3938 3937 175 8113 9124 8774 30
4892 3711 3803 3764 5318 4279 4187 5008 9773 9921 5412 30
4893 3455 3641 3457 5247 4181 4180 4179 6441 9853 9733 30
4894 194 732 80 5349 1133 1126 1129 8499 9168 9607 30
4895 3726 3551 3619 5193 4661 4250 4662 8156 9839 7404 30
4896 819 788 306 5319 1774 1773 1762 7362 9804 7294 30
4897 761 242 324 5249 1437 1450 1452 8341 9137 8498 30
4898 3473 5295 3647 5329 9042 8591 4270 6449 8580 9810 30
4899 288 293 841 5260 1680 1682 1671 6036 8008 7062 30
4900 3723 3526 3535 5286 4529 4538 4540 9614 7777 8219 30
4901 3448 3449 3450 5260 4138 4144 4143 8898 5634 8048 30
4902 3556 3659 3712 5330 4688 4690 4600 5783 9866 9885 30
4903 3659 3558 3561 5325 4689 4698 4700 9864 9632 6873 30
4904 575 752 753 5323 2518 3070 3069 6587 9407 8482 30
4905 405 409 715 5291 2269 2271 2230 9582 9539 8847 30
4906 821 635 495 5266 1798 1939 2720 8255 9045 7956 30
4907 3623 3613 3622 5173 4948 4943 4949 8913 9506 9154 30
4908 3585 3718 3542 5291 4620 4580 4618 9368 9789 9650 30
4909 616 536 825 5347 2909 2862 2218 8886 9096 8662 30
4910 412 445 409 5303 2288 2287 2279 5467 9419 9540 30
4911 918 302 300 5252 1740 1739 1741 9517 8411 8435 30
4912 631 561 880 5225 2719 3005 2410 8713 8271 9239 30
4913 224 634 226 5297 1361 1360 1359 5560 8948 9019 30
4914 3777 3660 3472 5266 4264 4263 4265 9392 9164 7814 30
4915 3511 3536 3468 5213 4246 4245 4243 8206 8975 9176 30
4916 3572 3630 3647 5329 4768 4269 4759 9536 8254 9810 30
4917 415 337 338 5298 1925 1812 1926 8726 9618 9586 30
4918 762 829 82 5304 1146 1138 1143 8985 6075 8480 30
4919 3632 3778 3625 5274 4816 5000 4997 8092 6051 9672 30
4920 3572 3573 3598 5309 4761 4767 4766 8381 6843 6296 30
4921 3529 3727 3540 5277 4554 4553 4552 7990 5532 6599 30
4922 290 296 299 5275 1688 1691 1690 7344 7590 9645 30
4923 218 216 217 5339 1316 1309 1317 8047 5480 5479 30
4924 723 824 845 5237 2952 3262 3263 9201 9399 6695 30
4925 338 673 500 5290 1814 1934 1933 9585 7091 8021 30
4926 3450 3451 3452 5259 4148 4154 4153 8049 5883 9041 30
4927 3773 3620 3762 5335 4977 4748 4978 8689 6276 9835 30
4928 3782 3749 3596 5183 4261 4876 4874 6315 9461 8925 30
4929 417 511 510 5286 2330 2329 2328 9064 8965 7685 30
4930 3533 3542 3534 5281 4572 4571 4537 9621 9637 6814 30
4931 3420 3706 3651 5214 3951 4005 4003 9182 9338 9268 30
4932 3728 3479 3444 5298 4127 4120 4125 9257 6724 6230 30
4933 674 287 675 5222 1676 1652 1677 8690 9852 9088 30
4934 3647 3473 3724 5295 4270 4207 4272 8591 9042 9844 30
4935 573 567 601 5238 3031 3038 3037 8807 7462 9589 30
4936 390 394 391 5244 2193 2192 2188 6333 6961 7299 30
4937 161 162 5245 5349 178 9859 9366 9910 8877 9533 30
4938 518 702 703 5331 2817 2822 2821 9756 6745 8129 30
4939 700 821 632 5294 1799 3171 3122 9596 8257 7758 30
4940 3559 3560 3558 5326 4697 4696 4691 5439 5473 6770 30
4941 3579 3720 3787 5239 4801 4802 4679 8101 8466 5675 30
4942 3586 3661 3662 5296 4832 4038 4829 9909 8276 9882 30
4943 461 931 591 5302 2337 2556 2555 8827 9459 8587 30
4944 3563 3658 3561 5313 4714 4713 4711 5428 9870 6872 30
4945 3709 3708 3551 5235 4663 4463 4664 8407 9029 9510 30
4946 3582 3634 3775 5233 4814 4818 4809 8745 8000 9321 30
4947 509 505 529 5342 2320 2762 2761 7439 8024 8041 30
4948 831 551 552 5343 2964 2552 2965 9301 9128 9370 30
4949 328 454 455 5348 1715 1881 1880 7166 7415 6288 30
4950 772 606 513 5312 2213 2802 2792 8786 8538 9111 30
4951 3775 3816 3698 5184 5009 4012 4834 9186 8749 8553 30
4952 3773 3662 3427 5331 4040 4039 4041 6719 9817 5722 30
4953 415 505 509 5342 2317 2320 2319 8727 8024 7439 30
4954 160 3420 161 5230 3948 3947 177 9727 9181 9365 30
4955 556 795 530 5246 2880 2879 2855 8834 9332 9294 30
4956 850 329 885 5309 1886 1888 1887 9707 8776 9617 30
4957 644 6 5 5387 955 36 956 8013 8014 9283 30
4958 866 672 545 5315 2943 1464 2944 7829 8036 6613 30
4959 294 314 313 5293 1709 1708 1704 8991 8909 8507 30
4960 3 129 5362 3795 151 6376 7542 3824 3823 6379 30
4961 3539 3534 3718 5300 4577 4579 4578 5615 6929 9718 30
4962 3570 3575 3563 5269 4724 4723 4721 9884 8312 5427 30
4963 587 443 788 5301 2462 1829 2463 8544 7955 9886 30
4964 226 227 225 5239 1364 1363 1358 9485 9263 6457 30
4965 3803 3456 3764 5318 4176 4185 4187 9921 9902 5412 30
4966 164 163 3426 5304 180 3966 3965 5752 6069 9090 30
4967 3442 3443 3426 5338 4036 4035 4033 6557 6156 9091 30
4968 3538 3554 3555 5346 4591 4597 4596 8190 5401 5449 30
4969 3630 3598 3711 5252 4769 4884 4883 8309 9625 8955 30
4970 3769 160 3421 5232 3944 3949 3952 8832 9774 8526 30
4971 3525 3530 3543 5284 4531 4534 4533 8681 6077 6711 30
4972 3661 162 163 5271 3961 179 3962 8275 8876 6068 30
4973 3719 3616 3794 5315 4735 4962 4961 8373 6161 6312 30
4974 84 204 83 5316 1150 1149 105 6455 7559 6650 30
4975 29 30 5385 667 60 8284 9924 1028 1027 9227 30
4976 322 438 439 5326 1850 1853 1852 9699 5974 6034 30
4977 3633 3433 3769 5200 4072 3946 4009 8871 9125 8830 30
4978 617 17 16 5379 988 47 989 9499 8697 8698 30
4979 610 812 210 5336 1297 1296 1295 7054 7189 7754 30
4980 3599 3639 3598 5340 4882 4881 4770 6188 8038 6295 30
4981 610 596 555 5336 2980 2820 2981 7054 7774 7258 30
4982 3803 3711 3474 5275 4279 4278 4177 9891 8954 8346 30
4983 757 798 505 5337 2765 2764 2488 8772 8187 8023 30
4984 320 322 321 5325 1841 1840 1836 5978 9698 9721 30
4985 162 3698 161 5245 3954 3953 178 9859 8552 9366 30
4986 5387 3285 5363 109 9282 9286 9284 9356 3304 8997 30
4987 5360 9 8 3296 9466 39 9401 9465 3316 3315 30
4988 662 661 358 5251 2034 1749 2035 9722 9683 5761 30
4989 661 299 301 5318 1735 1733 1736 9874 9646 8069 30
4990 885 329 918 5309 1888 1754 1889 9617 8776 9519 30
4991 3756 3701 3443 5337 4054 4037 4121 5598 8123 6258 30
4992 3660 3658 3575 5268 4781 4725 4782 9253 9849 9710 30
4993 767 856 245 5277 1467 1330 1468 9744 9443 5530 30
4994 824 547 611 5346 2950 2726 1505 9395 6056 7340 30
4995 3461 3463 3462 5254 4209 4208 4204 9456 6249 9860 30
4996 700 307 311 5307 1778 1775 1779 9597 7892 8636 30
4997 501 502 623 5310 2738 2744 2743 8149 9784 5895 30
4998 501 624 757 5338 2745 2747 2487 8150 8760 8773 30
4999 907 628 235 5284 1416 1415 1352 6762 8891 7730 30
5000 3572 3647 3570 5319 4759 4758 4756 8379 8592 9823 30
5001 593 911 309 5263 1788 1787 1786 9522 9674 9704 30
5002 749 840 618 5311 3157 3156 2698 6960 9325 9375 30
5003 3586 3775 3698 5184 4812 4834 4833 9908 9186 8553 30
5004 2 771 66 5344 949 948 87 9890 8889 8643 30
5005 3568 3718 3762 5303 4605 4750 4749 5466 9719 9716 30
5006 25 5381 3292 5352 8334 8177 3356 8336 8335 9609 30
5007 192 16 15 5374 985 46 986 9750 9410 8613 30
5008 747 684 342 5330 1954 1953 1849 5443 6841 9569 30
5009 3708 3761 3815 5273 5073 5072 4800 9813 6433 7856 30
5010 795 630 530 5246 2812 2882 2879 9332 9760 9294 30
5011 853 502 724 5287 2750 2740 1912 8037 9783 8228 30
5012 14 13 207 5359 44 980 979 9925 9694 8506 30
5013 876 336 896 5321 1809 1922 1924 9066 7472 8299 30
5014 723 537 684 5320 2913 1952 2914 9200 7967 6840 30
5015 886 580 884 5255 3082 3084 3086 8443 8107 8588 30
5016 3602 3635 3639 5348 4902 4274 4889 6008 9103 8040 30
5017 908 594 603 5212 2912 1440 3008 7981 9322 8201 30
5018 850 915 588 5324 3112 3111 3106 9888 7169 6416 30
5019 331 337 446 5332 1810 1898 1897 7625 9619 5685 30
5020 3539 3565 3535 5341 4582 4581 4576 6525 6033 8220 30
5021 3456 3803 3454 5305 4176 4175 4173 9879 9892 8095 30
5022 3627 3633 3632 5229 4071 5001 4998 9873 8873 8090 30
5023 3549 3772 3547 5339 4644 4643 4608 6415 5478 5475 30
5024 3802 3477 3721 5321 4291 4147 4292 6304 8119 8536 30
5025 3775 3586 3581 5314 4812 4811 4808 9911 9917 9196 30
5026 518 445 517 5335 2471 2469 2472 9854 9420 9826 30
5027 3551 3511 3469 5215 4248 4244 4249 9509 6869 9372 30
5028 3756 3479 3819 5342 4122 4305 4307 9906 6725 6105 30
5029 210 7 6 5382 958 37 959 9411 7769 8001 30
5030 3723 3719 3727 5308 4585 5076 4555 9806 8374 5528 30
5031 912 798 757 5337 1268 2765 3163 8565 8187 8772 30
5032 164 3701 165 5316 3974 3973 181 5576 8122 5894 30
5033 3635 3721 3784 5323 4968 4157 4276 9102 8535 9144 30
5034 161 3705 162 5349 3956 3955 178 9910 8730 8877 30
5035 3571 3741 3573 5324 4764 4763 4762 8464 6241 8397 30
5036 3627 3625 3623 5174 4991 4990 4992 9872 9671 8881 30
5037 218 219 216 5339 1319 1318 1316 8047 6486 5480 30
5038 10 5360 9 607 9467 9466 40 967 9914 968 30
5039 5354 21 22 639 9926 52 9863 8684 1004 1003 30
5040 20 191 21 5371 1001 1000 51 9776 9927 9792 30
5041 200 9 8 5360 964 39 965 9036 9466 9401 30
5042 3620 3814 3790 5334 4979 4063 4821 6272 6366 9385 30
5043 456 655 922 5340 2528 1744 1884 6006 8969 8522 30
5044 3564 3571 3570 5301 4727 4726 4722 6617 8463 9837 30
5045 3473 3647 3630 5329 4270 4269 4268 6449 9810 8254 30
5046 24 23 208 5380 54 1010 1009 8546 8413 9157 30
5047 866 919 672 5315 2596 2789 2943 7829 7517 8036 30
5048 5382 6 5387 3293 8001 8014 8012 7770 3309 9928 30
5049 3758 3810 3728 5332 5045 4302 4293 7465 5681 9260 30
5050 109 3293 5366 5387 3379 8115 9469 9356 9928 8060 30
5051 3296 8 5360 3278 3315 9401 9465 3317 3313 9229 30
5052 32 31 5356 3277 62 8214 8350 3371 3370 9738 30
5053 666 15 14 5353 982 45 983 8672 8614 9529 30
5054 812 610 555 5336 1297 2981 2982 7189 7054 7258 30
5055 25 24 649 5352 55 1013 1012 8336 9832 8585 30
5056 5357 7 8 647 9565 38 9400 9130 962 961 30
5057 185 770 67 5345 1053 1046 1049 7339 8393 9127 30
5058 127 128 5356 3277 149 9351 9788 3415 3414 9738 30
5059 3817 3678 3790 5336 5047 4823 4064 6506 6465 9386 30
5060 5355 10 11 799 9912 41 7723 8732 971 970 30
5061 195 12 11 5384 973 42 974 9300 7023 7298 30
5062 555 596 517 5334 2820 2819 2572 7259 7212 9825 30
5063 5391 30 31 883 8285 61 8213 8216 1031 1030 30
5064 206 19 18 5378 994 49 995 5800 6452 7720 30
5065 5388 125 126 3284 9923 147 9869 7706 3411 3410 30
5066 5364 27 28 633 8174 58 9929 6741 1022 1021 30
5067 29 28 197 5351 59 1025 1024 9560 9442 8424 30
5068 5377 113 114 3288 9595 135 9594 7533 3387 3386 30
5069 3281 121 120 5376 3400 142 3401 9840 9679 9680 30
5070 3298 122 121 5358 3402 143 3403 8520 9523 9767 30
5071 5362 34 1 895 9915 65 9883 9423 943 942 30
5072 3293 110 109 5366 3378 131 3379 8115 9579 9469 30
5073 3279 116 115 5389 3390 137 3391 8607 8608 9901 30
5074 5350 17 18 867 8769 48 9115 8172 992 991 30
5075 32 31 202 5356 62 1034 1033 8350 8214 9070 30
5076 5363 1 5 899 9858 35 9285 7941 941 940 30
5077 3292 124 123 5386 3406 145 3407 8209 9930 9383 30
5078 3291 115 114 5359 3388 136 3389 7952 9900 9749 30
5079 5355 112 113 3283 9449 134 9611 9448 3385 3384 30
5080 5370 126 127 3295 9807 148 9931 8735 3413 3412 30
5081 124 125 5364 3287 146 9920 9897 3409 3408 9898 30
5082 3278 111 110 5383 3380 132 3381 9230 7419 7333 30
5083 111 112 5360 3296 133 9450 7417 3383 3382 9465 30
5084 128 129 5367 3294 150 6377 9350 3417 3416 9173 30
5085 5387 5382 3293 5366 8012 7770 9928 8060 8061 8115 30
5086 3290 119 118 5378 3396 140 3397 6596 9022 8369 30
5087 5365 119 120 3289 6691 141 6514 9779 3399 3398 30
5088 5369 117 118 3282 8863 139 8371 8370 3395 3394 30
5089 5368 122 123 3280 8604 144 9384 8603 3405 3404 30
5090 5363 3 109 3285 7543 130 8997 9286 3305 3304 30
5091 5361 116 117 3297 9871 138 9562 8706 3393 3392 30
5092 5342 5337 3799 3756 6260 5517 7470 9906 5598 4057 30
5093 392 5187 713 389 5592 5712 2191 2189 9219 2180 30
5094 392 5187 389 5244 5592 9219 2189 5594 5593 7300 30
5095 5210 660 659 539 5643 2923 5432 5926 2922 2921 30
5096 5210 659 660 5162 5432 2923 5643 5433 5431 5911 30
5097 5124 447 367 5114 5500 2080 5671 5520 5521 5563 30
5098 5124 367 447 748 5671 2080 5500 5501 2066 2081 30
5099 3541 777 3779 221 5661 9932 4613 5411 1334 5533 30
5100 3541 3779 777 3548 4613 9932 5661 4611 4614 5662 30
5101 297 3779 777 221 6803 9932 1347 1345 5533 1334 30
5102 297 777 3779 3548 1347 9932 6803 8410 5662 4614 30
5103 5342 608 600 509 6103 1252 7471 7439 2782 2780 30
5104 5342 600 608 3819 7471 1252 6103 6105 7468 6101 30
5105 5130 263 5131 5099 5609 9933 6902 5610 5608 6363 30
5106 5130 5131 263 264 6902 9933 5609 6072 8973 1551 30
5107 741 5131 263 5099 7215 9933 1556 7214 6363 5608 30
5108 741 263 5131 264 1556 9933 7215 1555 1551 8973 30
5109 5334 3700 3431 596 6364 3982 7772 7212 7211 7596 30
5110 5334 3431 3700 3814 7772 3982 6364 6366 4059 4058 30
5111 3545 5092 3736 3501 5688 7525 4413 4401 8180 4412 30
5112 3545 5092 3501 5108 5688 8180 4401 5626 5689 7126 30
5113 881 5169 5142 709 5965 9107 6823 1104 9398 6821 30
5114 5142 5169 881 5123 9107 5965 6823 6839 5966 5964 30
5115 507 5095 508 506 5495 5458 2767 2354 7246 2766 30
5116 507 5095 506 5164 5495 7246 2354 5497 5496 7245 30
5117 5235 792 5193 231 6219 9934 7505 6438 1395 9561 30
5118 5235 5193 792 5215 7505 9934 6219 6236 7798 6013 30
5119 234 5193 792 231 8471 9934 1396 1393 9561 1395 30
5120 234 792 5193 5215 1396 9934 8471 8472 6013 7798 30
5121 5339 221 219 777 6073 1331 6486 5660 1334 1333 30
5122 5339 3548 3577 3547 5474 4641 5871 5475 4612 4642 30
5123 914 5337 731 3430 5516 6070 3268 5514 5515 5891 30
5124 731 5337 914 798 6070 5516 3268 1265 8187 2877 30
5125 545 3820 3794 217 6683 4655 6491 1324 6126 5704 30
5126 545 3820 217 645 6683 6126 1324 1325 6684 1311 30
5127 286 5222 282 287 5567 5754 1649 1650 9852 1651 30
5128 288 5216 291 292 6493 9647 1673 1678 6494 1679 30
5129 5194 631 433 5225 9935 2407 8781 5936 8713 8782 30
5130 5194 631 5225 5294 9935 8713 5936 5939 8714 5941 30
5131 5261 5120 3608 5128 5713 6178 8742 6019 6018 8859 30
5132 5261 3608 5120 5116 8742 6178 5713 5715 6176 5543 30
5133 5213 792 845 429 6533 2389 6694 9478 1432 2390 30
5134 5213 792 429 5215 6533 1432 9478 6534 6013 9479 30
5135 5192 696 873 926 5489 3236 6933 7997 3043 3021 30
5136 5192 873 696 5183 6933 3236 5489 5490 7262 5491 30
5137 288 5216 5222 291 6493 5637 6035 1673 9647 9648 30
5138 378 5144 377 379 5845 6027 2123 2127 7059 2128 30
5139 378 5144 379 5146 5845 7059 2127 5847 5846 7058 30
5140 5156 5261 3609 5128 5999 8922 7665 6038 6019 8473 30
5141 3609 5261 5156 5146 8922 5999 7665 7663 5995 5998 30
5142 5114 370 371 369 7460 2087 5811 6112 2083 2088 30
5143 5280 5114 371 5115 6390 5811 7493 6391 5810 5809 30
5144 565 5238 5241 567 6733 6969 8987 3026 7462 9217 30
5145 5241 5238 565 5192 6969 6733 8987 5519 6632 6732 30
5146 5241 568 565 567 5485 3028 8987 9217 3027 3026 30
5147 5241 926 565 568 5484 3019 8987 5485 3029 3028 30
5148 3453 5203 3699 3455 6344 6860 4171 4169 5851 4170 30
5149 3453 5203 3455 5258 6344 5851 4169 6345 5853 5852 30
5150 378 5126 688 376 5912 6262 2125 2122 8719 2124 30
5151 378 5126 376 5143 5912 8719 2122 5848 5913 6755 30
5152 878 5095 553 657 6205 6418 2973 2974 5887 2971 30
5153 878 5095 657 5087 6205 5887 2974 6206 5702 5885 30
5154 5194 631 5294 449 9935 8714 5939 6319 2408 6320 30
5155 432 5209 765 817 6297 7426 2403 2398 6197 2402 30
5156 432 5209 817 5236 6297 6197 2398 6096 6202 6200 30
5157 5300 692 5286 5281 6913 6193 6930 6914 6190 6195 30
5158 5300 5286 692 417 6930 6193 6913 7611 9064 2276 30
5159 5090 428 491 453 5768 2384 5792 6956 2382 2385 30
5160 5090 491 428 5085 5792 2384 5768 5769 5791 5770 30
5161 5162 544 5172 868 7491 6121 5430 8696 2939 7430 30
5162 5162 5172 544 5112 5430 6121 7491 6539 6120 6122 30
5163 5296 196 706 5245 7020 1224 6530 6532 7019 6527 30
5164 5296 706 196 730 6530 1224 7020 8992 1227 1226 30
5165 5244 392 5264 391 5594 8676 8111 7299 2190 8842 30
5166 5244 5264 392 5234 8111 8676 5594 5596 8110 5595 30
5167 5301 360 444 443 6615 2042 6991 7955 1827 2043 30
5168 3740 5301 444 3574 7030 6991 6934 4730 6989 6988 30
5169 3638 442 534 533 5786 2456 6085 5788 2454 2457 30
5170 3638 534 442 3636 6085 2456 5786 4796 6435 5991 30
5171 876 5260 5321 5323 9838 8006 9066 9850 7063 8301 30
5172 876 5323 753 841 9850 8482 3274 1707 7004 3273 30
5173 876 5260 5323 841 9838 7063 9850 1707 7062 7004 30
5174 876 5260 841 293 9838 7062 1707 1705 8008 1682 30
5175 5324 3809 937 3741 6662 7200 6239 6241 4893 6237 30
5176 5324 937 3809 652 6239 7200 6662 6661 3183 6658 30
5177 3683 216 773 3772 6835 1313 7931 4793 5481 6421 30
5178 3683 773 216 215 7931 1313 6835 7520 1312 1307 30
5179 5108 550 5119 875 6896 9936 6141 7485 2962 8489 30
5180 5108 5119 550 5092 6141 9936 6896 5689 6590 6898 30
5181 745 5119 550 875 7823 9936 2508 2961 8489 2962 30
5182 745 550 5119 5092 2508 9936 7823 7716 6898 6590 30
5183 5176 694 5208 5147 8071 6621 8511 8072 6622 5664 30
5184 5176 5208 694 244 8511 6621 8071 8304 8030 1458 30
5185 3616 469 3615 585 7279 6581 4734 8222 2593 8221 30
5186 3616 469 585 5315 7279 2593 8222 6161 7265 7828 30
5187 3733 791 492 894 8127 2706 7405 7406 2708 2705 30
5188 492 791 3733 3618 2706 8127 7405 7437 7670 4908 30
5189 5169 5123 157 5162 5966 8640 7673 5910 5963 7671 30
5190 5169 157 5123 5142 7673 8640 5966 9107 9452 6839 30
5191 3733 668 791 894 7985 3206 8127 7406 3209 2708 30
5192 791 668 3733 3675 3206 7985 8127 7669 8207 4046 30
5193 5143 3610 3757 3791 6498 4873 8574 6499 4936 4937 30
5194 5143 3757 3610 5126 8574 4873 6498 5913 8879 6836 30
5195 5296 706 839 5184 6530 3250 9663 6531 6529 9803 30
5196 5296 839 706 730 9663 3250 6530 8992 3246 1227 30
5197 432 5179 892 765 6094 9606 2405 2403 7425 2404 30
5198 892 5179 432 5157 9606 6094 2405 9605 6093 6095 30
5199 283 5189 642 5168 8405 5694 1614 8953 5695 5693 30
5200 283 5189 5168 5220 8405 5695 8953 8406 7137 7135 30
5201 694 5145 5176 246 7803 8073 8071 1459 9382 8303 30
5202 694 5145 246 249 7803 9382 1459 1474 5421 1472 30
5203 5157 559 5240 558 7924 7072 7479 7925 1542 8619 30
5204 5157 5240 559 5140 7479 7072 7924 7836 7073 7071 30
5205 5324 819 5309 5319 7363 9072 7290 7364 7362 8380 30
5206 5324 5309 819 850 7290 9072 7363 9888 9707 1885 30
5207 564 5140 5129 5192 6579 5947 6931 6576 5948 5946 30
5208 564 5129 5140 902 6931 5947 6579 3011 6546 6582 30
5209 564 5129 902 927 6931 6546 3011 3024 9228 1874 30
5210 564 5129 927 873 6931 9228 3024 3022 6932 3023 30
5211 5315 3734 585 3616 6160 8223 7828 6161 4957 8222 30
5212 5315 585 3734 801 7828 8223 6160 7355 3102 6736 30
5213 5145 250 5117 5134 8763 8016 5423 7850 8015 7847 30
5214 5145 5117 250 248 5423 8016 8763 8356 8355 1475 30
5215 728 3700 165 203 7597 3972 6692 1157 6772 7846 30
5216 728 165 3700 3431 6692 3972 7597 6559 3979 3982 30
5217 5087 186 70 5186 5775 1061 5902 7066 8716 9937 30
5218 186 70 5186 750 1061 9937 8716 1073 1072 7930 30
5219 5087 186 5186 5093 5775 8716 7066 5777 5778 6340 30
5220 3667 528 622 871 7574 2633 8178 7868 2871 1202 30
5221 622 528 3667 3569 2633 7574 8178 7096 6481 4751 30
5222 5159 277 5171 5132 6609 8331 8530 6610 6608 6472 30
5223 5159 5171 277 268 8530 8331 6609 7867 8988 1572 30
5224 499 5200 910 613 6977 8814 2734 2603 7209 1196 30
5225 910 5200 499 5185 8814 6977 2734 8815 6976 6978 30
5226 3734 5355 3681 195 8731 9610 4051 7318 9587 7316 30
5227 3734 5355 195 799 8731 9587 7318 7934 8732 975 30
5228 206 842 5392 3657 1277 9938 5954 5799 8191 5953 30
5229 206 5392 842 677 5954 9938 1277 1275 6189 1276 30
5230 5392 3637 3657 842 7463 5011 5953 9938 6642 8191 30
5231 5392 3637 842 677 7463 6642 9938 6189 6641 1276 30
5232 5324 819 587 850 7363 3108 8545 9888 1885 3107 30
5233 5324 587 819 5301 8545 3108 7363 7365 8544 7360 30
5234 5118 5288 3689 5107 6185 8490 8063 5565 6537 8624 30
5235 3689 5288 5118 5094 8490 6185 8063 8062 6186 6182 30
5236 5306 908 5225 5212 7982 8270 7876 7641 7981 7875 30
5237 5306 5225 908 462 7876 8270 7982 8085 8084 2559 30
5238 5127 830 5343 925 7604 9729 7172 8452 2416 9033 30
5239 5127 5343 830 5100 7172 9729 7604 7175 7176 7601 30
5240 5114 370 369 368 7460 2083 6112 7301 2082 2077 30
5241 370 5107 5280 403 7459 6571 7461 2085 7661 7399 30
5242 3614 5148 3786 3656 7220 7549 4671 4955 9602 4956 30
5243 3614 5148 3656 5176 7220 9602 4955 7222 7221 9601 30
5244 265 5159 266 267 7831 6611 1560 1565 6563 1566 30
5245 266 5159 265 5130 6611 7831 1560 7139 7140 7756 30
5246 755 3779 3548 297 6982 4614 7424 1724 6803 8410 30
5247 3548 3779 755 3626 4614 6982 7424 4648 4650 6879 30
5248 218 5277 245 856 8046 5530 1321 1329 9443 1330 30
5249 218 5277 856 220 8046 9443 1329 1327 6510 1328 30
5250 5270 3717 3500 3498 7592 4397 8620 8169 4396 4394 30
5251 5270 3500 3717 5117 8620 4397 7592 5980 6573 5600 30
5252 5297 3761 3696 5262 6981 5070 8612 6488 6432 8611 30
5253 5297 3696 3761 3815 8612 5070 6981 7857 5068 5072 30
5254 3691 5113 3693 3730 7001 7367 5056 5059 8833 4093 30
5255 3691 5113 3730 5101 7001 8833 5059 7002 6500 8244 30
5256 755 3578 534 589 7423 6635 2899 1723 7609 2897 30
5257 755 3578 589 3548 7423 7609 1723 7424 4646 6964 30
5258 284 5211 281 282 8249 6848 1643 1644 5755 1638 30
5259 284 5211 282 5259 8249 5755 1644 8250 5756 5757 30
5260 5156 5248 3612 5150 7714 8878 8475 8018 8020 9114 30
5261 3612 5248 5156 5128 8878 7714 8475 8474 7715 6038 30
5262 5336 728 3817 610 8465 9939 6506 7054 1305 6800 30
5263 5336 3817 728 3431 6506 9939 8465 7773 4060 6559 30
5264 3703 3817 728 610 4061 9939 6560 6801 6800 1305 30
5265 3703 728 3817 3431 6560 9939 4061 3988 6559 4060 30
5266 3495 5140 3576 3744 8066 7834 4381 4368 6211 4383 30
5267 3495 5140 3744 5133 8066 6211 4368 7750 6749 7464 30
5268 5131 3494 3493 5130 6901 4365 8764 6902 6900 8396 30
5269 5131 3493 3494 3588 8764 4365 6901 7428 4370 4369 30
5270 939 5154 447 843 8135 5502 2481 2482 6163 2479 30
5271 447 5154 939 5139 5502 8135 2481 5523 5582 8133 30
5272 631 5294 449 632 8714 6320 2408 2489 7758 2490 30
5273 5194 631 449 433 9935 2408 6319 8781 2407 2399 30
5274 5308 919 672 510 7514 2789 8035 7684 2428 2788 30
5275 5308 919 510 5341 7514 2428 7684 7516 7515 7687 30
5276 3806 571 3670 3604 7244 9940 4911 4899 6636 4909 30
5277 3806 3670 571 818 4911 9940 7244 7645 8310 3054 30
5278 620 3670 571 3604 9062 9940 3055 7794 4909 6636 30
5279 620 571 3670 818 3055 9940 9062 1209 3054 8310 30
5280 5345 201 66 67 8481 1044 8644 9127 1043 88 30
5281 5345 66 201 5084 8644 1044 8481 7578 9185 7936 30
5282 3630 5318 3711 3764 8253 9773 4883 4271 5412 5008 30
5283 3711 5318 3630 5252 9773 8253 4883 8955 7680 8309 30
5284 773 3683 921 215 7931 8029 1315 1312 7520 1314 30
5285 921 3683 773 3577 8029 7931 1315 7779 4791 7260 30
5286 5096 4 152 3753 6924 168 7042 6805 3830 3829 30
5287 5096 152 4 5084 7042 168 6924 7043 7040 7009 30
5288 5371 3667 639 3436 8874 6478 8683 8686 4088 6523 30
5289 871 5371 639 191 8875 8683 1203 1201 9927 1005 30
5290 5371 3667 3436 3668 8874 4088 8686 6516 4090 3873 30
5291 871 5371 191 3668 8875 9927 1201 7927 6516 6443 30
5292 722 5235 229 231 6220 9814 1385 1386 6438 1383 30
5293 722 229 5235 5257 1385 9814 6220 6022 9834 6221 30
5294 267 5133 874 265 6561 6395 1568 1565 7830 1567 30
5295 267 5133 265 5159 6561 7830 1565 6563 6562 7831 30
5296 919 5341 469 436 7515 6133 2426 2427 7751 2425 30
5297 469 5341 919 5315 6133 7515 2426 7265 7267 7517 30
5298 3510 5115 3508 3725 6874 7035 4445 4446 9404 4447 30
5299 3510 5115 3725 5204 6874 9404 4446 6876 6875 9636 30
5300 5341 510 417 436 7687 2328 9065 7751 2327 2283 30
5301 5341 417 510 5286 9065 2328 7687 7686 9064 7685 30
5302 710 5169 881 709 9507 5965 3253 3194 9398 1104 30
5303 881 5169 710 5162 5965 9507 3253 5962 5910 9005 30
5304 3488 5136 3546 5127 9132 8118 4339 8483 7649 9046 30
5305 3488 5136 5127 5181 9132 7649 8483 8485 7651 7621 30
5306 5169 157 158 3710 7673 174 9160 7674 3930 3929 30
5307 5169 158 157 5142 9160 174 7673 9107 8907 9452 30
5308 5323 3802 746 3617 9728 6765 7380 6586 4966 7240 30
5309 5323 746 3802 5321 7380 6765 9728 8301 6766 6304 30
5310 5299 3613 5156 3611 9208 9505 8131 9061 4938 7664 30
5311 5299 5156 3613 5163 8131 9505 9208 9015 9048 9207 30
5312 400 5207 832 859 5960 8860 2242 2245 8486 2246 30
5313 832 5207 400 5177 8860 5960 2242 7348 5451 5961 30
5314 370 5107 403 368 7459 7661 2085 2082 6707 2084 30
5315 370 5107 368 5114 7459 6707 2082 7460 5564 7301 30
5316 5335 3568 465 3620 9836 5464 6274 6276 4747 6128 30
5317 5335 465 3568 5303 6274 5464 9836 9421 5468 5466 30
5318 737 5270 255 254 6950 9267 1510 1511 8539 1501 30
5319 255 5270 737 5109 9267 6950 1510 7630 6951 5648 30
5320 735 5200 5166 615 9588 8627 7475 1197 8628 7588 30
5321 5166 5200 735 5199 8627 9588 7475 8043 9099 8042 30
5322 5231 844 590 861 8277 3117 8478 9071 1086 3116 30
5323 5231 590 844 5138 8478 3117 8277 8279 7538 8186 30
5324 5287 334 5197 5253 9820 5744 7434 7882 5842 5843 30
5325 5287 5197 334 853 7434 5744 9820 8037 7569 1913 30
5326 5270 640 327 254 7297 1513 9003 8539 1512 1497 30
5327 5270 327 640 5108 9003 1513 7297 6949 6142 5935 30
5328 5188 3596 5170 3742 9462 9746 7763 8560 4353 8561 30
5329 5188 5170 3596 5183 7763 9746 9462 7764 7760 8925 30
5330 5318 358 661 5251 5759 1749 9874 5760 5761 9683 30
5331 5318 661 358 301 9874 1749 5759 8069 1736 1747 30
5332 5218 779 523 5198 9008 2838 9801 9009 9007 9812 30
5333 5218 523 779 530 9801 2838 9008 9291 2847 2849 30
5334 3482 5168 3483 3484 9187 9490 4309 4314 7134 4315 30
5335 3482 5168 3484 5220 9187 7134 4314 7235 7135 7136 30
5336 340 5205 341 5317 8031 7160 1905 7755 7158 7162 30
5337 5205 5317 3652 5210 7158 8053 8051 6769 7159 9622 30
5338 806 5086 822 5178 9140 5738 3168 9575 5739 5735 30
5339 806 5086 5178 5322 9140 5739 9575 9141 6664 6667 30
5340 5199 3774 5166 3433 8908 9309 8043 9124 3940 9123 30
5341 5199 5166 3774 5142 8043 9309 8908 8044 7719 8906 30
5342 5209 3644 5192 3765 9715 8442 6629 8184 4290 6967 30
5343 5209 5192 3644 5179 6629 8442 9715 6298 6577 8441 30
5344 5190 837 656 5174 8161 2948 9743 8160 8054 9668 30
5345 5190 656 837 928 9743 2948 8161 8438 3153 2536 30
5346 5337 529 5342 3799 9765 8041 6260 5517 6728 7470 30
5347 5337 529 3799 914 9765 6728 5517 5516 2876 5513 30
5348 5337 529 914 798 9765 2876 5516 8187 2763 2877 30
5349 5371 21 3281 5354 9792 3346 9922 8685 9926 9841 30
5350 5240 857 558 557 7883 2989 8619 8217 2988 1540 30
5351 5240 558 857 5157 8619 2989 7883 7479 7925 6164 30
5352 5250 233 236 323 6866 1404 7586 9110 1406 1405 30
5353 5250 236 233 5193 7586 1404 6866 6865 6149 6864 30
5354 5346 723 824 547 9203 2952 9395 6056 2951 2950 30
5355 5346 824 723 5237 9395 2952 9203 9202 9399 9201 30
5356 5231 3437 5112 5138 9460 9941 8099 8279 8951 7537 30
5357 5231 5112 3437 3713 8099 9941 9460 9120 9119 3922 30
5358 5113 5112 3437 5138 7534 9941 8950 7539 7537 8951 30
5359 309 5278 911 833 9703 9734 1787 1769 9097 1789 30
5360 911 5278 309 5263 9734 9703 1787 9674 9702 9704 30
5361 3572 5252 3598 3630 9556 9625 4766 4768 8309 4769 30
5362 3572 5252 3630 5329 9556 8309 4768 9536 7682 8254 30
5363 5277 913 245 767 9739 1465 5530 9744 1469 1468 30
5364 5277 913 767 5328 9739 1469 9744 7991 9740 9745 30
5365 5338 623 501 624 5898 2743 8150 8760 2746 2745 30
5366 5338 501 623 5310 8150 2743 5898 5900 8149 5895 30
5367 5200 3627 5229 3633 9862 9873 6980 8871 4071 8873 30
5368 5200 5229 3627 5190 6980 9873 9862 8629 8917 9861 30
5369 5222 288 291 287 6035 1673 9648 9852 1669 1674 30
5370 5222 288 287 286 6035 1669 9852 5567 1668 1650 30
5371 71 70 5105 5087 92 9942 7860 7695 5902 7579 30
5372 71 5105 70 750 7860 9942 92 1071 7928 1072 30
5373 5186 5105 70 5087 7581 9942 9937 7066 7579 5902 30
5374 5186 70 5105 750 9937 9942 7581 7930 1072 7928 30
5375 5112 3437 3693 5113 9941 4091 9516 7534 8950 7367 30
5376 5112 3693 3437 3713 9516 4091 9941 9119 4092 3922 30
5377 5350 5378 206 18 8892 5800 8171 9115 7720 995 30
5378 3770 5379 5369 5350 9276 8795 8577 8170 8770 8794 30
5379 5372 208 5380 5358 9158 9157 8416 8519 9234 8521 30
5380 5379 867 617 17 9275 993 9499 8697 992 988 30
5381 3282 17 18 5350 3336 48 3337 8768 8769 9115 30
5382 22 5354 5372 3281 9863 9887 8653 3347 9841 9576 30
5383 29 5375 667 5385 9558 9225 1028 9924 9223 9227 30
5384 14 5353 5359 207 9529 9916 9925 979 8671 8506 30
5385 29 5375 3295 3284 9558 9808 3366 3364 9559 3368 30
5386 29 28 5351 3284 59 9442 9560 3364 3363 7708 30
5387 5387 3285 109 3293 9282 3304 9356 9928 3310 3379 30
5388 5368 5352 208 5380 9307 9211 9236 9235 9795 9157 30
5389 5352 3292 25 3280 9609 3356 8336 9305 3358 3354 30
5390 5352 24 208 5380 9832 1009 9211 9795 8546 9157 30
5391 25 24 5352 3280 55 9832 8336 3354 3353 9305 30
5392 5359 5353 14 3279 9916 9529 9925 9907 8617 3329 30
5393 5353 192 5374 3684 9482 9750 8615 8673 8366 9857 30
5394 5387 6 5 3293 8014 36 9283 9928 3309 3308 30
5395 192 15 5353 5374 986 8614 9482 9750 8613 8615 30
5396 5353 15 14 3279 8614 45 9529 8617 3330 3329 30
5397 5371 639 191 21 8683 1005 9927 9792 1004 1000 30
5398 5364 3670 5386 5381 9628 9943 8208 8175 9831 8210 30
5399 5371 639 21 5354 8683 1004 9792 8685 8684 9926 30
5400 5359 5353 3684 207 9916 8673 8504 8506 8671 7969 30
5401 3281 21 22 5354 3346 52 3347 9841 9926 9863 30
5402 5355 5384 195 11 7722 9300 9587 7723 7298 974 30
5403 5386 193 5381 3670 8349 8338 8210 9943 8317 9831 30
5404 5355 3288 11 3283 7721 3322 7723 9448 3324 3320 30
5405 5355 5377 195 5384 8137 7531 9587 7722 7086 9300 30
5406 3283 10 11 5355 3319 41 3320 9448 9912 7723 30
5407 3440 3671 782 5356 3897 7457 7817 6687 9944 8351 30
5408 3440 782 202 5356 7817 1038 8165 6687 8351 9070 30
5409 5356 609 202 3440 6686 1257 9070 6687 6551 8165 30
5410 5356 5370 127 3295 9242 9931 9788 9013 8735 3412 30
5411 128 3671 3440 5356 3895 3897 3893 9351 9944 6687 30
5412 5356 5370 5391 883 9242 8399 8212 8215 8402 8216 30
5413 127 128 3440 5356 149 3893 3892 9788 9351 6687 30
5414 7 5373 5382 210 7767 7771 7769 958 9412 9411 30
5415 5389 5353 5359 3279 8660 9916 9899 8607 8617 9907 30
5416 5373 647 210 7 7878 963 9412 7767 962 958 30
5417 28 5351 5364 633 9442 6738 9929 1021 6743 6741 30
5418 3278 7 8 5357 3312 38 3313 9231 9565 9400 30
5419 3663 5358 605 3436 9945 9584 8445 3876 9768 6819 30
5420 5368 3663 5358 208 9946 9945 9237 9236 8148 9234 30
5421 605 208 5358 3663 1011 9234 9584 8445 8148 9945 30
5422 121 5358 3663 3436 9767 9945 3874 3872 9768 3876 30
5423 5368 3663 208 3423 9946 8148 9236 9821 3879 7480 30
5424 5358 122 121 3663 9523 143 9767 9945 3875 3874 30
5425 5377 3424 213 5359 9616 6947 7084 7954 8505 9142 30
5426 5359 5389 3279 115 9899 8607 9907 9900 9901 3391 30
5427 213 207 5359 3424 981 8506 9142 6947 7044 8505 30
5428 5377 3424 5359 114 9616 8505 7954 9594 3853 9749 30
5429 5359 3684 115 3424 8504 3856 9900 8505 3858 3854 30
5430 5359 115 114 3424 9900 136 9749 8505 3854 3853 30
5431 3429 3680 5360 607 3849 9053 9947 8470 7809 9914 30
5432 5360 5383 111 3278 7418 7419 7417 9229 9230 3380 30
5433 5360 3680 200 607 9053 8096 9036 9914 7809 969 30
5434 112 3429 3680 5360 3847 3849 3845 9450 9947 9053 30
5435 5364 5351 28 3284 6738 9442 9929 7707 7708 3363 30
5436 111 112 3680 5360 133 3845 3844 7417 9450 9053 30
5437 617 3435 3770 5361 8316 3864 8649 9535 9336 9881 30
5438 5389 3297 5361 5374 8606 8706 9856 8661 8705 8702 30
5439 192 3435 617 5361 8315 8316 990 9335 9336 9535 30
5440 3435 117 3770 5361 3860 3862 3864 9336 9562 9881 30
5441 5361 3684 5374 192 9334 9857 8702 9335 8366 9750 30
5442 3435 116 117 5361 3859 138 3860 9336 9871 9562 30
5443 167 3 5362 3795 184 7542 7906 3825 3824 6379 30
5444 5363 5362 167 3 7541 7906 7359 7543 7542 184 30
5445 5362 5367 34 211 6378 9240 9915 8239 9913 1039 30
5446 5363 5362 3286 1 7541 7545 7544 9858 9883 3302 30
5447 5362 5367 211 3795 6378 9913 8239 6379 6380 8240 30
5448 3286 34 1 5362 3301 65 3302 7545 9915 9883 30
5449 5363 3286 3 3285 7544 3306 7543 9286 3303 3305 30
5450 5363 895 1 86 9473 942 9858 7940 944 108 30
5451 5363 5387 644 5 9284 8013 8377 9285 9283 956 30
5452 5363 895 86 167 9473 944 7940 7359 7633 7098 30
5453 5387 3285 3293 5 9282 3310 9928 9283 3300 3308 30
5454 3285 1 5 5363 3299 35 3300 9286 9858 9285 30
5455 5364 5388 3284 125 7705 7706 7707 9920 9923 3411 30
5456 5364 3686 620 633 8718 7795 9629 6741 8326 1023 30
5457 5364 5386 124 3292 8208 9930 9897 8173 8209 3406 30
5458 5364 3670 5381 620 9628 9831 8175 9629 9062 9830 30
5459 5364 3428 125 3686 6740 3886 9920 8718 3888 3884 30
5460 124 125 3686 5364 146 3884 3883 9897 9920 8718 30
5461 5375 3295 5370 5385 9808 8735 9224 9223 8283 8400 30
5462 5365 3290 119 3289 6597 3396 6691 9779 3344 3399 30
5463 5371 191 3668 5365 9927 6443 6516 6515 6444 6425 30
5464 20 191 5371 5365 1001 9927 9776 9778 6444 6515 30
5465 3289 19 20 5365 3342 50 3343 9779 6453 9778 30
5466 5365 3289 19 3290 9779 3342 6453 6597 3344 3340 30
5467 5373 3678 210 647 7877 7753 9412 7878 6816 963 30
5468 3677 5366 644 3796 9578 8059 6429 3840 9470 8391 30
5469 644 210 5366 3677 960 9413 8059 6429 7900 9578 30
5470 3677 5373 210 5366 8423 9412 7900 9578 8116 9413 30
5471 109 5366 3677 3796 9469 9578 3838 3822 9470 3840 30
5472 5366 110 109 3677 9579 131 9469 9578 3839 3838 30
5473 5367 5356 782 3671 8354 8351 8353 9948 9944 7457 30
5474 5367 5356 3671 128 8354 9944 9948 9350 9351 3895 30
5475 211 782 3671 5367 1041 7457 7788 9913 8353 9948 30
5476 5367 3671 211 3795 9948 7788 9913 6380 3898 8240 30
5477 5367 129 3671 3795 6377 3896 9948 6380 3823 3898 30
5478 128 129 3671 5367 150 3896 3895 9350 6377 9948 30
5479 3681 5355 5377 195 9610 8137 7530 7316 9587 7531 30
5480 5355 5360 607 3429 9447 9914 9484 8733 9947 8470 30
5481 5355 5360 3429 112 9447 9947 8733 9449 9450 3847 30
5482 5360 10 5355 607 9467 9912 9447 9914 967 9484 30
5483 3429 112 113 5355 3847 134 3848 8733 9449 9611 30
5484 5364 3670 124 5386 9628 3881 9897 8208 9943 9930 30
5485 5368 3663 3423 122 9946 3879 9821 8604 3875 3877 30
5486 5352 5386 5368 3423 8348 9306 9307 8584 9822 9821 30
5487 5368 3663 122 5358 9946 3875 8604 9237 9945 9523 30
5488 5386 124 123 3670 9930 145 9383 9943 3881 3880 30
5489 3423 122 123 5368 3877 144 3878 9821 8604 9384 30
5490 3423 5352 208 5368 8584 9211 7480 9821 9307 9236 30
5491 5355 10 5360 3283 9912 9467 9447 9448 3319 9446 30
5492 5379 867 17 5350 9275 992 8697 8770 8172 8769 30
5493 3281 5358 5372 3298 9796 8519 9576 3351 8520 8415 30
5494 3670 123 5386 3423 3880 9383 9943 3882 3878 9822 30
5495 3770 117 118 5369 3862 139 3863 8577 8863 8371 30
5496 3770 5379 617 5361 9276 9499 8649 9881 8703 9535 30
5497 3670 5386 193 3423 9943 8349 8317 3882 9822 7328 30
5498 5364 5381 27 620 8175 8176 8174 9629 9830 1018 30
5499 3284 3287 28 5364 3365 3361 3363 7707 9898 9929 30
5500 29 5375 5385 3295 9558 9223 9924 3366 9808 8283 30
5501 3287 27 28 5364 3360 58 3361 9898 8174 9929 30
5502 5375 3674 667 5370 9894 8074 9225 9224 9949 9226 30
5503 667 5370 3674 883 9226 9949 8074 1032 8402 7923 30
5504 5375 3674 5370 126 9894 9949 9224 9809 3889 9807 30
5505 3674 126 127 5370 3889 148 3890 9949 9807 9931 30
5506 5356 3674 127 5370 6688 3890 9788 9242 9949 9931 30
5507 5356 3674 5370 883 6688 9949 9242 8215 7923 8402 30
5508 29 30 3295 5385 60 3367 3366 9924 8284 8283 30
5509 30 5391 5385 883 8285 8286 8284 1031 8216 8401 30
5510 3291 5359 14 3279 7952 9925 3328 3331 9907 3329 30
5511 13 213 5359 5390 976 9142 9694 9693 7088 7953 30
5512 14 13 5359 3291 44 9694 9925 3328 3326 7952 30
5513 5371 120 3281 3289 6513 3401 9922 9777 3398 3348 30
5514 5371 120 3289 5365 6513 3398 9777 6515 6514 9779 30
5515 21 5371 3281 3289 9792 9922 3346 3345 9777 3348 30
5516 5371 3281 5376 5354 9922 9840 9656 8685 9841 9658 30
