9949 3 1 0
1 9.6824583655185403 -2.371518329041959e-15 5.0000000000000062 7
2 6.1232339957367663e-16 -1.4997597826618576e-31 -20 0
3 6.690384568523732 -1.6386716093814867e-15 5.0000000000000044 7
4 4.2862637970157361e-16 -1.0498318478633003e-31 -17 0
5 9.4842578667729782 -1.9490645043204669 5 7
6 8.8977707653568032 -3.818334124583008 5 7
7 7.9470078534334734 -5.53128069940679 5 7
8 6.6708935153809392 -7.0177759955033281 5 7
9 5.12167203826837 -8.2169627662098446 5 7
10 3.3627686538042401 -9.0797460211653345 5 7
11 1.4661931300341182 -9.5708034047041703 5 7
12 -0.49040850991107782 -9.6700309971971539 5 7
13 -2.4269327757961401 -9.3733663866184536 5 7
14 -4.2640980962598185 -8.692955106073132 5 7
15 -5.9266906832623114 -7.6566531584583268 5 7
16 -7.3466439143061102 -6.3068869650092267 5 7
17 -8.4658246978437237 -4.6989160638544885 5 7
18 -9.2384137246708598 -2.8985710191752809 5 7
19 -9.6327807780634913 -0.97955806313540605 5 7
20 -9.6327808080593691 0.97955807054161936 5 7
21 -9.2384136223997277 2.8985709813076532 5 7
22 -8.4658247093083947 4.6989160475921041 5 7
23 -7.3466439348643471 6.3068869410616593 5 7
24 -5.9266906511760276 7.6566531827076076 5 7
25 -4.2640980712225005 8.692955104204799 5 7
26 -2.4269327254252202 9.3733663996603962 5 7
27 -0.49040848752593824 9.6700309983323898 5 7
28 1.4661931361079701 9.5708034037736951 5 7
29 3.3627686542162114 9.0797460210127525 5 7
30 5.1216720376793496 8.2169627665769926 5 7
31 6.6708935127971998 7.0177759979593368 5 7
32 7.9470078456009325 5.5312807106601181 5 7
33 8.8977707525502669 3.8183341544258069 5 7
34 9.4842578594672879 1.9490645398704625 5 7
35 9.6327808005286553 -0.97955804894881515 5 7
36 9.2384136839615287 -2.8985709551813605 5 7
37 8.4658247227270778 -4.6989160298092232 5 7
38 7.3466439492513622 -6.3068869251970465 5 7
39 5.926690695295834 -7.6566531686126655 5 7
40 4.2640980626007918 -8.6929550701416751 5 7
41 2.4269326840695444 -9.373366397215305 5 7
42 0.49040843680494089 -9.6700310047578419 5 7
43 -1.4661932048497255 -9.5708033929817038 5 7
44 -3.362768712069486 -9.0797460021812917 5 7
45 -5.1216736474954772 -8.2169616493313704 5 7
46 -6.6708934870346024 -7.0177759922949319 5 7
47 -7.9470078336817398 -5.5312807260846544 5 7
48 -8.897770747943369 -3.8183341551629066 5 7
49 -9.4842578805413478 -1.9490645469164374 5 7
50 -9.6824585278838331 1.2349228804701832e-09 5 7
51 -9.4842578857707274 1.9490645509804188 4.9999999999999991 7
52 -8.8977707514214188 3.8183341376378506 5 7
53 -7.9470078483569306 5.5312807050003698 5 7
54 -6.6708934842291612 7.0177759948581615 5 7
55 -5.1216807966200859 8.2169572744980854 5 7
56 -3.3627686774552297 9.0797460150009979 5 7
57 -1.4661931680560414 9.5708033986182972 5.0000000000000018 7
58 0.49040845106591618 9.6700310040345911 5 7
59 2.4269326872564596 9.3733663963901481 5 7
60 4.2640980624864273 8.692955070197776 5 7
61 5.9266906936119081 7.6566531699161402 5 7
62 7.3466439436249296 6.3068869317510412 5 7
63 8.4658247115201082 4.6989160500002303 5 7
64 9.2384136736682638 2.898570987988216 5 7
65 9.6327807986927674 0.97955806700216652 5 7
66 0.96260479675572708 -2.3577017663815788e-16 -19.907123549650549 0
67 1.8985421201359587 -4.6500870609418624e-16 -19.636245854854195 0
68 2.7885371537285075 -6.8299461992341742e-16 -19.206671813958369 0
69 3.6228625125923974 -8.8734539595944335e-16 -18.64133763600163 0
70 4.3990222090503837 -1.0774496935383341e-15 -17.960913518446826 0
71 5.1184263165042916 -1.2536528810357115e-15 -17.181584565169338 0
72 5.7839719379210806 -1.416664544026633e-15 -16.315105714808155 0
73 6.3987040579467491 -1.5672304886511332e-15 -15.369656649231402 0
74 6.9651961048827937 -1.7059810230556655e-15 -14.350755132817998 0
75 7.4853096110240447 -1.8333720911535032e-15 -13.261996837145009 0
76 7.9601248946489438 -1.9496682946089982e-15 -12.105603935630821 0
77 8.3899383917475419 -2.0549422392994243e-15 -10.88281834502086 0
78 8.774275133389466 -2.1490775913887252e-15 -9.5941848811836596 0
79 9.1118925543426723 -2.2317700101700705e-15 -8.2397606950965709 0
80 9.4007639017419766 -2.3025230843616589e-15 -6.8192779863281601 0
81 9.6380337862406158 -2.3606374452787224e-15 -5.3322808385471987 0
82 9.8199390597538212 -2.4051913874699177e-15 -3.7782519041065616 0
83 9.941685532489581 -2.4350106730985829e-15 -2.1567464135473986 0
84 9.997267121389747 -2.4486242360862058e-15 -0.46754723217899596 0
85 9.9792053180123084 -2.4442003701476039e-15 1.2891256276327221 0
86 9.8781748023748435 -2.4194550306292785e-15 3.1123383965929698 0
87 0.4835220671873619 -1.1842875037962283e-16 -19.976606960196499 0
88 1.4366004189198789 -3.5186562093679529e-16 -19.792541952600146 0
89 2.3519723093817682 -5.7606707207351798e-16 -19.43895329032933 0
90 3.2152069545283108 -7.8749858109188115e-16 -18.938051033784106 0
91 4.0206566309664229 -9.84776854716722e-16 -18.31221671517304 0
92 4.7682082115373436 -1.1678741847854665e-15 -17.580010290261818 0
93 5.4602867444816239 -1.3373845368112284e-15 -16.755329739284541 0
94 6.100005495157248 -1.4940704408851179e-15 -15.848019808045596 0
95 6.6902395406520361 -1.6386360877977146e-15 -14.864816835561214 0
96 7.2332332779109505 -1.7716311962559521e-15 -13.810189911412753 0
97 7.7304665316219401 -1.8934182187733097e-15 -12.686983440278158 0
98 8.1826292961819664 -2.0041661552357206e-15 -11.496882673362309 0
99 8.5896319216567552 -2.1038530477421747e-15 -10.240746740439448 0
100 8.9506158830848825 -2.1922686183234721e-15 -8.9188508931293686 0
101 9.2639488254938449 -2.2690130553211843e-15 -7.5310695544872557 0
102 9.5271950484454191 -2.3334897841862395e-15 -6.0770237810550141 0
103 9.7370547454627694 -2.3848905854307057e-15 -4.5562110942584457 0
104 9.8892641393853253 -2.4221711348441884e-15 -2.9681339467533459 0
105 9.9784454686232529 -2.4440142607231769e-15 -1.3124420439958762 0
106 9.9978894795004365 -2.4487766698598412e-15 0.41088176252794412 0
107 9.9392429714811588 -2.4344124181944453e-15 2.2013170183891324 0
108 9.7920581296305027 -2.3983625291033631e-15 4.0573871325951556 0
109 6.4193770555182024 -1.884899160666289 5 7
110 5.6283096711969183 -3.6170949563590695 5 7
111 4.38127014552418 -5.0562552811834687 5 7
112 2.7792861792207466 -6.0857878528131177 5 7
113 0.95214096864129627 -6.622286106731444 5 7
114 -0.9521410114653498 -6.6222860928107696 5 7
115 -2.7792862143924024 -6.0857878603119229 5 7
116 -4.3812701462564725 -5.0562553178930338 5 7
117 -5.6283096427313932 -3.6170949988601615 5 7
118 -6.4193770155080427 -1.8848991889898694 5 7
119 -6.6903846766713775 -8.0195605941850714e-09 5 7
120 -6.4193769883919245 1.8848991388040077 5 7
121 -5.628309635633256 3.6170950099300097 5 7
122 -4.3812701515833163 5.0562553127665524 5 7
123 -2.7792862258329585 6.0857878544883146 5 7
124 -0.9521410128540686 6.6222860926110823 5 7
125 0.95214099912994621 6.6222861023478323 5 7
126 2.7792861797829267 6.0857878525563898 5 7
127 4.3812701415038777 5.0562552846670767 5 7
128 5.6283096729277666 3.6170949536658252 5 7
129 6.4193770601573341 1.8848991448669226 5 7
130 6.6222861159156095 -0.95214099561592236 5 7
131 6.0857878730314505 -2.7792861803238162 5 7
132 5.056255285547322 -4.3812701544037376 5 7
133 3.6170949530660237 -5.6283097033902081 5 7
134 1.884899095977794 -6.4193769707873649 5 7
135 -3.5646483237394833e-08 -6.6903845692868984 5 7
136 -1.8848991568013544 -6.4193769699726246 5 7
137 -3.6170964543630051 -5.6283087061344181 5 7
138 -5.0562552812195847 -4.3812701634134577 5 7
139 -6.0857878529860514 -2.7792862179249793 5 7
140 -6.622286122073878 -0.95214101732521983 5 7
141 -6.6222861000480435 0.95214100542463997 5 7
142 -6.0857878632324116 2.7792862105239777 5 7
143 -5.0562552793343611 4.3812701655890445 5 7
144 -3.6170604829057966 5.6283318383626675 5 7
145 -1.8848991636258572 6.4193769679687716 5 7
146 -2.0946885531669679e-08 6.6903845692869082 5 7
147 1.8848991110515323 6.4193769663613143 5 7
148 3.6170949510883679 5.6283097046611887 5 7
149 5.0562552848537701 4.3812701552041329 5 7
150 6.0857878771166067 2.7792861713785646 5 7
151 6.6222861170873095 0.9521409874665383 5 7
152 1.0826961750656323 -2.6518408104864178e-16 -16.795422869458164 0
153 2.0592102041758169 -5.0436103706309637e-16 -16.247787801584291 0
154 2.9028555324346019 -7.1099454723664422e-16 -15.469338468506935 0
155 3.6295825752491329 -8.8899133660397178e-16 -14.536198072124968 0
156 4.2601960217430275 -1.0434470843535774e-15 -13.489119522012571 0
157 4.8106569008635107 -1.1782711150877252e-15 -12.349370530639522 0
158 5.2917916416365438 -1.2961151391369822e-15 -11.128301860860491 0
159 5.7104923974295678 -1.3986672472134832e-15 -9.8320487321547603 0
160 6.0707465020826374 -1.4869040544420983e-15 -8.4638543184260886 0
161 6.3743165820866086 -1.561257279800852e-15 -7.0252859106260637 0
162 6.6211403422597641 -1.6217116653707662e-15 -5.5169213985681358 0
163 6.8095231606738791 -1.6678521484878064e-15 -3.9387762517525085 0
164 6.9361652614478775 -1.6988705171578417e-15 -2.2906095509950686 0
165 6.9960338420197266 -1.7135340902712034e-15 -0.57218751564513115 0
166 6.9820567934954161 -1.7101107007238386e-15 1.216428088791971 0
167 6.884571241823183 -1.6862336269601357e-15 3.0744973967864495 0
168 0.55065515795406073 -1.3487161532448414e-16 -16.947318794162907 0
169 1.5899596819642325 -3.8942780705816823e-16 -16.555667475625949 0
170 2.4998325241123154 -6.1228237981171914e-16 -15.879001661513955 0
171 3.2822776358634158 -8.0392616013461481e-16 -15.015300269922657 0
172 3.9584353340075449 -9.6953703228482469e-16 -14.020828693355691 0
173 4.5471051708163364 -1.1137195585653209e-15 -12.924891496358764 0
174 5.0615875193640862 -1.2397313908386837e-15 -11.742923084211206 0
175 5.5106028777738789 -1.3497084351275952e-15 -10.483233417966485 0
176 5.8994866496374447 -1.4449574884182078e-15 -9.1502877742709199 0
177 6.2310461201289282 -1.5261661372710854e-15 -7.7463679019039873 0
178 6.5060919200042635 -1.5935329289583355e-15 -6.2724729545679949 0
179 6.7237275935753633 -1.6468382951621609e-15 -4.7288515551393422 0
180 6.8814563523635099 -1.6854706990788387e-15 -3.1153549867472421 0
181 6.9751312190071708 -1.7084144241979814e-15 -1.4317133594340539 0
182 6.9987427919479792 -1.7141975916429407e-15 0.32218029535828785 0
183 6.9440010476798202 -1.7007897312633915e-15 2.1460238077993212 0
184 6.7996147397671338 -1.6654252852981967e-15 4.0384736051730794 0
185 2.322928291861635 0.84850300430048109 -19.378756080054451 0
186 3.9784541542247371 -0.88197122166329456 -18.264066284033213 0
187 7.6667970543426014 -1.0513976736993489 -12.667246876770538 0
188 6.6338992055357231 0.99160065440104272 -14.833490415001306 0
189 8.0758765498771243 1.1513096111121215 -11.568008321315402 0
190 8.4889665862455725 -1.3165257513292736 -10.238008838381235 0
191 -9.6594940001938134 1.9850764857552525 3.3188232890114713 0
192 -6.659133212582053 -7.2636230711412448 3.4033658266317879 0
193 -3.4370833474247799 9.248854725463195 3.2527799373043593 0
194 9.4433225678087211 1.2773899237616759 -6.0636404454705692 0
195 0.49946948020602405 -9.8486995720285773 3.3188232723462741 0
196 9.4369757332406756 -1.3247390672271941 -6.0625260128064147 0
197 2.4999788656093918 9.5233108262941428 3.4966593069929837 0
198 6.0467202735293233 -0.95994835120393418 -15.813370683913066 0
199 4.7216806202936414 0.9048028500787948 -17.537053791607388 0
200 6.03619533824215 -7.7981214958404026 3.3188232701941018 0
201 1.4175634448144123 -0.83935713777370613 -19.726732468931004 0
202 7.4823843804330554 6.4234163015685484 3.3188232855606143 0
203 9.8751485279235478 -1.4328444172796029 -1.3090430509651485 0
204 9.8751485279214304 1.4328444172938677 -1.3090430509666064 0
205 8.8764999129492885 1.1847272686028005 -8.9003754065635228 0
206 -9.6692040394615653 -1.9168887991531705 3.3657276033222132 0
207 -3.4249009777976065 -9.2475081101468408 3.3188233125910074 0
208 -6.7501983849746239 7.166586374292792 3.5070566025011973 0
209 0.47682182906095005 0.83621106071516171 -19.907123549651125 0
210 8.6162662951323874 -4.794237675178179 3.3318104659585392 0
211 9.4061872451512372 2.9403640182019992 3.3928754469429863 0
212 9.7945422210736499 -1.6863514495167757 2.2119326104728803 0
213 -1.5394107634263572 -9.7417135720189041 3.3040769859007697 0
214 -2.5349618402674934 -9.6380028942714713 1.6527173725745063 0
215 -4.2642956537360499 -9.0072195514696993 1.6562349219236241 0
216 -3.4229281398056459 -9.3958974980254109 0.051890512675454324 0
217 -1.6818877813050761 -9.8575401222024155 0.024998421249139226 0
218 -2.6180924063834521 -9.6222439853119237 -1.4940051389012572 0
219 -4.2501882136135896 -9.0203223725702859 -1.509548864751415 0
220 -3.3109807387695609 -9.2943854990673316 -3.2568725748631024 0
221 -4.9498180137265422 -8.5564992737680559 -3.0236546158547943 0
222 -4.1765644227603662 -8.8074049732859798 -4.4658379993321153 0
223 -5.6125861269129436 -7.9746423144621863 -4.4289759197238991 0
224 -4.8489696089178089 -8.2463304437144096 -5.8259859062171984 0
225 -6.154791694284004 -7.3349227711819847 -5.7679969281436447 0
226 -5.4510851775190625 -7.5761046364657556 -7.1800581960744845 0
227 -6.6164579344792136 -6.6083796936981765 -7.0857045451203051 0
228 -5.9531895864966646 -6.8550576357509172 -8.382772466853849 0
229 -6.9849402874726767 -5.8302301514299737 -8.29916274374661 0
230 -6.3133161504625059 -6.0989079170922516 -9.5802633373282191 0
231 -7.2538827141900626 -5.0062554906782424 -9.4485113178380793 0
232 -5.3077950781233172 -6.9962099837688712 -9.5666832855828705 0
233 -6.6110746481893168 -5.2670267713035877 -10.686836947654774 0
234 -7.4177254709916722 -4.1333385762230597 -10.562738480395646 0
235 -3.3990929236395329 -8.936154113697496 -5.8621896771465751 0
236 -6.8032643889938935 -4.39270878901615 -11.733661516908999 0
237 -7.4897331339197857 -3.2325271075474267 -11.568001743021163 0
238 -8.0301121059737355 -2.9363442192590283 -10.372113032843043 0
239 -7.9897868542718493 -1.9907466873109707 -11.349049942663067 0
240 -8.4734969504218505 -1.6660428559981013 -10.084473339380549 0
241 -7.444414330038418 -2.2919800008131808 -12.542331993467728 0
242 -7.8360273692529425 -1.0535020100968442 -12.245294375071714 0
243 -7.3084410224456358 -1.3338050412761908 -13.387703900714266 0
244 -7.5536589181358007 -0.11514883752151138 -13.104041772473854 0
245 -0.79234093495137758 -9.9292847731073017 -1.7680494759365466 0
246 -7.0237487234373974 -0.4012504298740418 -14.213507936120127 0
247 -6.6985420231415853 -1.5802959658425686 -14.509610528825085 0
248 -6.4259182469809515 -0.66673129100734929 -15.266046517511855 0
249 -6.6238958413415228 0.4906914688091541 -14.95101679023824 0
250 -6.0518303783252883 -1.7980320648834123 -15.510310089180072 0
251 -6.025103419216677 0.23042695679978253 -15.955567329972755 0
252 -6.1168284911973281 1.3539613562317478 -15.588610952244293 0
253 -7.5848302839357435 -5.5393949149949631 -6.8659896707231125 0
254 -5.5055660868036949 1.0967639187506604 -16.551235720678225 0
255 -5.4883826936557263 2.1760563587642947 -16.142172608600344 0
256 -6.0665859173933585 2.4375572867839161 -15.13338690188435 0
257 -5.3436049948902147 3.2318516094968146 -15.620630055510203 0
258 -4.7392092897713951 2.9455164162684984 -16.596846489527739 0
259 -4.5196568021406911 3.9548260663069663 -15.991504391535191 0
260 -5.8694004121483614 3.5328208513340869 -14.569737902138355 0
261 -3.8810798668696007 3.6281868162940807 -16.943846020670662 0
262 -3.5985312750765792 4.5489708702842666 -16.292014815068256 0
263 -2.945579385204407 4.2202108743418094 -17.147989067123405 0
264 -2.5837939061053778 5.0317918321201045 -16.493038532542403 0
265 -3.2267735364259496 5.355789109893677 -15.60813320739741 0
266 -2.166171983653888 5.8016206424912875 -15.703362297018042 0
267 -2.8054591940603539 6.141245355522245 -14.753237501475892 0
268 -1.6879972973898414 6.4641288294976302 -14.881626738990894 0
269 -2.3517838264927189 6.7783273648511972 -13.931746619624773 0
270 -1.1177423535202353 7.0989780565892469 -13.907575285895293 0
271 -1.8495502612853385 7.3811775043598926 -12.976499139615553 0
272 -0.61209242570692057 7.5902733342202096 -12.963501621740603 0
273 -1.2967579453742253 7.9295262338209378 -11.906474295651813 0
274 0.024568333000659127 8.0529679528923541 -11.857335880660926 0
275 -0.74925179227727812 8.3669633534593988 -10.850354094431525 0
276 -2.0583722665573481 8.0865500067410068 -11.021944039187376 0
277 -1.0648032512493302 6.0820899077341686 -15.732053443891813 0
278 0.58888297268972478 8.4106795184973286 -10.754289726728697 0
279 -0.15894256132472187 8.7557693733223694 -9.6563429813546904 0
280 1.2288209442930855 8.7053209143675492 -9.5304536858937805 0
281 0.44187594784006456 9.0562307006109179 -8.4355038128217803 0
282 1.8863849017140535 8.9077123187067677 -8.2690297495522245 0
283 1.3859665066732512 7.9619790158201713 -11.778962092479828 0
284 1.0605311879612804 9.2809189317511471 -7.1385761554037028 0
285 -0.42341406299782891 9.3116610067557808 -7.2425657957714344 0
286 2.5103227992707269 9.0281565713871732 -6.983027528509437 0
287 3.2903139054930715 8.5192579693759107 -8.147656854469 0
288 3.9224650349154486 8.5504753948169459 -6.7834028547612357 0
289 0.23777157578767621 9.5518403437342858 -5.9011221731319869 0
290 -1.3179535345049254 9.447695302948576 -6.001350495856542 0
291 4.6488156764693818 7.91753743996117 -7.9249261682429797 0
292 5.2380219753607529 7.8703479685631015 -6.5178980168064706 0
293 4.4981464823576909 8.5166193473171532 -5.3791720984390112 0
294 5.8147174276981373 7.7271554588354805 -5.0912197952995877 0
295 -0.62480246549694096 9.7098072611406998 -4.6170401040529345 0
296 -2.1991846570713456 9.4634271729521817 -4.7358771041200933 0
297 -6.330363319620254 -7.6112488242298459 -2.8251665984619097 0
298 -3.2272164487003083 3.3167361631413952 -17.729561214801482 0
299 -2.8378166377777085 9.0851615656338325 -6.1340479478666801 0
300 -3.6728286390489417 9.0008145342383177 -4.6885680152584603 0
301 -4.2974555835368937 8.4879547076865105 -6.1600325933520619 0
302 -5.1113933737540069 8.2392036633953367 -4.8945605612093619 0
303 -5.6470530789418927 7.6618885819004756 -6.1339236650470186 0
304 -6.3759198689903354 7.31059320459444 -4.8591656984103357 0
305 -6.8550404168992012 6.6093582393083352 -6.1073085879675242 0
306 -7.4945433876876324 6.1694197659408099 -4.8041978151139446 0
307 -7.8414640962558115 5.3975578696953859 -6.1246419880415655 0
308 -8.3930849090194606 4.8905496238120492 -4.7491683848950217 0
309 -7.2479276375040067 5.7986379416696661 -7.4413286402186323 0
310 -2.2395795994858143 3.800793846943463 -17.948621044593221 0
311 -8.6574434718234379 4.005933952478987 -6.0003885542713933 0
312 -9.1013262004792708 3.4364287368670676 -4.6289605437522363 0
313 5.0728184186051637 8.3957246909447587 -3.8875803300874567 0
314 6.3722476885381552 7.4940978875733721 -3.5960846749699451 0
315 5.8908204455504691 7.1153451846817175 -7.6603126257643641 0
316 5.3135999786756818 7.1718128247287538 -9.017927937985295 0
317 -8.8599194186145613 4.3349658919494933 -3.2923539368003403 0
318 -9.4579231945338069 2.828338730441402 -3.192609510845025 0
319 -9.5499350668354328 1.9046801819004722 -4.5479373891479513 0
320 -9.8051569881523264 1.2295908525248203 -3.0639861442734428 0
321 -9.7505316993977438 0.27888513858036879 -4.4042500648890286 0
322 -9.8855567239790858 -0.41694320852269084 -2.8996045370765091 0
323 -5.9730690477138948 -5.378119761557512 -11.899289723607335 0
324 -8.0231777770062767 0.18982713135631316 -11.931904126123987 0
325 0.20247529860440264 7.15664414645632 -13.963015192206525 0
326 -3.3976195877961408 6.3646859074192434 -13.848747876472135 0
327 -5.3884368337936097 -0.0095802434552069455 -16.848104547058295 0
328 -1.4712856095987725 9.7519829744599651 -3.3070510856837649 0
329 -5.802259135374606 7.9349639586790897 -3.6715859790699619 0
330 -2.4875420961978789 2.8871966347179474 -18.490671151920552 0
331 5.5789330428784121 8.2159441577900409 -2.344156734653299 0
332 6.4332767687725037 6.2922867012974839 -8.7224028994416098 0
333 5.8746590622243344 6.3373846967866259 -10.064976126660245 0
334 6.9698175692345048 6.1392541368207159 -7.4111272273844397 0
335 -1.5189339435295774 3.3424083821264867 -18.603348718151178 0
336 4.1379365996059869 9.0070275891000726 -2.6464577886913925 0
337 6.8638781430196065 7.2005339773772024 -2.0391049785767579 0
338 7.5450553731598351 6.3479339191960529 -3.3321910950436728 0
339 -9.5181078673544679 0.9421642819475391 -5.8371051356737675 0
340 6.8780410661277216 5.3681845649025792 -9.7724399347966955 0
341 6.324171439384906 5.4288029352929863 -11.051326489616077 0
342 -9.568272863227536 -0.63145377973557881 -5.6743001467603804 0
343 5.3023811973642401 6.3198337783938525 -11.303885111112951 0
344 5.733101880904786 5.4392474974114116 -12.254979312111418 0
345 4.697727191522171 6.2340584967650132 -12.50085979330143 0
346 5.1007394887148036 5.3813012491969516 -13.41999307505883 0
347 4.0469349659906841 6.0892608349988926 -13.644518293349977 0
348 4.4438074146474182 5.269770256753957 -14.488905700922471 0
349 3.3865346437483663 5.8993100393453508 -14.660085152054373 0
350 3.7599715693720746 5.0871456516429854 -15.489811221119972 0
351 4.7232200476514246 4.3952561310796474 -15.280434015258919 0
352 4.0383874883697928 4.1969785915879125 -16.257527142284715 0
353 3.0684940350861916 4.8333375537779997 -16.397950170418223 0
354 3.3328756202536711 3.9665054531998178 -17.106580557160434 0
355 2.4032495435797236 4.5104218360282493 -17.190751756960875 0
356 -6.2306815292573674 -2.6710661212533662 -14.702926709585892 0
357 -5.5501694715149297 -2.8673906979433812 -15.617130264272166 0
358 -4.9379122700319904 7.7911826904695678 -7.7238577659599335 0
359 6.0303928541247496 4.5373799895326323 -13.121973152770888 0
360 -9.23087755916616 3.7361540619024605 -1.8243380316293587 0
361 -3.3767455868735983 2.3305094595880065 -18.239113454365103 0
362 -2.6702916866551525 1.9276075724826978 -18.884265551478329 0
363 -5.6221366529730075 -3.6939683855395362 -14.798131912093751 0
364 -4.8560415821261023 -3.8488535451608583 -15.697794308827582 0
365 -4.7538499345342355 -3.0189596200551732 -16.527164743222617 0
366 -4.0388612121848304 -3.933756800059522 -16.51825142643062 0
367 -4.0764836508463453 -4.702757430346562 -15.654565288848188 0
368 -3.2052950513817717 -4.7289793110499909 -16.414973446125178 0
369 -3.2005799969133184 -5.4455354918321008 -15.505151516906277 0
370 -2.2786824667827634 -5.3969246906828472 -16.20873963004831 0
371 -2.2365155333081161 -6.0921184811909557 -15.216318960958084 0
372 -1.2856275128167201 -5.9380147932483434 -15.885482959413288 0
373 -1.2347059650209327 -6.550801879255701 -14.908050968343474 0
374 -0.24076865951565735 -6.314100116498504 -15.501505755432746 0
375 -0.19978731804781244 -6.9124875819566558 -14.446812860536712 0
376 0.82448807948261493 -6.5567403543967018 -15.0105796466115 0
377 0.87823507089300867 -7.1157927206927445 -13.941907633661863 0
378 1.8927270848243354 -6.6576318570641799 -14.43516847676902 0
379 1.956139791971844 -7.2026301010606693 -13.310993462782424 0
380 0.89110902615865484 -7.650503263274457 -12.75550461912432 0
381 1.9902266506995359 -7.6855251094847947 -12.160871953988169 0
382 3.0404176212453651 -7.1255010283802731 -12.646437566836333 0
383 3.0850901012996288 -7.6106886175489894 -11.412210624339741 0
384 0.75746293365081729 -5.9428567672984665 -16.013582153599479 0
385 -3.9655636210118437 -3.1351516325692361 -17.25631819462145 0
386 4.0930717364615328 -6.9120088654272953 -11.91148978162416 0
387 4.1267284351618443 -7.3828273196194587 -10.670327678399982 0
388 3.0638678589969177 -8.0509529526258206 -10.157730119905958 0
389 4.1563616887479498 -7.8054546543876535 -9.3379944636107659 0
390 3.0231026490716126 -8.4567442708827194 -8.7964371674146431 0
391 4.1341607094912316 -8.1854623532276705 -7.9766963818341186 0
392 5.2308304366623393 -7.3909820719375254 -8.4880614878038951 0
393 5.21164080066493 -7.7714685023372398 -7.0549493214408496 0
394 2.9103478263353226 -8.812589161561915 -7.4479924272965521 0
395 -2.2390545266427195 -6.6558502244841105 -14.238861276935816 0
396 6.2432089007168265 -6.8365552097907525 -7.558797651873765 0
397 6.2171934228205128 -7.2086021797620941 -6.1261931269480838 0
398 6.2268954067837221 -6.4170027140028996 -8.9549650499496956 0
399 4.0276776367369633 -6.3975466027684922 -13.091861643010782 0
400 1.9408646139669909 -8.5547682175482436 -9.6018717538357379 0
401 5.0076275403837203 -6.0804911766065786 -12.320924229618488 0
402 4.9085798377664078 -5.527524954799186 -13.468825019331911 0
403 -2.291847625499392 -4.6779010171573177 -17.072161730158403 0
404 5.111157537949607 -8.1282731603796989 -5.5882892024346322 0
405 6.1703469638878765 -7.5279699004112874 -4.585406208283521 0
406 4.9570173021484738 -8.4471614639847683 -4.0365543066190899 0
407 6.0502819399373848 -7.8190487863263165 -3.0043731621197929 0
408 4.7813522935682258 -8.6988518984440653 -2.423754025247534 0
409 7.1585489343931075 -6.7495903704739781 -3.5767062975336255 0
410 7.1275503441781138 -5.7550761213855681 -8.0192580525293096 0
411 5.8052796849290837 -5.1422068683390982 -12.626390822868718 0
412 7.0418708007398969 -7.0332838794155936 -1.944194946233021 0
413 5.6618589016003602 -4.5387139334759059 -13.761312380502147 0
414 4.7734985525497811 -4.9239813063715561 -14.555840018811498 0
415 7.9769911044137878 5.9672486715249642 -1.7430504436611449 0
416 7.0705592630544629 -5.3017373181762304 -9.3592249928489561 0
417 3.584932539381231 -9.1702290897913308 -3.4958015554836059 0
418 -1.2396835777914645 4.180617904294281 -17.998401991871194 0
419 -0.50176313535687722 3.6691604091284744 -18.577997270758868 0
420 -7.6386934750411113 1.109909243390286 -12.715103376032951 0
421 -8.0413107539598858 1.4299106600891152 -11.539961327909653 0
422 2.6161432456432268 3.6779043452824385 -17.846995729839559 0
423 7.8405635919391568 -4.5617654150871099 -8.4180422565993815 0
424 7.9515389801668839 -4.9376961482286239 -7.0405069688637401 0
425 -3.4675471036732803 1.3275690988203905 -18.57026412000263 0
426 -2.7136387420028321 0.89670018640360394 -19.165812641639281 0
427 -3.4649777105433204 0.29620109228781138 -18.751660660151192 0
428 -2.6723942762921693 -0.14024782211422104 -19.27056194099519 0
429 -8.5158904801803956 -2.6115373340856478 -9.0905405960811176 0
430 -7.5535282352369979 2.2980567078063783 -12.27406152293258 0
431 -7.9053167415877459 2.6421812233716797 -11.049858930870494 0
432 -7.2726660361765392 3.4767985325964448 -11.835573613472127 0
433 -8.4233292346516873 1.7643152435838927 -10.185227798320408 0
434 1.9913919665839928 5.2743642259659307 -16.518527785159971 0
435 4.9105099269295662 3.4573918975399387 -15.991664519286466 0
436 3.4054212081510631 -9.3569317466026494 -1.8449224205850894 0
437 -9.9554030714803314 0.5522679205849127 -1.5296402560768949 0
438 -9.9114011803396327 -1.1393028912918539 -1.3654531324892349 0
439 -9.6809483068268545 -2.0963792878223413 -2.7454935892372569 0
440 -9.5781434312086855 -2.8112580926376687 -1.1933085900521714 0
441 -9.1867303872918615 -3.7305928464121108 -2.5974308887876587 0
442 -8.9579453947656837 -4.4137970527592154 -1.0461546376140476 0
443 -8.474242134865543 5.2198925878971076 -1.9390117178463226 0
444 -8.8695480830261069 4.6144378338736463 -0.39028338526466677 0
445 8.0466304828858366 -5.8041102814671639 -2.5012330658773507 0
446 6.0649211936364464 7.941149032931512 -0.78710342840151626 0
447 -4.114500370194019 -5.3755674513318175 -14.720619726065229 0
448 8.5237416711124929 5.0057739548970117 -3.0252636490825928 0
449 -8.2092415737971436 2.9831248753891928 -9.7384431529633613 0
450 5.4496523975197846 -3.9125584248200624 -14.831476705787107 0
451 4.5801090917337115 -4.2820057720342737 -15.580375769035012 0
452 -3.4975829469464608 -0.76289208499162864 -18.674571930396311 0
453 -2.5235386199308691 -1.1672408514909511 -19.21138221246229 0
454 0.11642827564871076 9.8712019126194406 -3.1911234742189087 0
455 -0.81282935176684745 9.9262708870134482 -1.7982822053676606 0
456 -2.6303900157587057 9.5977534443993484 -1.963850488726012 0
457 6.5509731639851205 -3.9951219827181377 -12.825560564427427 0
458 -7.9425872671616418 6.0706317496788262 -0.50094975122515062 0
459 7.2038147664802867 4.4076551998265314 -10.710299426193966 0
460 7.700558277643835 4.3058282790800559 -9.415146317224286 0
461 -0.21738528863583315 4.4600526502356965 -17.89532609296743 0
462 -9.3527513212625486 0.088744272289379644 -7.0762043997491944 0
463 4.5751590081443156 -8.8841497197569055 -0.74780694604713471 0
464 -1.8745660349564937 1.4564529155187438 -19.428303794769572 0
465 7.9012243337884387 -6.1123508183124455 -0.91612553948579589 0
466 4.226948118005903 6.9889437808072223 -11.53907698846011 0
467 0.88979921197561385 9.924505093063523 -1.6881421979486895 0
468 -0.076629759105039247 9.9990752001475158 -0.2247044442319846 0
469 3.1572603595872963 -9.4877312599231196 -0.24217812664539326 0
470 2.9443271942000147 6.6291386504373291 -13.767419239170749 0
471 7.7116907780780855 -4.0696442486228133 -9.7913882637666134 0
472 3.4916381448769855 3.0388504099908658 -17.728378521561218 0
473 3.8249016662551005 -5.2194648812973323 -15.248254142213494 0
474 3.6392998885382815 -4.5469537939876137 -16.258008182631336 0
475 4.3145672103339496 -3.616127762084143 -16.529746494825073 0
476 3.3878910102822655 -3.8503072750789493 -17.16942962243332 0
477 -9.9988258317746528 -0.15095069228498567 0.052758860284520946 0
478 2.6303639030956165 -4.713035928413337 -16.836683530289047 0
479 2.4207652075748642 -4.0002635440877308 -17.679116198230918 0
480 3.0810950650455116 -3.139040792107255 -17.961433807537617 0
481 2.1078376112286477 -3.238484433060314 -18.446597429500748 0
482 1.4470667489008233 -4.043879769325712 -18.061343719165951 0
483 1.0961056268558058 -3.2306787722517556 -18.80013480008023 0
484 0.38876872256286865 -3.9286541917399145 -18.375476605746176 0
485 0.065515814725236501 -3.1101207582262966 -19.007667563093666 0
486 -0.65975309821231909 -3.7935354326146355 -18.457932145383626 0
487 -0.32781502408790647 -4.4867624967154009 -17.861858761959844 0
488 -0.97062278125011858 -2.9294140300883402 -19.023819264999322 0
489 -1.6497531660304763 -3.4253165712125844 -18.498164328186604 0
490 -0.24857747836783892 -2.2395809730388971 -19.48563432916162 0
491 -1.8048734155356312 -0.56175211796266711 -19.639436500251964 0
492 1.6194300480692743 9.8676817859576946 -0.15877645277702612 0
493 -4.5714274326454225 -2.1792748106527822 -17.245615388000648 0
494 -3.2172934082405615 -1.7475656609117303 -18.611290915580678 0
495 -9.1866740956150146 1.5582532632025679 -7.2599905864056247 0
496 -9.3021794649788916 -3.0264220903117729 -4.1522170138844752 0
497 -8.6762525586165573 -4.5605424506287306 -3.9618652653076873 0
498 2.2451616936548722 6.360269973870265 -14.765664878877496 0
499 8.3269745468755474 -3.288050629886802 -8.9107166829582862 0
500 8.1030651116395163 5.3967905582242786 -4.567269410574232 0
501 8.9105861898466205 4.0093911048392075 -4.2549908210246086 0
502 8.4387657531818263 4.5245073710204613 -5.7675178760042281 0
503 2.73003386233284 -2.3813640650150365 -18.641461348335451 0
504 5.5520479603223967 3.6072275734070471 -14.988351834665721 0
505 8.8718419382704461 4.5593867948295754 -1.4176214974094719 0
506 2.7632383073476774 2.7353912804459197 -18.426301701607596 0
507 1.8192005876306017 3.2512424144782099 -18.560165083776855 0
508 1.9827989313337062 2.3595502757694811 -19.026405955305176 0
509 8.3217853561337911 5.5448845797353119 -0.092595547424082894 0
510 2.0049632568514948 -9.6976325299794119 -2.7828371509382408 0
511 2.2893556396649619 -9.4720909520347245 -4.4892510517974502 0
512 0.78802504997468892 -9.7638649884324789 -4.0229128791336022 0
513 1.0227895078764373 -9.5548970578219077 -5.5345618930513725 0
514 -0.45644393288671448 -9.6777867718982336 -4.9526163323247685 0
515 -0.21456409276556276 -9.4580718141843452 -6.4803826454391835 0
516 -0.77276569000309447 2.808260586789086 -19.132851921764409 0
517 8.7921601872562238 -4.7129081612560517 -1.3948704673805949 0
518 8.8462696064746353 -4.3912488421149618 -3.1371628304485966 0
519 0.90067101442635789 -8.0966569038310592 -11.598782471521222 0
520 -0.23619844636823537 -7.9137000457032398 -12.217620370689174 0
521 -0.2360254471094741 -8.3626972187048771 -10.956201388543843 0
522 -1.3871387623073854 -8.0418166452892716 -11.559417130228102 0
523 -1.3808375567243452 -8.4651860845087405 -10.282784097038917 0
524 -2.5366526970404117 -8.0132454846475856 -10.835735304513983 0
525 -2.522528231164062 -8.4335818550441406 -9.4892672883106144 0
526 -2.5302110788784478 -7.5648003327340128 -12.06181210634424 0
527 -8.3113171775874868 5.5204731639033531 1.3362377335819331 0
528 -9.8804039313073009 1.5419318503863897 -0.016040320599730533 0
529 9.1178579171913388 4.1048761119249733 0.24214960383119816 0
530 -1.3299109564255542 -8.8738579071393033 -8.8285860004602128 0
531 6.828085929349891 -7.3049500703059005 -0.24451594428006848 0
532 -9.3634217584330326 -3.5055677164746721 0.38640889696514713 0
533 -8.6150091399417548 -5.0720950147188244 0.47104004239337871 0
534 -8.0344984754216302 -5.9366698822096211 -0.90063301763316439 0
535 -3.6070560357453108 -7.4118669830096779 -11.323139949883931 0
536 -3.6096228390549481 -6.9213325946997175 -12.50052448072803 0
537 -9.2235118373390499 -1.4063789713272827 -7.1969236693117278 0
538 7.9126575816058917 3.2666292966705015 -10.3380816468799 0
539 7.4062309444057419 3.3747732033713937 -11.620438722171073 0
540 -6.3176912455759986 -3.5007867415486844 -13.832030872691018 0
541 -5.618192751671546 -4.5016836238489395 -13.881030906360747 0
542 5.6644595184609097 2.6531128338083336 -15.604472519736014 0
543 -4.1581387695535659 1.7165136452857064 -17.862078588863454 0
544 6.2152785842603198 2.7687289041136549 -14.656664337503349 0
545 0.08223815441546993 -9.9996526191183488 -0.027157534343939551 0
546 5.9463664558497014 -5.63277816386094 -11.473889685625666 0
547 -8.8394874372795371 -3.7941209926334136 -5.4655677617007816 0
548 1.0490372053693335 2.8468139572751294 -19.057300043229041 0
549 4.3114781900892316 -9.0103866143357898 0.94676053272886185 0
550 -4.1279321878254924 -0.30361742079249959 -18.206371666480457 0
551 -0.9446842599789298 4.9376103646285143 -17.289022590772579 0
552 0.23449928213832419 5.2084245562832345 -17.066613457646763 0
553 3.599991784153652 2.123406397082761 -18.16933729411771 0
554 5.0209986313830379 2.5323673175786459 -16.538039607221794 0
555 8.6329608499576107 -5.0455449280392148 0.24052727277248184 0
556 -2.5098553779535915 -8.7805906851799786 -8.1490743526091478 0
557 -6.5687855722466235 2.6947099676497408 -14.083975901157132 0
558 -6.3231607339193427 3.7808072918217199 -13.523776773539005 0
559 -5.5429296636929992 4.5581458714383816 -13.928278710313267 0
560 -6.0236607663329895 4.7553870042123263 -12.82213795157565 0
561 -9.0334695002111118 0.65761440229947543 -8.4767852601428704 0
562 -5.129671831019988 5.4795674846502704 -13.215264974597147 0
563 -5.5960989516912605 5.6809109519735639 -12.068293546086252 0
564 -4.5871827386085311 6.3616041027993964 -12.407698861893417 0
565 -5.0943310569972127 6.5423733918856408 -11.179470735747818 0
566 -6.0664109257309491 5.8079808399488924 -10.856521918728617 0
567 -5.4982588329452993 6.6886672835808101 -10.006174049154792 0
568 -4.35910990814524 7.3801512589491178 -10.301752900112049 0
569 -7.5637160575508409 -6.5314388094463549 0.72251361012933502 0
570 0.66000773067820628 9.9600607369879892 1.2026303022213241 0
571 -1.1109625601446755 9.9197222219239887 1.208094747648925 0
572 -3.6995840118519188 -8.2037053803897191 -8.7206183659221033 0
573 -6.4879983820576834 5.9128702844847574 -9.5799461362314577 0
574 -9.2057618615033174 3.8587885613464565 1.2061498880532371 0
575 1.7400571941931831 9.7238232437330812 -3.1109242906717149 0
576 -7.0454713451308848 4.9244386671993121 -10.219831180197026 0
577 -4.6755874310531489 5.1686761530234584 -14.342059684681891 0
578 8.3486696955637587 3.1920299111265531 -8.968981962485751 0
579 8.1341266416994298 4.1765242727346488 -8.0975622939385552 0
580 8.759481837595084 2.9497965775601398 -7.6341805291350759 0
581 -1.2425530672067269 -1.9631377050656951 -19.452727544087441 0
582 -1.9278692413405503 -2.5473073068786416 -18.95199679955816 0
583 -0.55765683968262725 -1.4128361500445366 -19.767945048717891 0
584 -2.5036922661694017 -2.92900508198003 -18.455617493441789 0
585 2.7625549655122685 -9.5787588299854995 1.5692919925855693 0
586 -8.9406268867977587 -4.3752310592276444 1.9209831331261367 0
587 -7.4421009291383449 6.5981257467516068 -2.0783362486101606 0
588 -6.8441389444277885 7.2819641341239638 -0.72321631259019159 0
589 -6.8494620060703806 -7.2763713133993582 -0.74643348514715158 0
590 5.6240182418090852 1.6962311225700932 -16.185576146016334 0
591 0.8055324055166343 4.5525272239075756 -17.73421703027714 0
592 1.7717935944042158 7.00303985321497 -13.830138144373112 0
593 -7.455953650320204 5.0020403106512044 -8.8064403466774781 0
594 -8.8808864258561844 -1.2999503727052173 -8.8181597444244399 0
595 2.4532032886388691 7.3198461182906565 -12.712457894389523 0
596 9.3992020488569672 -3.409197015149624 -0.3598697356424243 0
597 3.6884001245292821 -2.3240293410805091 -17.999399116989348 0
598 -4.5901273773843627 -6.6550735889053279 -11.771274558966219 0
599 -4.5121446829429779 -6.0944819831636794 -13.038073433921545 0
600 8.5989531720701979 5.0425991848156171 1.5876999790145707 0
601 -5.8954709868889701 6.8118100412031382 -8.681627913085066 0
602 -6.3413732489982966 -7.7213898726530079 0.81761543865159259 0
603 -8.7947093041789 -0.30646295235153059 -9.499298650705752 0
604 1.0598217684962048 1.8080196494080913 -19.555852603901048 0
605 -8.1295562130937356 5.6025480929265248 3.1760167786674982 0
606 1.3353628739956871 -9.2930872058187841 -6.8863157580236534 0
607 4.2352389582236336 -8.9298252315379703 3.0469475223131366 0
608 7.5048346302528355 6.5790097080833725 1.2555292644976657 0
609 6.4226617892315891 7.5813120347843341 2.2566553767721462 0
610 9.2260707909764328 -3.7828311998791402 1.5097097378137014 0
611 -8.1137863285776071 -5.1606313774892767 -5.4897559872403088 0
612 -7.8225069757172978 -5.931292355046021 -3.8095436019696036 0
613 8.1530597466942858 -2.7947894370549937 -10.142340709985863 0
614 7.5536113215455813 -3.5067382075621105 -11.071719495478998 0
615 7.924012672497871 -2.288804893362526 -11.308650728749708 0
616 -3.4508139808310792 -6.4623325513190411 -13.613249555615019 0
617 -8.0938409226224319 -5.6334795739935677 3.318823290673834 0
618 0.49917073354542124 -1.7215448919332699 -19.67608820511132 0
619 1.0831071585612921 6.5871663393639306 -14.891087065842312 0
620 -1.5394107178315226 9.7417135804797983 3.304076971089446 0
621 0.92720894193326453 3.7659738870589967 -18.434502896469841 0
622 -9.9310494471727466 0.84301544411196294 1.629210654026775 0
623 9.1519770083889629 2.9517116948105828 -5.4877007602959695 0
624 9.4778277850644841 2.5861940938755645 -3.7322275308254258 0
625 2.820839045615795 1.7442291821229401 -18.868018617646115 0
626 7.2946556481894396 -2.9942449117807599 -12.29999941180696 0
627 0.2099941430918974 2.2968351423823457 -19.460776016241965 0
628 -1.8196108808411378 -9.3946105887505773 -5.8069985803546009 0
629 -1.8973035648015797 -9.5924244030991144 -4.1883807151785293 0
630 0.055817900193378484 -9.1485790983614486 -8.0747470159855848 0
631 -8.7594443788164416 2.0528073342705375 -8.7311204831421527 0
632 -8.3310807525944526 3.5417684809621099 -8.4968157614517263 0
633 0.50177148874818112 9.8398653845337822 3.4206868242113173 0
634 -3.970936420092475 -8.4077239117691409 -7.3598485231826896 0
635 -9.2255310938288027 2.4736773689226754 -5.9230047480236694 0
636 -9.8615966383552429 -0.011669144766186841 3.3158863511531877 0
637 -0.26052830918670233 6.5432896388431745 -15.115222221630736 0
638 0.69892838783081612 6.1853766281116513 -15.652809981226291 0
639 -9.0771844854753567 3.8870964256653142 3.1592424371835768 0
640 -4.8576945417590309 0.85840066255255731 -17.397235647250845 0
641 4.2308419634836705 3.3221837122828326 -16.859783113891858 0
642 0.91782712599058514 7.5612906322003983 -12.959085977366508 0
643 2.5793602757872809 7.7251521599681956 -11.604985941056409 0
644 9.3878896182097762 -2.9777608692574518 3.4643722212419452 0
645 -0.72310414798220035 -9.9422986231292949 1.5846999459736693 0
646 -5.5593127752386744 -6.2442247530722206 -10.973367523269825 0
647 7.4613337776722775 -6.4475901263078663 3.3208913389654944 0
648 6.8419284234125746 -7.2497713985122312 1.5859761892450739 0
649 -5.1649972309730412 8.3985221754266508 3.3392387593028259 0
650 -4.4025500541694669 8.9410186303073669 1.6440667541545155 0
651 -6.0516665116406179 7.9152006611664492 1.7052048854700008 0
652 -5.237022860582595 8.5189541133760542 0.063635585281386867 0
653 -3.5830039569630254 9.3360529119666396 0.028190022812718266 0
654 -4.443052651634452 8.9267072810873085 -1.5141733752604134 0
655 -3.8166432932266141 9.1057217601748341 -3.1743126490922782 0
656 6.9350798873785742 -4.7618072600332013 -10.812929034072541 0
657 3.5774612709699767 1.0731989171169929 -18.552629456657485 0
658 6.6581763357328336 4.4573438350588841 -11.966749570096281 0
659 6.8049665069733436 3.5663560769535847 -12.802114695837913 0
660 7.4648576881961883 2.3524140763673427 -12.44862204555781 0
661 -3.4582782206182374 8.6050704531401827 -7.4814635587674596 0
662 -3.9792552933149827 8.0332984172287407 -8.8615221830958362 0
663 -2.5828000650339087 8.6343706843905359 -8.6664379553766278 0
664 -0.98373362889865423 8.9891919760986347 -8.5385468937560507 0
665 -1.9869875964425918 9.0867542561019761 -7.3437803291754209 0
666 -5.0988496147410016 -8.4402282322383577 3.3252248008109682 0
667 4.3180021782726294 8.8480925770092611 3.5020650691307234 0
668 3.4919280424062911 9.3236267582461512 1.8723489200177021 0
669 -5.7857737786360595 -0.90433292437055923 -16.211971347661184 0
670 -5.0955859285048435 -1.1077223915462888 -17.065515538475875 0
671 -5.3813665567615496 -1.9371492673062565 -16.405894879334458 0
672 0.92813981347673447 -9.9291563256469644 -1.4837939850318438 0
673 7.0520275946287523 6.668809396758931 -4.8149301279642298 0
674 4.0736219763737145 7.8802694701807079 -9.231891912483162 0
675 2.6843636387901837 8.4291501537104594 -9.3260108387121239 0
676 -1.863231576523714 9.8242793787552554 -0.21819972877371702 0
677 -9.9178294485502079 -0.95011309512541686 1.7134107924738646 0
678 6.2417250518093068 -3.4705713666309537 -13.999428955030618 0
679 5.9463805291410408 -2.9285154361823253 -14.975227002312073 0
680 6.6869396095741367 -2.215710958923661 -14.195134885504123 0
681 5.1641187253633909 -3.2962880287932559 -15.807132949600369 0
682 4.9288313431078459 -2.6222460116714159 -16.592823442135582 0
683 -1.7784940641739901 2.4084070301075267 -19.082613494071147 0
684 -9.3524365299187551 -2.1802873601623731 -5.5779128644888134 0
685 3.9347069960321641 -5.8243226005598485 -14.226081273489658 0
686 2.933655026775555 -5.9727437525126392 -14.929166118801907 0
687 3.0065681590916129 -6.5816958501419673 -13.804611930939661 0
688 1.8273527599974535 -6.0542116586823216 -15.492876180026059 0
689 1.6877813392437389 -5.3944951508976287 -16.498583723197889 0
690 0.6354422044939726 -5.263757765165602 -16.957484175950945 0
691 2.7064960878893367 -5.4153066656554874 -15.918458800166169 0
692 3.7874387425561835 -8.9049871255752571 -5.0424248391912805 0
693 -3.2176678954815303 -4.0309528592605712 -17.134530324558824 0
694 -7.1836580483059915 0.77231214840721374 -13.827305014417112 0
695 -3.0644676906625983 8.0969636400562415 -10.009638871506255 0
696 -3.310681346286636 7.6069424336411293 -11.166703333503531 0
697 -1.3553535775942829 -7.5931897828552621 -12.728941134476946 0
698 -1.3722396574529496 -5.3035038541338801 -16.731981973657572 0
699 -0.34085305007226646 -5.7239905436885561 -16.385328981014741 0
700 -8.129857107574546 4.5214176056213358 -7.3381758621600257 0
701 9.7861677571334038 -1.4356307397363934 -2.9461059100897589 0
702 9.4657505904877421 -3.035825016542478 -2.1756214998163776 0
703 9.3871977436830374 -2.873155478935502 -3.8081471163046676 0
704 8.7881510873430457 -4.1368751259111516 -4.755907761363245 0
705 9.1855612657777534 -1.2551007192593369 -7.4967156587823389 0
706 9.0564654958463962 -2.5261077540370076 -6.8115232767825846 0
707 8.0984068040292669 -5.4921573008665527 -4.1240831315533022 0
708 -6.9137071736805087 -3.4418713404500116 -12.704987177071455 0
709 7.6677957266142132 1.0621197650825973 -12.661249590705925 0
710 7.1842520455518981 1.8353378728258276 -13.419099439016691 0
711 -5.0772929354299166 4.2729549340024366 -14.96167805826842 0
712 7.1911129646780489 -1.0506281590617259 -13.738133031911696 0
713 5.207961121916636 -6.9899344885488812 -9.8016237018974834 0
714 -6.8569624855314562 -6.9422868829682258 -4.3757140247423036 0
715 7.2046941635470327 -6.4464193031915187 -5.1131439162969157 0
716 1.762802232542382 -2.4517780206281548 -19.06633817244499 0
717 2.4949801688905602 -1.6939558425847463 -19.068884347041998 0
718 -4.0888145395079434 2.6945282219562703 -17.438017470181588 0
719 4.7508876612147004 7.1312081726056737 -10.310176803426785 0
720 1.6262437455268537 -4.7386288697912251 -17.309041303840711 0
721 5.4589546415093979 -0.9316760846015083 -16.653143114178125 0
722 -7.8360674938723678 -4.6903502072437586 -8.1477999889259127 0
723 -8.9213293975538139 -2.9488924938022771 -6.8451193825494938 0
724 7.553884217623736 5.8193553115612531 -6.0245952509820517 0
725 -6.684174365782467 1.6122984989917759 -14.522025560914759 0
726 -1.9119917980292103 0.456718925151752 -19.60976238384109 0
727 -1.1837345362759648 0.046162038167487422 -19.859168322350232 0
728 9.8164788412760391 -1.8959253961421789 0.4109016964818335 0
729 9.6345256333891793 -1.4084746178297005 -4.5572426182929116 0
730 9.2481024663570928 -2.7090800680660672 -5.3417173105910347 0
731 9.8858401503451319 1.5026374684798132 0.22131570341644322 0
732 9.1572342236270892 1.4091189296361237 -7.5258076552019109 0
733 8.8800488691672808 -1.1561247505448464 -8.9012600551558929 0
734 8.4961054747616895 1.1573300628261893 -10.291118284696404 0
735 8.0880973601235624 -1.1198904890587216 -11.54617276601698 0
736 6.4609859931885989 6.9616426480664577 -6.2581759759351367 0
737 -4.8701500520614145 1.914473180029961 -17.043054997664257 0
738 9.7985386593195578 1.7321717115361284 1.9881864133667935 0
739 -3.6040983384524305 -7.8567395622554299 -10.056265433580151 0
740 2.7308043574160044 5.6528008766074764 -15.567729418376148 0
741 -1.9828286623811944 4.6279521438710063 -17.280098315655419 0
742 6.6674205250852836 -1.0235514948826525 -14.764531266382274 0
743 4.0311966547594063 -2.9523107615527837 -17.324354498552172 0
744 3.1706933423553787 -0.86012641608240636 -18.889879436047281 0
745 -4.2509258581659948 -1.3050850858111702 -17.91383624656304 0
746 2.7881837716163957 9.562635119111949 -1.7686614536668388 0
747 -9.6843807152199695 -1.3210917507361852 -4.2272860082149215 0
748 -4.8738029498271818 -4.6053946291563612 -14.837302331083453 0
749 0.78581839447586455 -2.4876044769407164 -19.307440370718005 0
750 4.7504821689676904 -0.90545333636809044 -17.505778865046818 0
751 4.4848672424531904 -1.9931735016487164 -17.425639180230451 0
752 0.98366289118815731 9.6909283252843839 -4.5247388922235858 0
753 2.4654890013845989 9.4332725036169727 -4.44285217244758 0
754 -8.4089912425994751 -5.272790606867817 -2.4384794426132697 0
755 -7.3890354707660215 -6.6376642914482815 -2.3182472394409821 0
756 -4.2163639188019593 4.8852729720616823 -15.278269966546421 0
757 9.2314909540723633 3.6134403878531129 -2.6249749166893692 0
758 5.3841793152192157 4.5289511448694002 -14.212559886093944 0
759 4.2695440504783795 2.3935929987690083 -17.440379142354516 0
760 5.613546862437536 -1.8199348028354381 -16.146322050132163 0
761 -8.3383380858732128 -0.72385455968385048 -10.944981049248305 0
762 9.8006531506778618 1.3246153985055402 -2.9614806203317259 0
763 7.3549480366383815 5.2824155183081363 -8.4854759843597662 0
764 -7.2731354273886888 6.8495527416025634 0.8605307545191947 0
765 -6.6013465810587659 4.7733610526884735 -11.599525434675421 0
766 8.5275958054942276 -3.5999120574243557 -7.5685515012921698 0
767 -0.67512026059973551 -9.8318426496975242 -3.3935720091469967 0
768 5.8810616786345227 -8.0593207708519792 -1.35714736798957 0
769 7.1722961595628405 -6.1384582501865106 -6.5962104606318448 0
770 1.6747777145684428 0.98533760928571756 -19.618789911970822 0
771 0.44987205711378647 -0.84065997313601803 -19.908883036654281 0
772 2.5480557863138329 -9.1961969921662075 -5.9790877535309024 0
773 -5.1169304875091184 -8.5915987807977547 0.076230592132918093 0
774 -0.20635833854785915 -7.4572012914000663 -13.318793509271474 0
775 -9.8240797510831364 -1.8638886797758272 0.23130960863563901 0
776 -3.7563077571989716 -2.2939887371430099 -17.958593230770372 0
777 -5.5436918655811249 -8.283498451346599 -1.6138573741544304 0
778 7.271653640763172 6.8613815551422057 -0.42188379219901806 0
779 -0.21693177513028028 -8.7419653209962291 -9.7017489003659669 0
780 5.1025696921206034 -6.5725681373245894 -11.093264734473401 0
781 -6.8978770330962238 -2.4733352708647636 -13.609100642464213 0
782 8.6141867440944164 4.7812636997906859 3.4265458823321904 0
783 3.4348821534838589 7.7245238499089215 -10.683317066130037 0
784 3.6254130236355677 6.8013058711451482 -12.743409097283216 0
785 -2.3403830004449255 -3.9005388778384522 -17.811053183200496 0
786 -1.3782478563113496 -4.486831473428941 -17.659985976848407 0
787 -9.7243666726652087 2.1805109642982186 -1.651744229756442 0
788 -8.0405532254847767 5.6941975811889609 -3.4208874489103742 0
789 4.6891471958426978 8.8154506511532578 -1.094949118091108 0
790 4.95749281120374 8.6817243530779376 0.45134148507189092 0
791 3.327481171054167 9.4301004890859232 0.065538447386748855 0
792 -7.9845770517263741 -3.8362318719152309 -9.2800548123265596 0
793 2.0165044967420718 -8.1276338778605179 -10.931656262812691 0
794 -1.5687528912813529 8.5810955305645127 -9.7783053463107077 0
795 -1.3553234248513295 -9.1863906372628783 -7.4224862340480389 0
796 4.001188068204347 -8.5650744736879574 -6.5207341007092188 0
797 -2.9410592985151975 7.0044578749693764 -13.005804870194959 0
798 9.5403071078983412 2.9640847152131804 -0.88711236723197184 0
799 2.3432771644018149 -9.579848725688846 3.3078999523629888 0
800 1.8230568595288659 -8.9139104974015524 -8.2990754500098642 0
801 1.0556520256645863 -9.9156199975381139 1.5047642541374513 0
802 1.979328285279405 8.2433977768815474 -10.607290442181217 0
803 1.7357950747705206 9.4154092164790963 -5.7748020726749862 0
804 -1.2223205347982324 -7.1084533867683248 -13.852916365639766 0
805 -1.5247398201092719 5.4788129954501175 -16.450869477551645 0
806 -0.97540221921832171 1.9431607936977227 -19.521548774682813 0
807 -1.058403867039083 0.96134602505262123 -19.794503790128442 0
808 -6.1972440228906942 -4.491468674353384 -12.871810388293916 0
809 6.2078819525345326 -5.9360334806750963 -10.242208390713458 0
810 -8.4511508615812403 0.51924143789134813 -10.641134797374038 0
811 6.1743114433104216 3.6818583590393308 -13.902776301872684 0
812 8.1408161840179059 -5.7393391521617563 1.7743708231316655 0
813 8.1007395218936153 -5.1506455997183807 -5.6031666420096409 0
814 8.0213527175158585 2.3052243953471456 -11.017048800526817 0
815 7.2394612718398115 -2.0328353454415691 -13.184503168774301 0
816 0.61340594213669042 -4.6627666806807948 -17.650194336798034 0
817 -7.5579102225058756 3.8065439170272986 -10.656118707349991 0
818 -2.7830192417167225 9.5754224080366281 1.5047785324152871 0
819 -7.0318384468238166 6.8855056020025369 -3.5457358404495292 0
820 1.710538890155382 4.0772763573391231 -17.93877077295425 0
821 -8.8310228249043092 2.9561866569203823 -7.2866992020982968 0
822 -0.14476995128105202 1.5422962219283198 -19.758579303687977 0
823 -4.2483737736104645 0.6613152243058128 -18.057018851826022 0
824 -8.3463004952063731 -4.31378445636346 -6.8499727613341221 0
825 -2.4623047561899818 -7.1135709875119799 -13.16573782106753 0
826 -7.1345227550902521 1.8787430954658622 -13.500949513028887 0
827 -7.2527400489211109 -6.3150827957109534 -5.4836086899381682 0
828 1.7109472522024101 6.0260184464899806 -15.589709578147184 0
829 9.6426846801184798 1.3574856462510065 -4.5501054405500838 0
830 1.1226069283182323 5.1621234484845697 -16.981429290504103 0
831 -0.18968428935260925 5.7785760266847328 -16.31834292741727 0
832 0.87716849846863276 -8.5188053865560747 -10.326767202039074 0
833 -6.1923286797556427 6.9216018630547911 -7.4152527053991042 0
834 0.19411672345852565 3.2644340162858381 -18.900348065682774 0
835 5.6560677868405502 -8.2451081438468901 0.32917403867392209 0
836 -9.5105769176099528 3.0897830578126944 -0.093109610211659533 0
837 6.5544345961436266 -4.6862760269984154 -11.845371099911636 0
838 -4.8661819514631377 -7.6352513605699599 -8.4907502321453237 0
839 8.6823323826468588 -3.8724469054891677 -6.2036309888351724 0
840 1.4497142040862019 -1.7145455657332793 -19.489347062382066 0
841 3.1868198622183717 9.0588483621456106 -5.5790484914265637 0
842 -9.5693340520637893 -2.7447506196473563 1.8912322289532442 0
843 -4.8598619976155524 -5.322707212457356 -13.863697817622336 0
844 5.4260239513132156 0.86771245408115039 -16.709917914437259 0
845 -8.4739069302566481 -3.4686868340791142 -8.0401773573558888 0
846 -8.8498242059114069 -2.3638849256091188 -8.0231314542247176 0
847 6.1647107690268879 -1.950584445386466 -15.256678728433688 0
848 9.2765414808065234 3.6140035929446332 1.8812295820119405 0
849 -4.5713772714931702 -7.1576051974247541 -10.558635836029918 0
850 -6.3308450177397253 7.6499059878883742 -2.3658738240486947 0
851 2.3306278907180022 -0.72766569423467431 -19.394708172327963 0
852 6.1572721595021411 1.7898831739025345 -15.34722356357663 0
853 7.8639258559542959 5.0516227679208523 -7.1104929625665552 0
854 -2.5353937228703018 -9.0443498970124629 -6.8619278954068044 0
855 6.3040200872753163 7.7518723482103322 0.81928221335838947 0
856 -1.9620080237047535 -9.7002146934549813 -2.868002382006166 0
857 -6.9798374588453962 3.0048347559566824 -13.000436475363957 0
858 -3.2356425560793145 -6.0626002999132673 -14.529348898389085 0
859 0.82950653297113675 -8.8660508924869603 -9.1005627262470696 0
860 -2.4894119119372893 7.5851482860188177 -12.044642595247149 0
861 6.0849691357580884 0.90496250630338448 -15.767586179127926 0
862 -5.4106483530656417 -5.3580479117201554 -12.963981946173687 0
863 8.4636373720519806 2.2574643021932146 -9.6479422383694473 0
864 -0.54681637389165483 -0.43960209957564872 -19.950713455642905 0
865 5.4679890850881128 -8.3202806941461347 1.8697855876825034 0
866 1.6973280450169272 -9.8548957547656908 0.02070461785537037 0
867 -9.0620757942842793 -3.8364099213459917 3.5556947079551358 0
868 6.732954746099324 2.8088703428603172 -13.678825649006322 0
869 -4.9408365685418403 7.4116441549872931 -9.0897007481659937 0
870 8.8290709027057002 -2.2739615316342445 -8.2162292927213638 0
871 -9.6573160763241575 2.4388644037669613 1.7755975016983629 0
872 -0.50619162310925458 0.57337518251215536 -19.941415289870793 0
873 -3.6271029780211577 7.0654083581266294 -12.153045498103664 0
874 -3.73088497549002 5.6768982467099898 -14.676964753812536 0
875 -4.7573883036251772 -0.29208884343927588 -17.582029534279439 0
876 3.8288450839685182 8.9945750754122606 -4.2131055224110501 0
877 4.8690514912030993 1.7030749703488508 -17.133811394010863 0
878 4.1879706936569789 1.462941259303685 -17.924363792435958 0
879 -0.4424700390367306 -5.0832417703045891 -17.200566661501068 0
880 -8.7486579668870519 0.88708608978478487 -9.5234577854336173 0
881 7.1749330189748965 0.97155864244850765 -13.795131021850766 0
882 6.8755938636867757 -2.9487498008191189 -13.271184368217014 0
883 6.0101203463432151 7.7644353893708988 3.7905126338035653 0
884 9.0890786851304757 2.5002900499912433 -6.6744882414823756 0
885 -4.9505395797338663 8.5835455902738822 -2.6943666930677517 0
886 8.6082691678290484 3.7898947500898199 -6.7924663318842873 0
887 3.3727653765263512 -1.6960465330356576 -18.520030223807169 0
888 5.1529415572080941 8.5065308410500418 2.0843477236414243 0
889 -7.7854677081861157 4.0283283666678891 -9.6247728565592752 0
890 2.0795330857975642 1.5769551419060166 -19.306864543523314 0
891 -8.1363616651156399 -5.7463862563173294 1.7648386301800971 0
892 -6.6652382042604863 4.0085690491033272 -12.570755563455572 0
893 -1.7760869181394312 -1.487069842771773 -19.456015886294164 0
894 2.1035579754521589 9.7624413813428621 1.0388110891900599 0
895 9.735274817200855 1.3823692851973823 3.6405930247242435 0
896 3.0203686293120944 9.3947752900347155 -3.2345451567851304 0
897 -3.1744390797771684 -3.1992320936066885 -17.853610339650682 0
898 6.7416693709200111 1.8749510229892832 -14.287680393204548 0
899 9.7359520803123214 -1.3655394353076895 3.6587096853845731 0
900 3.0816990691608108 0.77211121308716157 -18.963857742744064 0
901 -2.4296005013738373 -1.9821104666675777 -18.991395894104343 0
902 -4.2889617838122742 5.9440529368354422 -13.604858176562635 0
903 -1.2364581865496245 -1.1018962379960155 -19.723792316246346 0
904 8.75953241831429 2.2210570975603376 -8.5644607960753429 0
905 5.1123216141658405 -1.7481134969879621 -16.829529632759353 0
906 7.6856971138350145 -6.3933970343878199 0.467051325098364 0
907 -3.0180549438413622 -9.2409303134098604 -4.6889449980384574 0
908 -9.118331312384484 -0.41721896796355423 -8.1687116267768971 0
909 -6.9913068970019276 -7.0866060787504237 1.8990967922155024 0
910 8.5936148058843269 -2.1437558155455942 -9.2852777172037531 0
911 -6.7150457972544544 6.0833016177017232 -8.4620568111642687 0
912 9.6507334564473801 2.3696933657714632 -2.2341862991486572 0
913 0.43786946124757409 -9.8964460853942846 -2.7339533381467156 0
914 9.5973411122873298 2.7900087438747541 0.65389535401871346 0
915 -5.5875388216905382 8.2730886078268089 -1.1583001392512584 0
916 -5.2431196674838771 -5.9761338950499265 -12.131862152345642 0
917 7.6479034213228845 -1.9722885273102713 -12.266972115914827 0
918 -4.6885043912810795 8.6308292944133989 -3.755908552472254 0
919 2.2283509686954801 -9.7272630854629192 -1.2881068690202151 0
920 -7.4799662999657244 6.5428239913809287 2.2285047625591203 0
921 -5.6052969764966036 -8.2275106311897108 1.8854332329078582 0
922 -2.6841903325804704 9.4641406627222171 -3.5917481953440813 0
923 4.1273789723907912 0.67919164228053075 -18.166281020761808 0
924 -8.7405737132438475 4.7293773615202985 2.2229358386511855 0
925 0.99535681802413167 5.6562106819440201 -16.372726776719293 0
926 -4.213866884847107 7.0795401033158178 -11.335508423062812 0
927 -3.7654170270982505 6.589344631773371 -13.023390024990887 0
928 7.0438728447334427 -3.9161376102051162 -11.840223235254264 0
929 1.6303180328254405 4.7580412537622161 -17.286191777177653 0
930 1.4958427996392691 9.8135431994018951 2.413979446673201 0
931 0.15626229874802286 3.9413643009374288 -18.378381815740578 0
932 5.6031886721394759 -2.6068757976904458 -15.723673270559093 0
933 3.3565780536488403 7.2960974509258989 -11.916433318129304 0
934 -3.0757733200052133 -2.4026862679122836 -18.413768455362945 0
935 -0.21097577690472133 9.9318871319128537 2.2918178116973191 0
936 -4.4664899276957035 -7.5861388251658344 -9.4870365132857692 0
937 -6.2357348893983158 7.8144246878158636 0.44889726038163091 0
938 4.0292807845870033 -1.6238040060968004 -18.014234028538862 0
939 -4.1507127864783593 -5.87227665785153 -13.897906348485314 0
940 9.6207504787326705 -1.659137830792667 4.3305527981529917 0
941 9.738486969011225 -0.68482886555063105 4.3326116739477971 0
942 9.7388841800984185 0.69332162698804223 4.3236281284029765 0
943 9.6203165913107416 1.6675456494871455 4.3214813153953333 0
944 9.8318883231156864 0.69295818415342536 3.3786275064269691 0
945 9.8317059642624329 -0.68448533502659514 3.3876467693193737 0
946 0.23951609267694532 0.42004370125038326 -19.976605850883544 0
947 0.72302690185913931 0.42003050498402306 -19.929958000364259 0
948 0.70961184016132917 -0.42233773166107524 -19.931691536517238 0
949 0.22595902382996261 -0.42224162158773831 -19.977052288318088 0
950 -0.25383636591270986 0.2875264346324628 -19.985284150967455 0
951 -0.014760249156013462 0.70840960350984006 -19.949730621609895 0
952 -0.048750343736309161 -0.64380479631687171 -19.958270344719249 0
953 -0.27408132606447455 -0.22034220653439013 -19.987629047860803 0
954 -0.52920231286508412 0.067229332626835725 -19.971522238316517 0
955 9.161053018641919 -3.4048202390465572 4.2342917846604013 0
956 9.4563637303692598 -2.4687096582748955 4.234457519964967 0
957 9.5955213513170463 -2.1792813109751559 3.5646615345937525 0
958 8.2997465240450481 -5.1740485890493595 4.1681788995955644 0
959 8.7766287271176076 -4.3159292635432953 4.1682335723538753 0
960 9.0472670280538523 -3.9055064014996215 3.4023398248470285 0
961 7.0812688325860691 -6.7471231151661923 4.1626728862283207 0
962 7.7219530036132937 -6.003259777534204 4.1628422278186443 0
963 8.0808675942746468 -5.6503285048809655 3.330685641564791 0
964 5.5913605051280797 -8.025378560928047 4.1617239963698847 0
965 6.3676966756426321 -7.4244496350863338 4.1617240000154307 0
966 6.7822194378165745 -7.158165130782745 3.3239563521496422 0
967 3.8075408993351569 -9.0250211141677052 4.0257303380713569 0
968 4.6920703558581041 -8.5983435871709144 4.0263945820718261 0
969 5.1657060898755489 -8.4128130294777712 3.1875115837101826 0
970 1.9084000571887811 -9.5937499956948908 4.1559452555711509 0
971 2.8604424324700513 -9.3540602874755141 4.1566453920430959 0
972 3.3062327536301725 -9.3025979044002405 3.1815073206712969 0
973 0.0045405766123564903 -9.7811038598180104 4.161724001717225 0
974 0.98502052017709862 -9.7313795480828382 4.1617240014133694 0
975 1.4277140161964648 -9.7576091670412133 3.3170444864242539 0
976 -1.9873928071982767 -9.5778825114737138 4.154244300135689 0
977 -1.0173102520181856 -9.7288300585265954 4.1544893998892407 0
978 -0.5227593022853807 -9.8477393598142022 3.3158722611344782 0
979 -3.8530629868300337 -8.9902123955551136 4.1617240188784947 0
980 -2.9324342321525614 -9.3311758512273659 4.1617240213983893 0
981 -2.4942803308087185 -9.5409886824542358 3.3154792067638992 0
982 -5.5270745807169881 -8.0693246370382301 4.1653074226424005 0
983 -4.6903412542813756 -8.5828180514594337 4.1645807538950423 0
984 -4.2807895619668246 -8.8831173891437238 3.3256976271743444 0
985 -7.021297367504074 -6.8030917191726745 4.204438767590525 0
986 -6.3037460314977309 -7.4729817332215509 4.203489019999286 0
987 -5.9078881602174063 -7.8905198746725489 3.3684142226041334 0
988 -8.2982757889452383 -5.1777053068867618 4.1617240108598965 0
989 -7.7374389330920916 -5.9834816011288101 4.1617240108511533 0
990 -7.4213348758658251 -6.4877574366216884 3.366180092518857 0
991 -9.1672550273257851 -3.3737506213692865 4.2798327111140448 0
992 -8.7823970445228277 -4.2766457819708226 4.2800948624570916 0
993 -8.6241771146375186 -4.7604570254978009 3.4418704239126168 0
994 -9.6703544579050575 -1.4511288912312461 4.1849585897639461 0
995 -9.4760881624616005 -2.4134040760986122 4.1853238358462486 0
996 -9.4146731879217889 -2.8917098931171248 3.4652230281325918 0
997 -9.7692239316806369 0.48503850317277447 4.1602891356819018 0
998 -9.7686442926391166 -0.49670455230959404 4.1602275282028227 0
999 -9.811450878384349 -0.96882620661703867 3.3447316438979331 0
1000 -9.4700009576661888 2.4472627929822992 4.1617240100160302 0
1001 -9.6676237656909976 1.4856190769573387 4.161724009699368 0
1002 -9.8111154535897391 0.99181585793017679 3.3216350553851233 0
1003 -8.7928589301965445 4.3034576116341707 4.0820996648934385 0
1004 -9.179741101758399 3.4009629186976533 4.0820605239662964 0
1005 -9.4160441735996177 2.9510374302063145 3.2431405805743401 0
1006 -7.7575534050995403 5.9696874825514818 4.0905728340645195 0
1007 -8.3166154845219911 5.1624796432743931 4.0903353482992388 0
1008 -8.6457806317707728 4.7682118431675971 3.1715189332391729 0
1009 -6.3505809797855175 7.4258110898536014 4.2555614797550092 0
1010 -7.0635366119095053 6.7511836972635617 4.2558050791908775 0
1011 -7.4817995075616244 6.4205429826935303 3.3462241024985149 0
1012 -4.7242505252722973 8.5633263773648913 4.1717614165678834 0
1013 -5.5589330231975236 8.0465340748722056 4.1720752752195382 0
1014 -5.9885824345223364 7.8230302427871417 3.4275812144241233 0
1015 -2.9388432381301803 9.3328169555879033 4.1287906680709652 0
1016 -3.8593524010277185 8.9913174460801901 4.1287332820106366 0
1017 -4.3215510511663462 8.8657667759924443 3.2999248390662363 0
1018 -1.0173102179011877 9.7288300628902427 4.1544893924317075 0
1019 -1.9873927591145923 9.5778825222543649 4.1542442927267818 0
1020 -2.5005422742024255 9.5422034543697354 3.2824634470719323 0
1021 0.98605769735794446 9.725804584000203 4.2125599871440471 0
1022 0.0056935634181093505 9.7756596311130401 4.2125746806258233 0
1023 -0.52161128888382369 9.8434719467422269 3.3668868095068443 0
1024 2.9371028696489674 9.3197074350718836 4.2504023610786055 0
1025 1.9872968870050538 9.5673293425252588 4.2505812941550412 0
1026 1.5087956743781015 9.7326802899206033 3.4632181491606571 0
1027 4.7296702685100174 8.5503040722150772 4.2532431972952613 0
1028 3.84799602502838 8.9816833709885717 4.2531355090912131 0
1029 3.4255143184543595 9.230225928038811 3.5035872881515169 0
1030 6.3517194958190224 7.4041761410540659 4.3971968883270467 0
1031 5.5757389153184906 8.0048298194291174 4.3971968844623515 0
1032 5.1911410315360103 8.3498211178534749 3.6510503094596962 0
1033 7.7318802733564196 5.9906627979061229 4.1617240082760958 0
1034 7.09240185749566 6.7355659905276068 4.1617240076871678 0
1035 6.7812602775085047 7.1307379202925132 3.5592615867832089 0
1036 8.7744535328196047 4.3088713404663883 4.2154918914389796 0
1037 8.2980690441896936 5.167151745951883 4.2154918916620501 0
1038 8.0895204073354385 5.6310432096027929 3.37698797800038 0
1039 9.4652430748653611 2.4498962064175696 4.1986579339089385 0
1040 9.1718607840760829 3.3866903938872626 4.1987131045018975 0
1041 9.0567925093034543 3.8807840568503953 3.414102838240582 0
1042 9.6021287803148194 2.1684572331511931 3.5196114070983002 0
1043 1.6652320299881458 -0.42149574645427901 -19.702725052339588 0
1044 1.1953312000942757 -0.42152893114012757 -19.83869921968606 0
1045 1.3280885374964118 0.49617967012280384 -19.79797833835844 0
1046 1.7949668789716362 0.49495943690673455 -19.650252828827607 0
1047 0.93794915467164375 -0.84381528967647179 -19.84018418666107 0
1048 1.0833581533602132 0.91717327661220871 -19.797487546879918 0
1049 2.1192603811854407 0.42596503702128802 -19.527138983883244 0
1050 2.565810121488004 0.4259243498213246 -19.311675936458649 0
1051 2.5675784150153826 -0.36496942638936403 -19.315728140616194 0
1052 2.1213944503970512 -0.36500447168877376 -19.531150229463886 0
1053 2.0028160838289852 0.91873826393479052 -19.508423589489542 0
1054 1.881408309113012 -0.7865686441248827 -19.579745916888708 0
1055 3.4088681739756006 -0.4315939440232297 -18.782262317403482 0
1056 2.9903162761392186 -0.43160774251620765 -19.065332236838355 0
1057 2.9432338227779891 0.38712306473175467 -19.098430343586706 0
1058 3.3637416081913321 0.38737545802856338 -18.818627223880021 0
1059 2.7091407462939174 0.81235425073182133 -19.18339250373489 0
1060 2.7593706778746898 -0.79640995429057237 -19.15741158369703 0
1061 4.2021284949901041 -0.44239532785308611 -18.126930516277262 0
1062 3.8130960426800886 -0.44242874261022364 -18.46776168104947 0
1063 3.8854298923330459 0.3404992624620467 -18.416025065581078 0
1064 4.2707184279586929 0.34019467311913359 -18.071550203950448 0
1065 3.5841356678242891 -0.87337885856511865 -18.58937125177086 0
1066 3.3342271458652086 0.92394278173303601 -18.764781808042322 0
1067 3.6150925313600797 0.53882485101438826 -18.616205173948202 0
1068 3.858920650796267 0.87767376147047371 -18.367190332686643 0
1069 4.5739097767558183 0.4537464578603721 -17.762146661490743 0
1070 4.9343832504250527 0.45371905580311522 -17.371931493800663 0
1071 4.948417815024917 -0.45400779903405092 -17.355925564067196 0
1072 4.5887060351077471 -0.45410756882994235 -17.746837829799098 0
1073 4.3746077394533414 -0.89578856068379786 -17.89529211613635 0
1074 4.4314652572138371 0.79323870372750249 -17.858654824259915 0
1075 5.6358903001936067 -0.46703357626960129 -16.494680374329224 0
1076 5.3038077316390604 -0.46716959902526067 -16.929427174190192 0
1077 5.2851816368803535 0.43492242951716087 -16.956143139934337 0
1078 5.6182453221209601 0.43488164351329578 -16.522251354655172 0
1079 5.0833040212619549 0.88790860137918404 -17.13144927237844 0
1080 5.1143930067951828 -0.92030559937865331 -17.087541868366767 0
1081 6.2384296150205198 -0.48118650385386147 -15.601340389459345 0
1082 5.9305098182328013 -0.48120456690617991 -16.074513424751988 0
1083 5.9486447885868738 0.45356198700204597 -16.050907351693859 0
1084 6.2555780071011746 0.45347739113655361 -15.577175874053692 0
1085 5.7602834013794944 -0.94703639027482944 -16.238504513813712 0
1086 5.7648827837675665 0.8877829465308702 -16.245364622472373 0
1087 6.5321724580386977 0.49700787732878565 -15.110751953270073 0
1088 6.8159045377763512 0.49699301649986394 -14.600882613523073 0
1089 6.833050951546606 -0.51303280257219419 -14.56656610695231 0
1090 6.5503679942701503 -0.51313141168678822 -15.077052138131187 0
1091 6.3669162686051664 0.94939726698184401 -15.305034734755521 0
1092 6.3664933732397229 -0.9932199765562012 -15.294610319542558 0
1093 7.355658309339371 -0.52656304411830801 -13.508074947499447 0
1094 7.0957615326612453 -0.52662080487001972 -14.053161750934622 0
1095 7.0850922715500548 0.48681186491821726 -14.080409328112093 0
1096 7.3456797306154433 0.48681040328312442 -13.535731221693304 0
1097 6.9123174439247448 0.98270295649834249 -14.318402488225155 0
1098 6.9368118724225605 -1.038219091482266 -14.255208474757449 0
1099 7.8309430860127023 -0.5268750538577478 -12.393342254816053 0
1100 7.5930814182581363 -0.52688040783226464 -12.971894481770276 0
1101 7.5939239694887304 0.53227748126942964 -12.969039968873256 0
1102 7.8317218804185424 0.53226701142215271 -12.390451842660967 0
1103 7.4360427529883983 -1.0520156563263194 -13.205836775391864 0
1104 7.4292833660598374 1.0179242256566767 -13.231716281360914 0
1105 8.0372588821710558 0.57703745101609738 -11.843900952150411 0
1106 8.2537642393137478 0.57711313592826052 -11.232509302941102 0
1107 8.2587059107070573 -0.56128329496333895 -11.221183136059649 0
1108 8.0425165004043038 -0.56122962368757789 -11.832658137581763 0
1109 7.8841968815722101 -1.086574299482024 -12.109301519792492 0
1110 7.8782697888541966 1.1076192058618928 -12.117102760781252 0
1111 8.657115338049632 -0.66020713026376343 -9.9234027568883221 0
1112 8.4642040909425305 -0.66019345832927234 -10.568139610064007 0
1113 8.4623093963651908 0.57998694915001103 -10.593004261115933 0
1114 8.6556482124575673 0.58003596543766522 -9.9485300021619132 0
1115 8.2938006442041718 1.1554077953063775 -10.932136790352326 0
1116 8.2969025785126931 -1.2194383910567581 -10.894838707036703 0
1117 8.8456191595473985 0.59372159004229619 -9.2525707471525109 0
1118 9.014714205144104 0.59371496129598067 -8.574947310463525 0
1119 9.01559588861012 -0.57932344833630245 -8.575176993038454 0
1120 8.8465177144784199 -0.57932991851518689 -9.2527836185512911 0
1121 8.6927164573346278 -1.2374938444872796 -9.5718941860511269 0
1122 8.6945697552769161 1.1721431751032301 -9.5980283699690787 0
1123 9.3155589543377264 -0.6290627457828063 -7.1623017054928457 0
1124 9.1710474849786507 -0.62908142345471141 -7.8730285382261629 0
1125 9.1620263357860949 0.70667771374541566 -7.8886957176094903 0
1126 9.3069811840371734 0.70668416256956412 -7.1779380700452835 0
1127 9.024638931940002 1.2980409496341572 -8.2148601549108964 0
1128 9.0405194069228525 -1.2066423714118153 -8.200737293820584 0
1129 9.4448123718675774 0.6402384204263758 -6.4453437535098548 0
1130 9.5636629790023413 0.64023366562396511 -5.7013862445765797 0
1131 9.5620845360140212 -0.66407657286093291 -5.7010671392288588 0
1132 9.4432149804868093 -0.66408157492763231 -6.4450559327754888 0
1133 9.3083540721814391 1.3444208098647201 -6.796198099792524 0
1134 9.3186939855384647 -1.2909485696418297 -6.780971669142704 0
1135 9.7546204977247157 -0.70622017075849641 -4.1706747731189289 0
1136 9.6633342128164799 -0.70621450249594186 -4.9482251233649137 0
1137 9.665663022881569 0.68052437143118982 -4.9444291512724128 0
1138 9.7568494974553364 0.68052403018472984 -4.1669052921066978 0
1139 9.5508070714768163 1.3185150723062635 -5.3079571541336561 0
1140 9.5434685753089905 -1.3677129247194808 -5.3109580708738608 0
1141 9.8920192452435263 -0.71985971803661153 -2.5532389140697211 0
1142 9.8311584655759852 -0.71987332478694388 -3.3645835528301462 0
1143 9.8344645614510142 0.66393934772412089 -3.3719379188281455 0
1144 9.8954490563144297 0.66393675062908963 -2.5606842562486958 0
1145 9.7187438281279057 -1.4232824150284995 -3.752484814251162 0
1146 9.7298797825693502 1.3421831661460157 -3.7565855588618691 0
1147 9.9642507512962908 -0.71844416468122629 -0.88892057581490314 0
1148 9.9364000919078901 -0.71844550729663736 -1.734115643869405 0
1149 9.9364000919073376 0.71844550730382128 -1.7341156438701539 0
1150 9.9642507512957579 0.71844416468841132 -0.88892057581564299 0
1151 9.8390707486598554 -1.4354649302958324 -2.1280293576515055 0
1152 9.8465935252785606 1.3799481419859037 -2.1357331981050791 0
1153 9.9454331489505261 -0.95252071769806934 0.85103175525240526 0
1154 9.9545216197459396 -0.95252207133796729 -0.028356701126600273 0
1155 9.9713757049686098 0.75357249457055209 -0.12320788592489691 0
1156 9.9643903144093784 0.75372927088632846 0.75582497527861581 0
1157 9.8576228085207589 -1.6663811792633834 -0.44920521069110303 0
1158 9.8877993333032848 1.4688260949716299 -0.54396414241211288 0
1159 9.8746307115254695 -0.84645642968257839 2.6647174887007923 0
1160 9.9255178516234963 -0.84647138248350984 1.7522346597870333 0
1161 9.928306368705158 0.8695395923339817 1.6402847880685463 0
1162 9.8799870072027254 0.86975063379041118 2.5529516818980156 0
1163 9.8160451037844592 -1.7930627364803762 1.3117691008934076 0
1164 9.8525732660972896 1.619111009604373 1.1050422159591029 0
1165 9.7730685684763863 -1.5271676395195475 2.9359085521610671 0
1166 9.7769476417969869 1.558871455893414 2.8151124976178616 0
1167 2.2067128308126813 1.2157493621622291 -19.354831125145864 0
1168 2.4562679526106295 1.6647141076349816 -19.099264350735513 0
1169 2.5834119202549402 1.3021769448304308 -19.144745289988769 0
1170 2.9627512976894321 1.2630652486043661 -18.934283289927567 0
1171 1.8815382353284069 1.2841376321326556 -19.474167957654881 0
1172 3.6888509851637497 -1.2936524741792359 -18.408567753663657 0
1173 3.2809868218681473 -1.2817028609459133 -18.718158376397035 0
1174 4.4047675691053998 -1.2689170282781308 -17.775024302374728 0
1175 4.0113241100476325 -1.2552209410375021 -18.147583781135324 0
1176 3.7072268043712726 -1.6627076672171255 -18.274777441526176 0
1177 7.4696423770989364 -1.5455332355375178 -12.933022813881779 0
1178 7.2295923060056779 -1.544788423706241 -13.467980370482676 0
1179 7.8821104488736697 -1.5488621838051049 -11.911903425957583 0
1180 7.6693830453775647 -1.514218820107716 -12.472001454154301 0
1181 7.4487784431761472 -2.0039329310784959 -12.727914599369923 0
1182 6.132823160636077 1.3499988771096691 -15.564829984573352 0
1183 6.4086131852266464 1.393574789036393 -15.09802985154041 0
1184 6.458115952775894 1.8348733603764968 -14.822412501597993 0
1185 6.6998439396703962 1.4358603728683239 -14.567140580592788 0
1186 6.9730436824734419 1.4262702693937106 -14.048831256864151 0
1187 7.5895008072087888 1.7124959275524851 -12.564527081509 0
1188 7.7972749267137864 1.7579283217897526 -12.018684076501883 0
1189 7.7538831905186401 2.3320608274842396 -11.736914034737749 0
1190 8.067333226193341 1.7322864186485014 -11.299082862130515 0
1191 8.280787354067412 1.7359013012920408 -10.661183324357536 0
1192 8.0468589538390667 -2.5444288293789512 -10.728269741061743 0
1193 8.2269075818315471 -1.807150398976092 -10.780018381335559 0
1194 8.3508947921793251 -2.0630396749060393 -10.199298695442893 0
1195 8.5533049898343947 -1.7325744226114612 -9.7650723747418464 0
1196 8.383550125133997 -2.4722843654977722 -9.7167684577705131 0
1197 8.0247770505682752 -1.7083332815914831 -11.434080756699171 0
1198 8.7510119360310981 -1.6526181777531066 -9.0969540515496146 0
1199 -9.9144746379068938 0.4164355672588958 2.4736807171684272 0
1200 -9.8212841106164976 1.417801114542401 2.4756562105059983 0
1201 -9.6682134242153595 2.2142167638749126 2.5478565943924951 0
1202 -9.8266816561683825 1.646384863515824 1.7038127943054844 0
1203 -9.4019395692736065 3.1746937282752543 2.4696980118038381 0
1204 -7.5794302119711441 -6.3911207664698386 2.6121355326682769 0
1205 -6.8313439511560015 -7.1815524125106514 2.6518256106816169 0
1206 -6.1526332258017575 -7.7713568794392449 2.646595277825897 0
1207 -5.3576385020055808 -8.3425351768984068 2.6060057590420347 0
1208 -6.3240023339898253 -7.688303195784802 1.8941894829995043 0
1209 -2.1677544845095351 9.6877933382091292 2.4062424907224735 0
1210 -3.1151653562912842 9.4276155647134487 2.3797559260859615 0
1211 -3.928138056239288 9.1142442645908748 2.4497207159159804 0
1212 -4.7934471039616691 8.6873018948484741 2.4929104671315661 0
1213 -3.6065353891637382 9.2936547037941377 1.5759247867263992 0
1214 9.4345667598917693 2.1631360366892678 -5.0238600856001305 0
1215 9.3347087913007236 2.1229790838498972 -5.7814086834088618 0
1216 9.2877675861713147 1.8932362370249356 -6.372763863844658 0
1217 9.1273939685987848 2.7280530621905572 -6.0822383484566807 0
1218 9.1405433392880209 1.9584297599179405 -7.1035259802622406 0
1219 -1.1333305786470913 -9.8600423885538788 2.4455068148947667 0
1220 -0.11213752018604055 -9.923834625822094 2.4535129882688382 0
1221 0.16693895722589847 -9.9686705274274274 1.5462720331947675 0
1222 0.77867999363818696 -9.89638441664877 2.4126607265995683 0
1223 1.705040538112341 -9.7797166765789161 2.4083010519765238 0
1224 9.2684580373785099 -1.9299497442976181 -6.4408010662771513 0
1225 9.1431597472086032 -1.8951947368905793 -7.1584542315465152 0
1226 9.3685410274997754 -2.0225229813232488 -5.7060808988561442 0
1227 9.1597946239762003 -2.6197419883071027 -6.0778661917740244 0
1228 9.4660870462452458 -2.0641793540851459 -4.9527203139594267 0
1229 2.0014381143799622 9.6854964764352776 2.956622045014881 0
1230 1.0003869929925366 9.8422475397932008 2.9184853809371814 0
1231 3.9127696978668003 9.1040189558757234 2.6885476692897359 0
1232 3.002364757441971 9.4436348992396884 2.6859380135309237 0
1233 2.507510405657444 9.6208615678817804 2.1460794553556886 0
1234 5.8435423222514897 -1.3931383108227622 -15.989018578383549 0
1235 5.5485467411953202 -1.378861101719749 -16.408823373165422 0
1236 6.4324239836354469 -1.4908593837063657 -15.020154458961617 0
1237 6.1207365840715475 -1.4588465926022853 -15.544561787025179 0
1238 5.8962454198571388 -1.8875378297398835 -15.706239637814596 0
1239 4.8050110743790535 1.3065615494317819 -17.344136241697491 0
1240 5.1622490953285887 1.2890672953438969 -16.933929229314018 0
1241 4.4634573413875493 1.1861659289631912 -17.73928509840016 0
1242 4.5375991130005735 1.5861849670006851 -17.537868917306618 0
1243 4.1661524923899558 1.0732503966014615 -18.05450713770362 0
1244 4.8653984873275604 -8.6495585698322461 2.4601090273011574 0
1245 5.760268696248656 -8.0706570889314531 2.5952253851241709 0
1246 6.4529506307352449 -7.5401752414415597 2.4537200212291999 0
1247 7.1677765356215879 -6.864142260503681 2.4548161340189569 0
1248 6.178723438719059 -7.8150845235600874 1.7295439369212606 0
1249 1.4386976063427332 -1.2814572414277863 -19.625291491939265 0
1250 0.95783854326141504 -1.2884249592003101 -19.740568021164187 0
1251 1.9046486563149394 -1.2304585876310992 -19.479043627460005 0
1252 8.08836260183371 5.8371227872800526 1.4232188692871111 0
1253 7.5039326543909759 6.5101690347330363 2.2879631619131486 0
1254 8.080637533304186 5.7615055211810029 2.4562989921884233 0
1255 8.6165361206301174 4.9176193188226165 2.5078480950959219 0
1256 6.9850888098072836 7.1018582213383539 1.7574346339069298 0
1257 6.9768663325212188 7.0268819271646352 2.7901731557872425 0
1258 6.2226613842070284 7.6806131456972038 3.0243458820987708 0
1259 9.4439458901488305 -3.226429479667726 -1.2681306504804994 0
1260 9.7062058671917715 -2.2425961281094366 -1.7439383818020073 0
1261 9.6901732782338996 -2.434334703715058 -0.83559891835769795 0
1262 9.6393722343546564 -2.6612665959454809 0.025536864119361315 0
1263 9.6603964931296993 -2.2437262992276588 -2.5631479783121947 0
1264 9.738293119356161 2.2053865497955956 -1.0989400119773647 0
1265 9.7443411007714786 2.2405505312854768 -0.33316559589505179 0
1266 9.7410828933099527 1.8500772532648875 -2.5988599212855199 0
1267 9.7769906588391571 1.9040049722043049 -1.7722513622995861 0
1268 9.6054058088666867 2.6696365311988162 -1.5610509771034295 0
1269 8.8324044547347214 1.7056707791491033 -8.735975902242215 0
1270 8.9722714939422001 1.8179019427848011 -8.0482486953153884 0
1271 8.4970548491029305 1.7108570147588531 -9.9745731069328052 0
1272 8.6890108313270673 1.7248560003051383 -9.2792160339744729 0
1273 8.6164629244611763 2.2405291283238178 -9.1074905207787094 0
1274 -9.9088573974128913 -0.48182202155802167 2.5158637620328461 0
1275 -9.8143893190429239 -1.4365561168874998 2.5409201619014592 0
1276 -9.7848956695737908 -1.8552651832169564 1.804225967553968 0
1277 -9.6343964730975902 -2.3344851964156463 2.6295120968581926 0
1278 -9.3410990726802172 -3.2995502290816878 2.7253156882385015 0
1279 -2.9861253661792038 -9.4623828073040652 2.4870600358637018 0
1280 -2.0415375183145632 -9.710554754948296 2.4797184618138046 0
1281 -3.8516844424648711 -9.1441868253611851 2.4886737500644962 0
1282 -3.4141957403964311 -9.3625574717733038 1.6562427768908179 0
1283 -4.6917561982339047 -8.742700122166255 2.4920821416701902 0
1284 -7.1271299176599845 6.8663118757912409 2.8689931064149445 0
1285 -7.8199446626107312 6.084499863890211 2.7035731024153455 0
1286 -5.6203419159364056 8.174329048943056 2.5235699693680043 0
1287 -6.4160605216023363 7.558715794525253 2.6076678628463301 0
1288 -6.8000828579997252 7.2656247009597763 1.9693357551635819 0
1289 1.373806464829733 1.4033251612670961 -19.610541480433088 0
1290 0.77307285582986573 1.3302908949073895 -19.761850570683457 0
1291 0.16673770540676466 1.1943520670710708 -19.854039556470994 0
1292 0.46076237766985328 1.6870077494846882 -19.691795538701157 0
1293 -0.32718209175851126 1.0633650630251565 -19.875835239966143 0
1294 9.3262194626023778 -3.3872837347811644 2.4883242839016035 0
1295 8.9463607411471937 -4.3006446906369327 2.4224654665498089 0
1296 8.396898490846656 -5.2783278637411772 2.554486795636735 0
1297 8.7387689643105393 -4.7914198362150646 1.6446433552933817 0
1298 7.8165327577649908 -6.1055387978980553 2.5488912367132182 0
1299 9.5836967724948288 2.6860239975067892 1.937040275977671 0
1300 9.3537151852091487 3.2815167823233682 2.637923305418743 0
1301 9.6281041221938466 2.3425307262581998 2.6923304468285947 0
1302 8.9726639449602761 4.2104441584991728 2.6559079193150237 0
1303 9.6184194120705939 -2.3386705524533427 2.8401606015090746 0
1304 9.5687754799054243 -2.7514034798725562 1.8636681100515757 0
1305 9.5718780755491508 -2.8544689029337209 0.96157659914494742 0
1306 -1.6359869722607188 -9.8319427264311852 1.6204306227298173 0
1307 -3.8508607888529607 -9.2189122811944966 0.85446483020894815 0
1308 -2.9845080427817061 -9.5347226948320714 0.8527012964115821 0
1309 -2.562823053693486 -9.6660006077619798 0.038483565439827748 0
1310 -2.1122307850030291 -9.7653674722197525 0.83923594631770926 0
1311 -1.204812160525061 -9.9189881705259548 0.80523619098280708 0
1312 -4.6995859715710768 -8.8162419821567575 0.86664642817954152 0
1313 -4.2888241536829836 -9.033546323372434 0.064131186479270047 0
1314 -4.9498773686965061 -8.6437003109342605 1.7721839290786021 0
1315 -5.3691164313765904 -8.4221079069782974 0.98119753268250742 0
1316 -3.0254219007826753 -9.5245333658349107 -0.72135008244838639 0
1317 -2.1540603072160653 -9.7583309474946791 -0.73485049375723588 0
1318 -3.8434651839197156 -9.2246874192783022 -0.72915676395571527 0
1319 -3.4472604554138222 -9.3568951748775611 -1.5032072896218405 0
1320 -4.6927498832798484 -8.8232404834259004 -0.7170101941011795 0
1321 -1.7126479649987081 -9.8183669315215649 -1.6327985129704199 0
1322 -1.2395998925519847 -9.9132896862023632 -0.87196262263707636 0
1323 -0.35573230399665495 -9.9835784467584965 -0.89803324061513501 0
1324 -0.80297566522385044 -9.967709355169081 -0.0010806166239896446 0
1325 -0.32095612797587697 -9.9872539957592465 0.77908866788239928 0
1326 -3.7888296111976216 -9.1773253502851286 -2.3845079931306796 0
1327 -2.9696603583051262 -9.4746621128178585 -2.3764639313441438 0
1328 -2.6433045823996637 -9.5218321129483545 -3.0644112631893257 0
1329 -2.2926787664258121 -9.6723186323440391 -2.1816290687379567 0
1330 -1.3801807144341856 -9.8361743571388125 -2.3192888664147189 0
1331 -4.607439638400451 -8.8026184732103356 -2.2675166977047456 0
1332 -4.1475699112915612 -8.9625464548901235 -3.1435170588914514 0
1333 -4.9106413361221133 -8.6761178535650938 -1.5627932160306481 0
1334 -5.2528880672259382 -8.429841313324518 -2.3194330215485839 0
1335 -5.3369347576985415 -8.4480333300304213 -0.76905200543085217 0
1336 -4.5701245207440637 -8.6951434621076871 -3.7461671282844637 0
1337 -3.7502976267436878 -9.0666701013135267 -3.863035586058198 0
1338 -3.6045515636940797 -9.0423345370754173 -4.5796917556899688 0
1339 -3.1669720740495717 -9.2748454117719188 -3.9736786331677743 0
1340 -1.9307722269940399 -9.6519005783263943 -3.5287016499393262 0
1341 -2.6118775060920161 -9.4714556790766338 -3.7253849263975671 0
1342 -2.4622930991360037 -9.4343554535238923 -4.4407431227267615 0
1343 -5.2898418996880672 -8.2790929279668592 -3.7278374247778605 0
1344 -4.9121819179786481 -8.421207623197736 -4.451395723446729 0
1345 -5.6603278243094266 -8.1128797233945811 -2.9270268294510853 0
1346 -5.9813743412139209 -7.8058648543461198 -3.6285726482746741 0
1347 -5.9478252662783353 -7.9618275283583362 -2.2205197684294031 0
1348 -5.2386695212726817 -8.1227226369985299 -5.1294126795493176 0
1349 -4.5200825106173737 -8.5406903268577867 -5.1479948865276706 0
1350 -4.1383070663359351 -8.6209818342755646 -5.8491321878736224 0
1351 -3.7933656401250939 -8.8847481210430459 -5.1658989327861855 0
1352 -3.2110404328306594 -9.0955287694392464 -5.2765806136283624 0
1353 -5.8926119663850578 -7.6663915950173385 -5.1004172870317808 0
1354 -5.5205960791883895 -7.8171275291085749 -5.8019086942497324 0
1355 -6.256031479157965 -7.4838938867733109 -4.4060877990805727 0
1356 -6.5155697721549108 -7.1492401691390306 -5.0737424247393959 0
1357 -6.6048918216794066 -7.2891600912324543 -3.6019712315878083 0
1358 -5.8112371047619868 -7.46617568828158 -6.4763396773024775 0
1359 -5.158931559537062 -7.9248956802981381 -6.5058292693259103 0
1360 -4.7300222873360447 -8.0241659910092569 -7.2772657805070429 0
1361 -4.4182903349191234 -8.3427699970979994 -6.5960288937759373 0
1362 -3.6908842714884691 -8.6857519319446794 -6.6136485153652682 0
1363 -6.3958166590693226 -6.9827784108514876 -6.4294120815258804 0
1364 -6.0530155049020395 -7.1148619717095709 -7.1385551537931002 0
1365 -6.7240433520938394 -6.8456469800733988 -5.6300473970916363 0
1366 -6.9452263166356154 -6.4716338962732056 -6.287061674047675 0
1367 -7.0627820043740615 -6.6361364999210837 -4.93104561451426 0
1368 -6.2929928879240897 -6.7404686742287376 -7.7367493339975564 0
1369 -5.7112751311986241 -7.227144198565469 -7.7845290439161809 0
1370 -5.4237358051695379 -7.2639716138388302 -8.4422286889341365 0
1371 -5.164291335660935 -7.6140195845539838 -7.837550833377926 0
1372 -4.4293549197756201 -8.0410862978929387 -7.9301314351019219 0
1373 -6.8113327391046914 -6.2290294780379556 -7.6954371101152672 0
1374 -6.4888411003704913 -6.3620335833152453 -8.3473276822972871 0
1375 -7.1211727944964682 -6.0914475311420562 -6.980878170049019 0
1376 -7.2946828226488822 -5.6924581115068831 -7.5851231145422604 0
1377 -7.4306966580939369 -5.936755542336229 -6.1772747408324564 0
1378 -6.6582748275119696 -5.9727739562141418 -8.9427842620272386 0
1379 -6.1428506561900029 -6.4871184592354449 -8.9850275261888353 0
1380 -5.8265541681755044 -6.5655867401328472 -9.5800495370553005 0
1381 -5.6370274341917908 -6.9336721339190586 -8.9773297690311953 0
1382 -5.0937037688889903 -7.325388053981257 -9.0316934787214205 0
1383 -7.1307315066441719 -5.4268579348486057 -8.8773602236527296 0
1384 -6.8049777189932721 -5.5700804793645107 -9.5218657199957555 0
1385 -7.4321307183746974 -5.2756418195289934 -8.2294681181782483 0
1386 -7.5545005223623756 -4.854423758864046 -8.8009299115497814 0
1387 -7.7233577969728113 -5.1234359302080161 -7.5100329184346055 0
1388 -6.9417482215520474 -5.1435094250716267 -10.071036177629063 0
1389 -6.4730969410761698 -5.6925543501517479 -10.137818495514459 0
1390 -5.9462860258386954 -6.1819330639391215 -10.28112563718423 0
1391 -5.4430917891328789 -6.6318382566115179 -10.274526385818113 0
1392 -6.1056010407269898 -5.7749278508590569 -10.839159422915765 0
1393 -7.3482461724423107 -4.5775477556451705 -10.009862083760156 0
1394 -7.0360813980868651 -4.7147108230959702 -10.632978964350057 0
1395 -7.6410982190838155 -4.4339333158662413 -9.3709878575880232 0
1396 -7.7108617223554292 -3.9898096808268679 -9.9245211893560139 0
1397 -7.9227128721839284 -4.2699689889106915 -8.7173357348841556 0
1398 -5.0804092618313348 -6.7208433672253314 -10.773988335898952 0
1399 -4.9458051485240793 -7.0858174669989662 -10.065823812724929 0
1400 -4.8949463698240177 -7.3028170677760409 -9.5306585105428319 0
1401 -4.6691592624145679 -7.6152998726191363 -8.9902524174341671 0
1402 -4.5222901319551188 -7.3773476232774904 -10.024696306171736 0
1403 -7.1196410740237708 -4.2685071586634837 -11.151781492391656 0
1404 -6.7189978525198866 -4.8383854251626994 -11.215185122931551 0
1405 -6.4062838300222165 -4.8992695173106675 -11.824835844263783 0
1406 -6.3002230408155606 -5.3294685025746364 -11.296717242817323 0
1407 -5.7770692432467863 -5.8221354496130608 -11.441714865367151 0
1408 -7.4666970875592718 -3.6893403031313374 -11.070176643635758 0
1409 -7.1684666463313071 -3.8243376945454992 -11.659764515377487 0
1410 -7.7460976110923365 -3.5449915070910523 -10.474923773294373 0
1411 -7.7691756805914718 -3.0881135957288457 -10.973324685614788 0
1412 -8.020947437417572 -3.3920406639363696 -9.8302517445661746 0
1413 -2.9712957492147316 -9.0025301796207202 -6.3642287626126572 0
1414 -2.1801953670346816 -9.2308826010737715 -6.3364199882122962 0
1415 -2.618831073518944 -9.198678063108126 -5.8398786630083261 0
1416 -2.4245037790478934 -9.339615628546424 -5.2510423103966382 0
1417 -3.2645834433331578 -8.7566646567419095 -7.1171115014118147 0
1418 -7.2104285539876445 -3.3412346024537745 -12.140160031763212 0
1419 -6.8722491940401715 -3.9251511701661297 -12.225445481675939 0
1420 -6.5082215050309387 -4.4475333571382283 -12.306502326590698 0
1421 -6.0966478189220572 -4.9441131433823777 -12.391389041986622 0
1422 -6.5747380762571828 -3.9783255909657784 -12.797772418804884 0
1423 -8.0245754197844139 -2.4680438171314658 -10.865532485600678 0
1424 -7.7630267887148268 -2.6194878410447964 -11.467117951484488 0
1425 -7.726921678280104 -2.1440885273839378 -11.949487983083717 0
1426 -7.4815404578366742 -2.7676051505822912 -12.060997323310103 0
1427 -7.1997703861792388 -2.8751959700917853 -12.63274388561161 0
1428 -8.2754058449171346 -2.3077752734571915 -10.235591119057247 0
1429 -8.2413536331265504 -1.8305519206160634 -10.719919768296895 0
1430 -8.2824750624742958 -2.7771173354940779 -9.7341103639499966 0
1431 -8.5093945084906171 -2.1424914540215787 -9.5916495908293449 0
1432 -8.2722688362332093 -3.2324950891777302 -9.19141856288282 0
1433 -8.4204202064226781 -1.1970103469871107 -10.519256585229666 0
1434 -8.1876862749698756 -1.3612281540906745 -11.155061877942375 0
1435 -7.9277127342861666 -1.5249723536435396 -11.802682766771257 0
1436 -7.6632621793546445 -1.6777856471980828 -12.403136392466029 0
1437 -8.097797879720634 -0.88984475478858238 -11.598938884495807 0
1438 -8.722448369671989 -1.9611534800593613 -8.9605293294665422 0
1439 -8.6863383365621409 -1.4845598446145913 -9.4538052382157236 0
1440 -8.8523922903123893 -0.80453304946453275 -9.16250562035016 0
1441 -8.6610419041554536 -0.98933005608237423 -9.7995059415452772 0
1442 -8.5786027863767753 -0.51588514748003644 -10.225739435009698 0
1443 -7.5815981779622463 -1.195129622433464 -12.820457753684392 0
1444 -7.3914947611808923 -1.8165955337763904 -12.971628403881928 0
1445 -7.1232055936243484 -1.9089424199239371 -13.507905967746995 0
1446 -7.1792895368922025 -2.3853634822875924 -13.079425492404312 0
1447 -6.9204480704542402 -2.9638801434180202 -13.16401352165799 0
1448 -7.7106519818022763 -0.58552590390406889 -12.681167995320612 0
1449 -7.4528259496608191 -0.72659994959923202 -13.255555496063478 0
1450 -7.9516215860414894 -0.43303657060864142 -12.096973750639375 0
1451 -7.7974923430327729 0.037382649363537718 -12.521615821909215 0
1452 -8.1967657563514003 -0.26753619738856993 -11.444029975247689 0
1453 -7.2981182922390291 -0.25853313786261156 -13.663181182888993 0
1454 -7.1817752385765461 -0.8694260012740147 -13.808142938263266 0
1455 -6.8824864511765558 -0.99385492355183591 -14.372700879139302 0
1456 -7.0138184963592884 -1.4591989922075241 -13.953793520225084 0
1457 -6.8123013474437233 -2.0310169480391416 -14.066630088033774 0
1458 -7.383435195710585 0.32924057547054936 -13.472414090163049 0
1459 -7.1240551120466398 0.18606239514860243 -14.030426871001993 0
1460 -7.8466953096643097 0.65117604093387349 -12.329694640339774 0
1461 -7.6176260320170686 0.49878468898398493 -12.918666722285398 0
1462 -7.4199108544062655 0.94221992464527871 -13.275111227596629 0
1463 0.068155084658440876 -9.9666046506975263 -1.627447843870381 0
1464 0.50598166077888918 -9.9800393195959227 -0.75577175992436585 0
1465 -0.17762795419314806 -9.9348023015310627 -2.2522446930848923 0
1466 0.68354953839180066 -9.9207096373058903 -2.1092940248626908 0
1467 -1.3214996663973286 -9.7877708174659173 -3.1325268116805236 0
1468 -0.73436652911441946 -9.8891272906353329 -2.5813695826269631 0
1469 -0.1188299522279976 -9.8811536750665194 -3.0650817230037646 0
1470 -6.7348572690312292 -0.5347868071299019 -14.745263732696946 0
1471 -6.5770545841236965 -1.1260517092622244 -14.896222413152277 0
1472 -6.8393665481008208 0.044822390179978112 -14.590552583649194 0
1473 -6.5450315027383663 -0.088291386699116306 -15.120154398576373 0
1474 -6.9137936573666678 0.63241805664715101 -14.394374549105363 0
1475 -6.2591150819393242 -1.2363798917201407 -15.400628968245389 0
1476 -6.3850924328856324 -1.691788762366834 -15.015784416011831 0
1477 -6.1541470066665198 -2.2392396141487199 -15.114533478842752 0
1478 -6.4838094447110013 -2.1319935834881858 -14.617088416595376 0
1479 -6.5746037743750563 -2.5762463296242264 -14.161573367259866 0
1480 -6.3342407136744514 0.36111455118160712 -15.45923553894615 0
1481 -6.2411206121504152 -0.21869915950640195 -15.620574148503302 0
1482 -6.1157078216653344 -0.78680085365481722 -15.745356427430856 0
1483 -5.9327626581479063 -1.3543695062234358 -15.870477054291456 0
1484 -5.9250741388516266 -0.33807334997923211 -16.097105685078354 0
1485 -6.3860508666306028 0.92459788505899065 -15.279198026041936 0
1486 -6.0896219575620369 0.79462855923827336 -15.784178137213383 0
1487 -6.6724715200514186 1.0544083739199073 -14.746707672576989 0
1488 -6.4098902241887981 1.4853055077660438 -15.060833292012592 0
1489 -6.9489314176479109 1.1948872290765831 -14.182326559858295 0
1490 -5.8196815155705997 -2.34022366545017 -15.576220369909111 0
1491 -5.8996451118701057 -2.7735627671155267 -15.165953597562883 0
1492 -5.7257800625807915 -1.870590257773177 -15.964502467972672 0
1493 -5.4796388048682987 -2.4083663599536607 -16.021651605802077 0
1494 -5.6009307031985935 -1.4251584892783611 -16.321580626692391 0
1495 -5.8206820375253132 1.2273626137250688 -16.076472452930727 0
1496 -5.7812551785284585 0.66542789368523836 -16.264598891954694 0
1497 -5.465093675219479 0.54539737789360709 -16.7135026635667 0
1498 -5.7163304798356931 0.11060834507769626 -16.408696674544341 0
1499 -5.6023586229157774 -0.45820411785237208 -16.541297028543362 0
1500 -5.8184453325326118 1.7698269139973619 -15.876196850230853 0
1501 -5.5136906287362804 1.641386443945049 -16.359103421913947 0
1502 -6.1085681780403212 1.9010065120038258 -15.371606169239721 0
1503 -5.7862725231411494 2.3103157410655211 -15.643719693797461 0
1504 -6.3911209277105243 2.0299274311377675 -14.836841700536535 0
1505 -8.2437461488366388 -4.745095203868738 -6.172429323941425 0
1506 -7.9884011043243071 -4.9407132527163684 -6.8628857926860523 0
1507 -7.8588027076965803 -5.3564844390665716 -6.179739300500823 0
1508 -7.7044640595856206 -5.7536898862819079 -5.4904594514669842 0
1509 -8.1005080315398352 -4.5072553787456453 -7.5010448823419384 0
1510 -5.188040244850125 2.0487295248245698 -16.599632014225804 0
1511 -5.2035470962213797 1.51017181384724 -16.809816026365944 0
1512 -5.1908966230189684 0.97933050091983909 -16.981814275170755 0
1513 -5.1389547238203264 0.42572650520599242 -17.135915649802886 0
1514 -4.8797266820982994 1.3909418828851108 -17.234099708015375 0
1515 -5.7207114336453149 2.8424635962968883 -15.387509401678585 0
1516 -5.4315353984379966 2.7117131597338555 -15.892770048653093 0
1517 -5.0498470120056469 3.0938548094082172 -16.115471767669636 0
1518 -5.1293652173972744 2.5685828387748417 -16.381940625811875 0
1519 -4.8192171892473556 2.4373472329298558 -16.832644967323702 0
1520 -5.9848418102508125 2.993616758388828 -14.862022367116438 0
1521 -5.6143917422271157 3.3870955934008427 -15.100488575668875 0
1522 -6.3255181693393858 2.5693150212832134 -14.613205016116853 0
1523 -6.2349670509775512 3.1217132075389316 -14.335981657786991 0
1524 -6.6431191358758426 2.1589117070386732 -14.311962603049455 0
1525 -4.9460411132110451 3.6038385661244057 -15.817588298566937 0
1526 -4.6428553820307341 3.4601744873561162 -16.305960433976043 0
1527 -5.2251753149645799 3.7630087308102351 -15.301935592562234 0
1528 -4.8058698305428509 4.1202304443568218 -15.482547110507783 0
1529 -5.4874552458298984 3.9129483142498889 -14.775204961694833 0
1530 -4.2083141748884767 3.798678837289573 -16.475452151192819 0
1531 -4.324282022969105 3.2976326195513623 -16.784064357871962 0
1532 -3.9959087182780491 3.1700535611005307 -17.202729310774298 0
1533 -4.42204345745784 2.8251535082532726 -17.025162473839544 0
1534 -4.4955063823055736 2.3127444033189239 -17.25591326955103 0
1535 -4.0713051507513747 4.2646896006325479 -16.153872226772364 0
1536 -3.7498800950413127 4.0995929147909802 -16.629099459178004 0
1537 -4.3789963395632592 4.4311663819194766 -15.644699492650949 0
1538 -3.9143611942779843 4.7254681064388171 -15.792115452435132 0
1539 -4.6584820219549625 4.5905977294544842 -15.129435909834807 0
1540 -6.4625738793681924 3.2460970362902342 -13.812746705083056 0
1541 -6.1028349170539542 3.660745652015442 -14.050529847153397 0
1542 -5.9474838132602619 4.1796233886777419 -13.734363417330286 0
1543 -5.7207494814918656 4.0558232522604403 -14.258095681602658 0
1544 -5.3162856200260871 4.4206845744309673 -14.449173692594593 0
1545 -3.2782459589127471 4.3928863843597572 -16.727899168392771 0
1546 -3.4249929398232948 3.9376077942057455 -17.060441755261881 0
1547 -3.0952465402567828 3.7792776352221424 -17.451247452367191 0
1548 -3.5610853535427212 3.4792392446244147 -17.345150951600139 0
1549 -3.6706227241645517 3.0159910050223071 -17.598900769590287 0
1550 -3.1011358887743334 4.8058369929639451 -16.405716929950376 0
1551 -2.7713180733797897 4.6370973643023898 -16.830582184837024 0
1552 -3.4200725625536652 4.9631479886139918 -15.95872998831479 0
1553 -2.9103167414670663 5.2027880267950204 -16.057528229783671 0
1554 -3.731953181564041 5.1348190798900006 -15.453952046957003 0
1555 -2.2874913844515783 4.8387141239944329 -16.894286465230383 0
1556 -2.471857807631451 4.4378226454848626 -17.227379272085834 0
1557 -2.5990115308701554 4.02045218311273 -17.559168921758005 0
1558 -2.7438295087547209 3.5723463430829669 -17.856062413863654 0
1559 -2.116670514655778 4.2252849577343934 -17.625739469120756 0
1560 -2.7047886641994161 5.5959095651372524 -15.6677904531333 0
1561 -2.3803349699643954 5.4289127871343403 -16.107254437731317 0
1562 -1.8483979111703477 5.64920840216441 -16.083515733930327 0
1563 -2.0612204589436458 5.2730913630396552 -16.485857902659326 0
1564 -1.7590083618245318 5.068435436060188 -16.878015501061814 0
1565 -3.0226284971819926 5.7609289231531591 -15.188866305343621 0
1566 -2.4899496416583116 5.9813638319403628 -15.234623394355543 0
1567 -3.4832176948851208 5.5233023806560384 -15.147319934810712 0
1568 -3.2755843927797388 5.9224737454063012 -14.723430526986681 0
1569 -3.9818222405724497 5.2919807630343652 -14.985330326443499 0
1570 -2.2532394746703628 6.3209528701836648 -14.828144412933685 0
1571 -1.9306846923590626 6.1443317662132495 -15.299626631443413 0
1572 -1.3786009849441869 6.2831393712934478 -15.31295124595035 0
1573 -1.620374421791809 5.9598292192232156 -15.729567369879698 0
1574 -1.2969952595668826 5.7903791705909766 -16.098361700178955 0
1575 -2.5827276869903075 6.4700728734351438 -14.348194967631624 0
1576 -2.0230608653758879 6.6316203939519305 -14.412333008296116 0
1577 -3.1053525945985885 6.2606533724571012 -14.305384246941617 0
1578 -2.8818632508179944 6.5878777718460464 -13.898882065375116 0
1579 -3.5697090211596039 6.0300096889090122 -14.268309031684893 0
1580 -1.7403306980541138 6.9609218602626077 -13.930802692842741 0
1581 -1.4056479113298281 6.7949828699848513 -14.401716806823623 0
1582 -0.6911500837547897 6.841076078471426 -14.521981910234127 0
1583 -0.9786309560642994 6.5328689182411042 -15.015179672439752 0
1584 -0.66409888092967495 6.3263417838144074 -15.431963233589157 0
1585 -2.1040301422873164 7.091086883890295 -13.459501322926556 0
1586 -1.4859858606190173 7.2514946169352195 -13.447330120525768 0
1587 -2.6494993292962179 6.8994072535795814 -13.472688351374023 0
1588 -2.4011698692064862 7.2104298609704456 -12.999089888025333 0
1589 -3.1741118665479831 6.6946375871645012 -13.432325403319197 0
1590 -1.2343782419467557 7.5073581000088181 -12.979350478978585 0
1591 -0.86609658734450579 7.3546390979083043 -13.440113160373119 0
1592 -0.20523718114942249 7.3888897072893052 -13.470291250450083 0
1593 -0.45921449768209999 7.152435296296515 -13.947299577683175 0
1594 -0.029082137118741982 6.8630954513025406 -14.546075079637252 0
1595 -1.5756332700984301 7.6674160997439769 -12.446382631358523 0
1596 -0.95587912859793556 7.771720985501565 -12.439718327201044 0
1597 -2.1720505054222277 7.4920255580752837 -12.514271794881518 0
1598 -1.898109978944293 7.77792852301969 -11.983489708532963 0
1599 -2.7189568683638883 7.3048006960776517 -12.529510818632993 0
1600 -0.6380092850001593 8.0152986547023648 -11.890825308308935 0
1601 -0.29424108148098038 7.8343752900176042 -12.41547196060311 0
1602 0.47231423884407542 7.8256283902585704 -12.415548245222878 0
1603 0.15352522010704051 7.6083846248148648 -12.975193780082344 0
1604 0.56113768234588357 7.3719271058428797 -13.466969257793757 0
1605 -1.0243077800108877 8.1586224952566422 -11.382033658657214 0
1606 -0.36291114206995384 8.2228674420782006 -11.358300318792727 0
1607 -1.6797969311742553 8.0186919788308888 -11.46801834994184 0
1608 -1.4079022788835187 8.2507267604345031 -10.944097787897281 0
1609 -2.2765428678959352 7.8449837494286783 -11.536651601193839 0
1610 -0.080415756687606768 8.4130247416721726 -10.810096762210449 0
1611 0.30710490157021925 8.242001914883426 -11.309304313615305 0
1612 0.98921037783417043 8.2011332530043646 -11.271712593009317 0
1613 0.70750431342622222 8.0328707529661152 -11.827497641111554 0
1614 1.1533695514589148 7.7715583102862809 -12.372973790902117 0
1615 -1.8160447088255691 8.3452288436168374 -10.403679572768899 0
1616 -1.1608252570986322 8.4873576619208766 -10.318380617347833 0
1617 -0.45470367697408615 8.5728010748282788 -10.256768749965923 0
1618 0.21529814209403758 8.5963181293589503 -10.20920395111499 0
1619 -0.86651351133397814 8.6951827422648869 -9.724803630571575 0
1620 -2.692432009873587 7.8698527599191355 -11.102473131586709 0
1621 -3.190785449972287 7.8598625251377046 -10.590835528546569 0
1622 -2.5665603590722692 8.1079957490835977 -10.521059424997299 0
1623 -2.3254771878935201 8.3709474767428773 -9.9034123796192386 0
1624 -2.9042646003469028 7.6070934238526133 -11.609888332270929 0
1625 -0.22560714221664019 6.1746404001050514 -15.725510147117184 0
1626 -0.62867714819336151 5.9438849681574215 -16.034337719862545 0
1627 -0.86129720493746287 5.6555187518342711 -16.404057397170718 0
1628 0.53650804231532689 8.7561497793312046 -9.6004166914668971 0
1629 0.9100802544605473 8.5695661893849664 -10.145795041531446 0
1630 1.6067219459740962 8.4883452510094486 -10.073021292142801 0
1631 1.2881416951277516 8.3532113222734683 -10.689163031541009 0
1632 1.6847808799340938 8.1129620613799762 -11.196670929739371 0
1633 0.14163911413110339 8.9168547496187358 -9.0486771929492473 0
1634 0.83663373228700166 8.8944399722169081 -8.9864301207163706 0
1635 -0.57222545359033894 8.8862607307241515 -9.1009731910061475 0
1636 -0.27173107974939253 9.0494282168278133 -8.4932941003544169 0
1637 -1.2779373247189014 8.7968050108345199 -9.1614622840345703 0
1638 1.167689087574292 9.009428749137264 -8.3586352496035783 0
1639 1.5595988784725165 8.8178015305184783 -8.9025900740522115 0
1640 2.2892108242142233 8.6829832965154949 -8.8012078431845495 0
1641 1.9630986311672765 8.5957245270082012 -9.4360507883539508 0
1642 2.3352279162318776 8.3483643422694254 -9.9702604555699956 0
1643 0.75210974532158192 9.1796348747794685 -7.7893862394221598 0
1644 1.4758281677753335 9.1089442372489948 -7.7068971971576721 0
1645 0.009246236586896028 9.1991621538139317 -7.8422777749698076 0
1646 0.31953577358209767 9.3248072932878472 -7.1960727712960342 0
1647 -0.70440961947961067 9.1612962591229881 -7.8928975517394644 0
1648 1.7907986367641786 9.1820801322790651 -7.0661006749039821 0
1649 2.2008789560242681 8.978235325804464 -7.6282166344189015 0
1650 2.9052308629977275 8.7885680287084771 -7.5685416395627128 0
1651 2.5962584828512747 8.7401104692126683 -8.2145994123102284 0
1652 2.9904922116299897 8.4831494446277205 -8.7391376765199809 0
1653 1.6929810238070631 7.4735256086464341 -12.849938557041446 0
1654 1.9255205869486207 7.6645395933802387 -12.255154554838338 0
1655 1.9876419317846394 7.8632610690045537 -11.699299963961744 0
1656 2.5184031104667572 7.5288409129621225 -12.16128287320034 0
1657 2.2826039960127384 7.9956933684132281 -11.110104690001682 0
1658 -0.092940750252206883 9.4438939827035906 -6.573957243669132 0
1659 0.65015286412934181 9.4309068148782274 -6.5223608922989866 0
1660 1.3999469351715552 9.3600906442536065 -6.4587465378538678 0
1661 2.1262692251973165 9.2357271985759226 -6.3813234663238134 0
1662 0.9897839516063146 9.512462736184407 -5.8423900663497559 0
1663 -0.87211500207320647 9.3950961820994578 -6.6246760380441287 0
1664 -0.54185963206846766 9.5308770081746932 -5.9560965721457633 0
1665 -1.2094032879583869 9.2312846802841939 -7.2995141861978103 0
1666 -1.654793335210244 9.2802511109521948 -6.6749077403105037 0
1667 -1.4882602596127372 9.0556165966702515 -7.9450335314000231 0
1668 3.2262904230775198 8.8163597844733932 -6.888497733665444 0
1669 3.6107565405876598 8.5452017731401408 -7.4677878547601972 0
1670 2.8522367265624178 9.055139182955589 -6.2830565914850416 0
1671 3.5602184571626871 8.8184733577025138 -6.1836468776181253 0
1672 2.468683067065585 9.264808936864803 -5.6811686395577929 0
1673 4.2931361613780412 8.2484081186510352 -7.357376001820179 0
1674 3.9821597165629607 8.2444736381629546 -8.0426509115886073 0
1675 4.3660288484546923 7.9076152168899911 -8.5807723838990668 0
1676 3.6890437264961689 8.2155215348047665 -8.6939432469181348 0
1677 3.3903020115059923 8.182002937872852 -9.286695902293431 0
1678 4.5941103430021411 8.2352689731111646 -6.6556727974963596 0
1679 4.9492120009237324 7.9031935877507857 -7.2235259214451029 0
1680 4.2149820125473729 8.5430253131820884 -6.0829746447711415 0
1681 4.87650919678285 8.207663740649398 -5.951105434831895 0
1682 3.8528245703769124 8.8113845644459481 -5.4827893949498634 0
1683 -0.97269890692994754 9.5917767355135606 -5.3109983590726486 0
1684 -0.19381751469882125 9.6458571319353243 -5.2611310423856024 0
1685 0.18003782394089321 9.7332165036165357 -4.5747493376915278 0
1686 0.61156305437048042 9.6347095975657222 -5.2147335890164044 0
1687 1.361579133963335 9.5661675410947495 -5.1515204891996147 0
1688 -1.7613110885941912 9.4703045204030154 -5.3707040655874305 0
1689 -1.416697340255183 9.6185531477088624 -4.6803435732064758 0
1690 -2.0847432260801995 9.2970126390481855 -6.0726935278148213 0
1691 -2.5219727905694018 9.287080420251872 -5.4368338254546149 0
1692 -2.4160024328324456 9.0995179707296501 -6.7414256489012319 0
1693 5.57460510018627 7.5065598309608257 -7.0923444589733782 0
1694 5.2862780904304145 7.5399185640416766 -7.7986901459809355 0
1695 5.6086409510827089 7.1517790704201687 -8.3415113282277673 0
1696 4.990564447678457 7.5588469279173536 -8.4753996044746298 0
1697 4.7079380643102438 7.5490141303430613 -9.1318573888337848 0
1698 5.1726626456561755 8.1474523369116891 -5.2393058975347016 0
1699 5.5327366009517149 7.8077366116453391 -5.8062293126132154 0
1700 6.1488568920334483 7.3575675770755646 -5.6772381560259202 0
1701 5.8681077189815856 7.4395811045933122 -6.3931040306276365 0
1702 6.1830500753907121 7.0466389764308062 -6.9612558927415096 0
1703 4.7911086243803478 8.4661137323837163 -4.6347368510982729 0
1704 5.4534086606661507 8.0757166254058674 -4.4913850718524069 0
1705 4.1690347347705812 8.7672453147312073 -4.7977323691927802 0
1706 4.4619669588519573 8.7169036371214581 -4.0528714952497928 0
1707 3.511892555510356 9.0371595362881898 -4.8974924989126141 0
1708 5.7411558979124289 7.9707664210435372 -3.7448693526103853 0
1709 6.1007919927414029 7.619755997458534 -4.3449536708678664 0
1710 6.7253203100907335 7.095361648959102 -4.2075692731844319 0
1711 6.4560004201454282 7.2232996764016448 -4.9574188283734584 0
1712 6.7650881402447265 6.8238819472331222 -5.5383093539259827 0
1713 -1.8378988920903421 9.6216502124206755 -4.0229217503094601 0
1714 -1.0495961525528137 9.7453062186538304 -3.9635108786091608 0
1715 -0.67963232041978161 9.8435092349906039 -3.2517231430092637 0
1716 -0.25454232816465855 9.8041870780073115 -3.9054443755388308 0
1717 0.55091709162746916 9.7965625228057256 -3.8594575240108604 0
1718 -3.2606173822714863 9.0576963632908871 -5.4135056578361489 0
1719 -2.9451878079532525 9.2609905354011008 -4.7158978271776482 0
1720 -3.184655587269678 9.250329910783968 -4.1421566035713591 0
1721 -2.4434639082873764 9.4706691532261171 -4.1645695667275096 0
1722 -2.0819326171454646 9.6274590761723751 -3.4511379655365588 0
1723 -7.1310475665388706 -6.9685477629996155 -1.5329744662623856 0
1724 -6.8782933769802037 -7.1437681935022832 -2.573446108000228 0
1725 -6.6020608149816091 -7.4575323352263396 -1.7866219122556066 0
1726 -6.2192804194958615 -7.8084395917287512 -1.1812234437197993 0
1727 -7.1360787398145771 -6.802443827435436 -3.3485150104199857 0
1728 -2.3711996280904049 3.3548026819931605 -18.234331497330572 0
1729 -2.8655582009678118 3.1108454307365228 -18.123047966932251 0
1730 -2.9433659673597345 2.6188378496502978 -18.382413889304907 0
1731 -3.3131754168735661 2.8331954771220782 -17.999541332538413 0
1732 -3.7420818823205027 2.5187798568034259 -17.849657836381059 0
1733 -3.5796358896471565 8.8161118109843191 -6.1521961717008864 0
1734 -3.9914549752686233 8.7582366014242794 -5.4264459138096681 0
1735 -3.1526661992645368 8.8580934368172706 -6.8102500690149954 0
1736 -3.8840127799024899 8.5600576100584469 -6.8234473510197429 0
1737 -2.731791808429135 8.8756698829000378 -7.4188402449926603 0
1738 -4.7114563333901938 8.3760804966462157 -5.5293597214362151 0
1739 -4.4074533708018153 8.6501202049649972 -4.7957377842680469 0
1740 -4.9041204150232884 8.4421975630895094 -4.3261545329390563 0
1741 -4.1881801080035332 8.8316659181852639 -4.2241328068555397 0
1742 -4.2584059441770519 8.8804377350950432 -3.466297418109193 0
1743 -3.7476555447080129 9.060326516050786 -3.9322061699591928 0
1744 -3.2564729548078857 9.3022307961557438 -3.3846040298128868 0
1745 -4.989090711373005 8.1022638604775761 -6.1521684661233413 0
1746 -5.3863984934993896 7.961151239786461 -5.5160791170808947 0
1747 -4.6272774966527432 8.1564792374021309 -6.9455451676017717 0
1748 -5.3008750439141661 7.7387877200253792 -6.9316342642099507 0
1749 -4.2150709551850358 8.2312770864895679 -7.610323085963512 0
1750 -6.0199553550320353 7.4967873835423848 -5.4984784984142001 0
1751 -5.7622461106060507 7.8000620884855563 -4.8807995970233273 0
1752 -6.0975509639381773 7.6333712736012407 -4.2668560985981223 0
1753 -5.4635054344685328 8.0969824380329527 -4.2843826933264122 0
1754 -5.257041181189539 8.3013078227625599 -3.7158075574595744 0
1755 -6.2727365550422336 7.1603825112335118 -6.1259116558625326 0
1756 -6.6252359368097755 6.9702395405982074 -5.4852564309376 0
1757 -5.9298851467283873 7.3043022971589009 -6.7775010434021219 0
1758 -6.5323032527497276 6.7744182014560224 -6.7635115867119415 0
1759 -5.5835572411386503 7.3807633726663591 -7.575809018615721 0
1760 -7.1845675331410339 6.3980945245521879 -5.4576096660098647 0
1761 -6.9585070266444156 6.7626266865720419 -4.8357254918797592 0
1762 -7.2737524636457689 6.5369543937079957 -4.176482899373033 0
1763 -6.7129302186768829 7.1076326423430887 -4.2038677908201274 0
1764 -6.438677025200815 7.4352104814449369 -3.6116939304224052 0
1765 -7.3724919903229447 6.0232617057255631 -6.1210065436867449 0
1766 -7.6797279533642895 5.7923316467691999 -5.4665062539618985 0
1767 -7.0636343280057767 6.214688101655045 -6.7772330281216036 0
1768 -7.5544850856111827 5.6053614197916062 -6.7851834005544918 0
1769 -6.7425000082898769 6.3812932554466943 -7.4344576200827319 0
1770 -8.1284083841100951 5.1511094752110624 -5.4387676234674727 0
1771 -7.9692867867805681 5.5477171465688899 -4.7805031415992714 0
1772 -8.2296916955240125 5.3006647377322027 -4.0866259602686936 0
1773 -7.7776190037503987 5.9394993175659971 -4.1138743243485987 0
1774 -7.559833670680848 6.3095801753999821 -3.4860366503177493 0
1775 -8.2784738830774618 4.7182858100383696 -6.0678329515552534 0
1776 -8.5393132574907042 4.4555721940808706 -5.3769900553290455 0
1777 -7.7148506944933821 5.1774484443676974 -7.3959735985438595 0
1778 -7.9989921702690356 4.9677672968671329 -6.7342148300012141 0
1779 -8.4050231726170281 4.2694527990309794 -6.6715390322225687 0
1780 -8.891029170424062 3.7260612637514674 -5.3164152394030371 0
1781 -8.777236461060502 4.1777832714889689 -4.6930787519908579 0
1782 -8.9958394221754432 3.8922811730202009 -3.9623328283155006 0
1783 -8.6382825518983832 4.6190569595132844 -4.0221324485102894 0
1784 -8.4775944179259675 5.0308167154148036 -3.3593309221054417 0
1785 -7.8065259500826159 4.7700515881243435 -8.0758307157391815 0
1786 -7.3639662069713694 5.4091724562767274 -8.1272024807656589 0
1787 -6.9876877729131168 5.9462466333159165 -7.9534572518017894 0
1788 -7.1035660435980237 5.5568034417924164 -8.6397418881642682 0
1789 -6.4651532428333116 6.514004382618908 -7.9421761375339797 0
1790 -1.8845468675820007 3.5816551493648339 -18.288819480208687 0
1791 -2.0114117037167247 3.1275116376998739 -18.565871260374855 0
1792 -1.7459926339512213 4.005298080698263 -17.989896832049133 0
1793 -1.3833758169564465 3.7726044130896361 -18.314336165026205 0
1794 -1.6155400051358548 4.4159948016489254 -17.65095129488666 0
1795 -8.9736604123411698 3.2514630823163091 -5.9670450403243844 0
1796 -9.1799208575387432 2.960371515942156 -5.278353355706102 0
1797 -8.7627127111111722 3.488416978662555 -6.647048345095584 0
1798 -9.0387841343706192 2.7180916707291347 -6.6067719929668796 0
1799 -8.515324869991602 3.7541819645126564 -7.3199344630482486 0
1800 -9.291742347965986 3.1364741071797386 -3.9120604872658169 0
1801 -9.1897931754285782 3.5937249447220503 -3.2452071826179654 0
1802 -9.3567237710844378 2.6794585131763848 -4.5922640811652071 0
1803 -9.5201155849205126 2.3705399362475896 -3.8719192452368163 0
1804 -9.3989076688506916 2.191784641151413 -5.2370276757842023 0
1805 5.3318802085951003 8.3151985555217429 -3.1167460104673199 0
1806 5.9873385646096118 7.8704642414602448 -2.9715783931332638 0
1807 4.6149992091417475 8.7195553296666191 -3.268722779621088 0
1808 4.8752674863446801 8.6413214610521329 -2.4974629873935674 0
1809 3.9870071606393629 9.0089727040433569 -3.4305595571638872 0
1810 6.2427456257791336 7.7346790854071035 -2.1935054115104484 0
1811 6.6259196609869395 7.3560384227234445 -2.818430321695462 0
1812 7.2192001329164377 6.7880874826667936 -2.687018994024192 0
1813 6.9828626198127335 6.9450960475065191 -3.4671432181156705 0
1814 7.3069899726696619 6.515905478949759 -4.074738435137915 0
1815 6.1731258617154845 6.7158671098040426 -8.1950341204589829 0
1816 5.8911691069317103 6.7523724719092186 -8.8768446092372226 0
1817 6.4495913589968303 6.6471623843738668 -7.5413536020315393 0
1818 6.7086301777651807 6.2223399999675753 -8.0688948593427181 0
1819 6.7270945585690116 6.5618539549310988 -6.8376228249959148 0
1820 6.161029414646304 6.3220817892914845 -9.3963819422950134 0
1821 5.6049989892891636 6.7677230369265988 -9.5460800804352068 0
1822 5.328580778657062 6.7543333954841369 -10.195137520989942 0
1823 5.0378644593759807 7.1594982002446246 -9.6667486177411899 0
1824 4.421086221618955 7.5207620251181222 -9.775916362684816 0
1825 -9.3603238201572516 3.2878395495367423 -2.5095410562880334 0
1826 -9.057269235891706 4.0408560522236732 -2.5591845215044393 0
1827 -8.8836610205228652 4.493755698676746 -1.8833232256337979 0
1828 -8.6823730247526765 4.7858585640154141 -2.616835084056587 0
1829 -8.2674816675246756 5.4637092632261552 -2.6807670276098765 0
1830 -9.6908964324150784 1.5692974179322838 -3.8072730137334414 0
1831 -9.6645875786331548 2.0359265221640448 -3.1309743731169029 0
1832 -9.7821925891176917 1.7080945393251175 -2.3589160172745509 0
1833 -9.6043155443905572 2.5078639367745175 -2.4230075512913372 0
1834 -9.5096072427273324 2.9683163085529634 -1.7395038159732497 0
1835 -9.6841107268629951 1.0956153858346056 -4.4800117661361245 0
1836 -9.7949063492757311 0.7555541151773828 -3.7357449527270949 0
1837 -9.5509235826797934 1.4259457050641744 -5.1948195595304387 0
1838 -9.6471026641960602 0.61133475858956565 -5.1223744491794125 0
1839 -9.4024491696195245 1.7135027814123482 -5.8848476040805968 0
1840 -9.8315203507343707 -0.069123783462144484 -3.6531791610353794 0
1841 -9.8796312145732603 0.40773834547126586 -2.984383692263493 0
1842 -9.9382177669069343 0.067783336672354297 -2.2156110099066582 0
1843 -9.893652775351514 0.89213524022908286 -2.297589583820991 0
1844 -9.8735270798665802 1.3710610781514845 -1.5920483951430726 0
1845 -9.7499941933845733 -0.52284817137551987 -4.3193717222097705 0
1846 -9.8012810233399144 -0.87046619934328129 -3.5649285531789916 0
1847 -9.5749630425723211 0.15587248403002404 -5.7604814042218937 0
1848 -9.6754828285663947 -0.17657779094612214 -5.0413697812643647 0
1849 -9.6391233207781184 -0.97757055051988084 -4.9524367439019947 0
1850 -9.9123714027705319 -0.77921514052973151 -2.1332762955662714 0
1851 -9.969374511095447 -0.2945804166541412 -1.4488536649976456 0
1852 -9.8190574941651505 -1.2612604067070838 -2.8251245018598796 0
1853 -9.8140622055662998 -1.6207952090722726 -2.0564103827042453 0
1854 -9.6969397673380513 -1.7112547264131968 -3.4876733849065222 0
1855 -5.6168055674163631 -5.6859452681887017 -12.020236540934302 0
1856 -5.4057914248815857 -6.1153550683392996 -11.555059750397417 0
1857 -5.8184912513873508 -4.9371000548876101 -12.925974254276952 0
1858 -5.6978809467153715 -5.3737635143789904 -12.434921537120713 0
1859 -5.3324034311761848 -5.6729628277449686 -12.551169890046777 0
1860 -8.0536771090948687 0.81202990985704282 -11.743745986343347 0
1861 -7.848267186096721 1.2712487137092243 -12.130726092617882 0
1862 -8.2467624765327301 0.35494739715607132 -11.289804427164151 0
1863 -8.2623486919971061 0.97648093187475871 -11.095959459467888 0
1864 -8.4160586386161089 -0.10256631614132983 -10.799895766565227 0
1865 1.4301609436929197 6.8080062303990063 -14.367420205727075 0
1866 0.644532452865757 6.8905201955521758 -14.436801495052896 0
1867 0.99199304492427298 7.1146884275697717 -13.913613244219006 0
1868 1.3479399332301416 7.2991119205724981 -13.402391295192061 0
1869 0.41291965424210453 6.591250609816524 -15.017977594567636 0
1870 -3.5839306940206832 6.4813779625469934 -13.438330325909774 0
1871 -3.3584848377525089 6.8075360874581952 -13.019682332920555 0
1872 -4.0153099750639747 5.8182808983099488 -14.145655614712703 0
1873 -3.8506413930746208 6.1661403163308783 -13.733357122169259 0
1874 -4.0330475473356113 6.27581462339311 -13.318960664216316 0
1875 -4.8266057908715139 0.28427876800700808 -17.506920017134476 0
1876 -5.0816863259166887 -0.15109541639641177 -17.222500893904495 0
1877 -5.2606719612631245 -0.56064001170760314 -16.971860627904352 0
1878 -5.4506114531983805 -1.0078640946138371 -16.646326291773914 0
1879 -4.9384630921078454 -0.70160704341958557 -17.334281622785834 0
1880 -1.1435533987324698 9.8520146599601013 -2.5535017244393128 0
1881 -0.34879728351824052 9.9157008365489894 -2.4957703220223477 0
1882 -2.0555771952389352 9.6972263410091024 -2.6369707511861553 0
1883 -1.7290632522265685 9.804275999784311 -1.8830957382490998 0
1884 -2.659596023835106 9.5392174830717078 -2.778401555326051 0
1885 -6.6934632389069124 7.2808911022494325 -2.9571436397894639 0
1886 -6.072632048982352 7.8002446465816382 -3.0194856854417411 0
1887 -5.6608098573636756 8.1456741341196839 -2.5323701621270263 0
1888 -5.3859115869264773 8.2738675144598357 -3.1843823457476641 0
1889 -4.8216900092727872 8.6110593173934085 -3.2255002010919989 0
1890 -1.6549139331387821 2.8862205726345289 -18.860645872292327 0
1891 -2.1395227687230416 2.6558763660455362 -18.800932216291454 0
1892 -2.5882636282579243 2.4161272214916889 -18.704354641655399 0
1893 -3.0317396549520748 2.1348474761463212 -18.574281242425805 0
1894 -2.2333597737724196 2.1767469000074873 -19.002513207910475 0
1895 4.4187843406421567 8.9218239663786818 -1.871258468353995 0
1896 5.1440153929558576 8.5322431285971874 -1.7203869698870164 0
1897 5.8286488040715705 8.0878736533857065 -1.566081588761451 0
1898 6.4772426639165834 7.5858826983108907 -1.4138050222095968 0
1899 5.3951743618725185 8.4065651931486265 -0.94181794065622082 0
1900 6.6688523855109194 5.8417928701168798 -9.2519973893028986 0
1901 6.3956715144235767 5.8705195867231748 -9.9262048460608234 0
1902 7.174306733592708 5.7203422220093767 -7.9516055625070097 0
1903 6.9130390728254349 5.8032393458694003 -8.6098324889958562 0
1904 7.123345920139851 5.3304269470026977 -9.13115358860958 0
1905 6.6085694617977992 5.4045972857512634 -10.414823636998106 0
1906 6.1117039502543511 5.8949466853341761 -10.563461251221208 0
1907 5.8309559767035291 5.8921836596049983 -11.186084948583078 0
1908 5.5948558023208559 6.3357839448019417 -10.687456265365785 0
1909 5.0363939234128958 6.7385789536282106 -10.812268944847526 0
1910 7.0312443626598471 6.4122120648301371 -6.1465890209809659 0
1911 7.2710323135272441 5.98686457489202 -6.7199826361518644 0
1912 7.7192039092853806 5.4427506947113153 -6.5697354230114309 0
1913 7.4375877497808514 5.6110670509963949 -7.2658695318681419 0
1914 7.6178787307369591 5.1727513493361315 -7.8001454144718672 0
1915 -0.87333804753394628 3.9366751873934436 -18.301898166440594 0
1916 -1.0144814088195426 3.5201249408977695 -18.609626312382417 0
1917 -0.63941083560536782 3.2496190664009768 -18.871261717923758 0
1918 -1.1498099682555569 3.0859630941239735 -18.884360600094986 0
1919 -1.2816191038832965 2.620580231188796 -19.130082250159184 0
1920 3.7589337389302409 9.238859020611029 -1.4337379727218602 0
1921 3.4732544361599578 9.3121632201590661 -2.209180647038099 0
1922 3.5859286690388599 9.2183205934995769 -2.9418912393402699 0
1923 2.90655381670644 9.4861386755791024 -2.5020934740905103 0
1924 3.4292451259569798 9.2071284018993129 -3.7250849424083081 0
1925 7.4465501357927071 6.6070627021546571 -1.8927371977349934 0
1926 7.7704954627647789 6.1651065523208155 -2.5383943442128545 0
1927 7.0760658541084016 7.0392145032119391 -1.2308553222728793 0
1928 7.6409323722064828 6.4282890465404572 -1.0830557095457876 0
1929 6.6905476901808925 7.425972415302466 -0.60499683497344625 0
1930 8.2674564323260462 5.4978762294378258 -2.3853897839750764 0
1931 8.0630387429942729 5.6970902185912262 -3.1815526210990233 0
1932 8.3232930743260667 5.2074697383932405 -3.7973945397308277 0
1933 7.8402039130222505 5.8844788992190438 -3.9517645106339203 0
1934 7.6047444054659206 6.0544534787502462 -4.6952979037261571 0
1935 -9.4500435068559483 0.51625263014019773 -6.4591519382665155 0
1936 -9.4740658101951745 -0.27174351341818909 -6.3775332181043272 0
1937 -9.3650735812285841 1.2519041569414884 -6.5507656957052127 0
1938 -9.2979965569243834 0.82601143616490036 -7.1735528532930193 0
1939 -9.222262231524418 2.0195039760958808 -6.5943864077050129 0
1940 7.0546501221400595 4.8974460475992005 -10.246352300217714 0
1941 6.7841459399999922 4.9328825817710138 -10.888899540218331 0
1942 7.3096183964489185 4.850489445823861 -9.6004647875500044 0
1943 7.4599777828483349 4.3612967128117859 -10.065350955078781 0
1944 7.5420712907736709 4.8032405396170068 -8.9545610642772022 0
1945 6.0358456072759425 5.4405231366453055 -11.656633442766363 0
1946 5.528844727332852 5.8913718637328767 -11.785349132590062 0
1947 6.5048741319186734 4.9535062151136975 -11.515101164075853 0
1948 6.2154047734573883 4.9640819884265337 -12.120500569574245 0
1949 6.9389424168808835 4.4375816847085972 -11.341771806336087 0
1950 -9.3172258079902388 -0.66088103503716444 -7.1421395955130444 0
1951 -9.4124777484712094 -1.0207149416684591 -6.4384481491704255 0
1952 -9.3039931651406249 -1.7964261298571784 -6.3901688062156667 0
1953 -9.4912806377203989 -1.4104663670307325 -5.6306932019100415 0
1954 -9.5347037101158563 -1.7536866572447545 -4.9046950031595831 0
1955 5.2312153796253975 5.854335971167516 -12.387273467339734 0
1956 5.006289516060396 6.2847738083245002 -11.906079700654136 0
1957 4.4701846134451992 6.6231273715525054 -12.025245667662643 0
1958 4.7774778168506469 6.672283793984211 -11.429144269285539 0
1959 4.4937862801659181 7.067732879339145 -10.927586524846365 0
1960 5.4242133813422644 5.4175581220348104 -12.841802550739077 0
1961 4.9091073051482583 5.8193847304533408 -12.966946722417964 0
1962 5.8932602774098148 4.9980778497942318 -12.694676224323306 0
1963 5.5822554000661935 4.9742119850053728 -13.280909573769522 0
1964 6.3525613539893948 4.5032291744589577 -12.548448708282963 0
1965 4.5880544391777791 5.7531084595153956 -13.542747064933828 0
1966 4.3785505103756748 6.1704243317461644 -13.077332907635844 0
1967 3.8425108359174942 6.4559300902993382 -13.199405614651626 0
1968 4.1726442111258271 6.5350259954313836 -12.630514720532037 0
1969 3.9313439346214092 6.9041926814365677 -12.145230880524778 0
1970 4.7791460465471358 5.3332051059673367 -13.959467950241773 0
1971 4.2538992395141246 5.6909244865339206 -14.073765629515048 0
1972 5.2523283944327384 4.964454281307308 -13.822769639380548 0
1973 4.9285997471390219 4.913923588802195 -14.361373123196062 0
1974 5.7151550065996553 4.5394156702104516 -13.671972589730672 0
1975 3.927614413302503 5.6022892010518213 -14.586048228111208 0
1976 3.7221800615105742 6.0030674526504217 -14.157479542435841 0
1977 3.1713573427329016 6.2759524315050488 -14.220395730383872 0
1978 3.5058743208257521 6.377834092946971 -13.715987391277055 0
1979 3.2895084171709597 6.7247043011159136 -13.260088451577467 0
1980 4.1085662735285107 5.1868871018953131 -14.995450692555533 0
1981 3.5808401935748022 5.5048916141698765 -15.082937621606915 0
1982 4.5933464807468427 4.8428801078062715 -14.892639842449006 0
1983 4.2551867226099294 4.7563926392189027 -15.397417318148959 0
1984 5.0616124889438741 4.4690901566432535 -14.752262495435982 0
1985 3.2556701060733824 5.3869865863870912 -15.541040850407112 0
1986 3.063341553413411 5.7848782602604185 -15.119672224105535 0
1987 2.8248921943168401 6.1494778500263108 -14.724660439211977 0
1988 2.599006359174775 6.5053719828755323 -14.272393115295998 0
1989 2.4929067357279209 6.0184223390124849 -15.174189738663195 0
1990 4.3884919136468303 4.3036568855154842 -15.775889976240519 0
1991 3.9086196820863521 4.6533008392325943 -15.883259549652196 0
1992 3.5655119978598964 4.5304963160709582 -16.34156997637432 0
1993 3.4203586376984831 4.9691412957620562 -15.951022734893652 0
1994 2.906341058029231 5.2551692632008278 -15.992045231242036 0
1995 4.8284904878741886 3.9358001948215073 -15.645466619433433 0
1996 4.4889991751470175 3.8396308748852901 -16.13767283720388 0
1997 5.1526747603353407 4.0129557469551971 -15.145445386277995 0
1998 5.239452550175641 3.5378287892843145 -15.496051681918079 0
1999 5.4798651869208035 4.0768321094205655 -14.608287714139651 0
2000 3.6927006897141759 4.0895709077854034 -16.690041510599027 0
2001 3.2087185219548107 4.4109652726007278 -16.762757626449719 0
2002 4.1441546160143536 3.768255718573966 -16.568190167667861 0
2003 3.794674431624327 3.6566942261014379 -16.997533149815943 0
2004 4.5784319564024383 3.3955399589650792 -16.432683190235775 0
2005 2.8774067776235723 4.252272629829859 -17.162599770161375 0
2006 2.7409998140976204 4.6806365068511102 -16.802209605864274 0
2007 2.2024343430305668 4.903778570402654 -16.864428682537604 0
2008 2.5387289546029783 5.0714018387484998 -16.472490848077445 0
2009 2.3663443556778021 5.4757222465776589 -16.052025450850287 0
2010 2.9809242985369662 3.830447915857182 -17.486195594273475 0
2011 2.5159798562560352 4.1044135403917901 -17.529818578908611 0
2012 3.4220305615182438 3.5127106022754964 -17.429924963773814 0
2013 3.0650328318916076 3.3706304355669343 -17.803867468194245 0
2014 3.8702409390836232 3.1879311218009243 -17.304141728048137 0
2015 2.1700251799927814 3.889571008889622 -17.9066722854921 0
2016 2.0618425848919277 4.3041790132138011 -17.575306333300254 0
2017 2.0205609022380782 4.6429107206771612 -17.246531672213742 0
2018 1.8135159000129262 5.0235736311937034 -16.908562097632736 0
2019 1.6733149254518354 4.4252924236492897 -17.620079923252597 0
2020 -5.5967436614001125 -3.286899271419327 -15.214828762509388 0
2021 -5.9442576889796541 -3.1921020575804486 -14.761610343183692 0
2022 -5.9790813390314881 -3.6029016904424664 -14.320570624140958 0
2023 -6.285454450163976 -3.0914685703359317 -14.273876058525795 0
2024 -6.6257995043937834 -2.9952048852048279 -13.729898560910087 0
2025 -5.2206260827121946 -3.3694300156585251 -15.670610029489534 0
2026 -5.248561544940844 -3.7782297874260276 -15.254845968724146 0
2027 -5.1628438559304071 -2.9493643573003787 -16.080583721639936 0
2028 -4.8151807257869486 -3.4412211130710659 -16.121046098682775 0
2029 -5.087963098399567 -2.4880079426227599 -16.483015256532447 0
2030 -6.04821377600536 6.8716071875424856 -8.0498757207433602 0
2031 -5.4330820232067225 7.3235900008229731 -8.2089339695124171 0
2032 -4.9437251034604683 7.6081088756881714 -8.4086292431262919 0
2033 -5.4286211841493239 7.1254663423169369 -8.8899497059350487 0
2034 -3.7244899224844583 8.3319876230711092 -8.1746332190017039 0
2035 -4.4669334986083831 7.927058032263937 -8.2965670182624454 0
2036 -4.4687680413163537 7.7375734281191688 -8.979993237719901 0
2037 6.7432964044589472 4.0188377557357571 -12.389817867052571 0
2038 6.4361368488444315 4.0635211561664759 -12.97134353509062 0
2039 6.498358354287924 3.6289765127323657 -13.356926019005 0
2040 6.1128801915980757 4.1167092677179786 -13.518195229874845 0
2041 5.7949942753666042 4.1165923013057508 -14.067225621749087 0
2042 -9.0663122809183161 4.1827233985665684 -1.107802502169811 0
2043 -8.6841195082668268 4.9240967281961874 -1.1650575565303654 0
2044 -9.3853735883966287 3.4183029945096881 -0.95909800115119492 0
2045 -9.2219085262347527 3.8654590394014998 -0.24190534072680256 0
2046 -9.6353370198899508 2.6400420078499196 -0.87283150705278445 0
2047 -3.0804455842262448 1.6337012009491585 -18.744799320199537 0
2048 -3.4344518025803801 1.8356161939507165 -18.421189321458943 0
2049 -3.8223995067799486 1.5258562407508147 -18.227564263294219 0
2050 -3.7799112665228787 2.0302087605288959 -18.065494535814416 0
2051 -4.1360249123090549 2.2122326110546662 -17.66344528107075 0
2052 -2.7034325255072118 1.4181694133292901 -19.045235424654315 0
2053 -3.1004546816448819 1.1156833479510637 -18.883053930354702 0
2054 -2.2809638496372382 1.6983853204935624 -19.174221363046797 0
2055 -2.3040340611705434 1.1816702090553342 -19.317875924852306 0
2056 -1.8336765589867421 1.9399908278948172 -19.274238336671722 0
2057 -4.8731329324581631 -4.2342583236701374 -15.273982044119588 0
2058 -5.2635622474512553 -4.1620107865704714 -14.828699023134419 0
2059 -5.6300581452634422 -4.1050396024992137 -14.345883750102791 0
2060 -5.9854167245401637 -4.0129511960516231 -13.866651986936537 0
2061 -5.2545044078717549 -4.5609228391519245 -14.364980512755128 0
2062 -4.4116326190586461 -3.4884383255883464 -16.537024603358866 0
2063 -4.4566159972765087 -3.8993237550906499 -16.116308275260163 0
2064 -4.0653771989764973 -4.326456684653408 -16.094033774770054 0
2065 -4.48018702792701 -4.2891361133717574 -15.688369653442614 0
2066 -4.4832222224840699 -4.6624779769939524 -15.252805331200083 0
2067 -4.3687412168086244 -3.0834320807120172 -16.900478902586574 0
2068 -4.0106257993821455 -3.541884285775553 -16.896145880467124 0
2069 -4.6735516606226088 -2.6052004888824394 -16.896253464980731 0
2070 -4.2840679529360237 -2.6669073295900474 -17.266657704374104 0
2071 -4.9882632105499951 -2.0631198444336292 -16.83576747876706 0
2072 -3.6344051140797569 -4.3461089571581031 -16.480586931206187 0
2073 -3.6488672698311335 -4.726201784024977 -16.043538804619658 0
2074 -3.6358233071211115 -3.9906512582185973 -16.835140797115208 0
2075 -3.2167397943722107 -4.3871376250115901 -16.781610000772854 0
2076 -3.6054783765894838 -3.596881811528478 -17.211968732232961 0
2077 -3.2084764900168272 -5.0960549958063392 -15.966953634645094 0
2078 -3.6496489720482579 -5.0896499775533099 -15.591731845669829 0
2079 -3.6655196079459516 -5.422355329973505 -15.121114863563692 0
2080 -4.101571711067713 -5.0466430069279431 -15.193222681129159 0
2081 -4.5053616414748685 -5.0029290402652524 -14.788159790534786 0
2082 -2.7510415576285254 -5.0796675633797257 -16.325286863482518 0
2083 -2.7459819372218552 -5.433796977878198 -15.866119072243603 0
2084 -2.7554485907987032 -4.7152087307431536 -16.754021569639807 0
2085 -2.2894596021777032 -5.0466589195049334 -16.648075982548566 0
2086 -2.7645619188653421 -4.3699243049634147 -17.118523179953296 0
2087 -2.2614533524955198 -5.7543290897712209 -15.71922713890215 0
2088 -2.7269333185835247 -5.7866213426716842 -15.372553218322011 0
2089 -2.7426348929151918 -6.0919211941773002 -14.881727051400658 0
2090 -3.2224431912361919 -5.7618134737569635 -15.022298808489756 0
2091 -3.6847301610753518 -5.7341145775271753 -14.634574630217577 0
2092 -1.7878095392537161 -5.6854518973439268 -16.059809933413508 0
2093 -1.7652778464419814 -6.0294336377045479 -15.560170196161488 0
2094 -1.8296531361695281 -5.3625007543759589 -16.479800370225643 0
2095 -1.3308915818555009 -5.6290407219841194 -16.314732991696879 0
2096 -1.8383286174245854 -5.007823449612518 -16.916530636258582 0
2097 -1.2619205300858667 -6.253098764149617 -15.402118350608575 0
2098 -1.740306521527073 -6.3385631729419032 -15.072352187200908 0
2099 -1.7409800875329122 -6.6189129592449527 -14.582040950807009 0
2100 -2.2404148763503207 -6.3814750632585273 -14.73191327680661 0
2101 -2.745023632248444 -6.3770555206124584 -14.394166616435104 0
2102 -0.76546141783184452 -6.1442248220020197 -15.705103648751262 0
2103 -0.73958818225478185 -6.4485890327758622 -15.214297066513707 0
2104 -0.81523714272469094 -5.8453203353610981 -16.1452926363242 0
2105 -0.29119624250014292 -6.0270218757929754 -15.948694248378665 0
2106 -0.85936366142322818 -5.5318827290596833 -16.572237938112821 0
2107 -0.22058175731757471 -6.6224137372417022 -14.979316403779059 0
2108 -0.71914314269899915 -6.7494441476158169 -14.687115011263936 0
2109 -0.71272873451860497 -7.026982864485511 -14.158182026406998 0
2110 -1.2299948106404326 -6.8378640180148809 -14.384815388031221 0
2111 -1.7350871927070937 -6.8996472466852552 -14.054798512253727 0
2112 0.29267543783648176 -6.4534067932089298 -15.266680300504373 0
2113 0.31318030298052607 -6.7525079949197151 -14.738460418425039 0
2114 0.25907588215785204 -6.1457656416951307 -15.768632707326752 0
2115 0.7921185695000833 -6.2588303361890416 -15.517679078348396 0
2116 0.20896949052642974 -5.8520338444321318 -16.212344881065167 0
2117 0.85241731087443151 -6.8447438881291065 -14.480727306878041 0
2118 0.34009125503391341 -7.0320749594761027 -14.203416448525138 0
2119 0.33683814414806917 -7.3060131738460194 -13.639459163505753 0
2120 -0.20331772844838367 -7.1935091580935548 -13.88698497064396 0
2121 -0.71601902186791599 -7.2999510317540048 -13.593826789291811 0
2122 1.3621546343904809 -6.6244361450828668 -14.732464900583086 0
2123 1.3891137925567285 -6.9047691655495953 -14.197820345645201 0
2124 1.3298103292468955 -6.3239746514792659 -15.262889516166455 0
2125 1.8626436572629581 -6.3648189513144056 -14.969253598365825 0
2126 1.2961280547027021 -6.0158010489151685 -15.764541199246331 0
2127 1.9267604343773261 -6.9385107892455515 -13.877270950160359 0
2128 1.420650252107976 -7.1767045559218827 -13.634759195262031 0
2129 1.4273275443292939 -7.4458846854248844 -13.041708067972396 0
2130 0.88573365533816895 -7.3920077725292135 -13.352707138654536 0
2131 0.34320860017798549 -7.572236473692441 -13.045066905653758 0
2132 2.4562593652776168 -6.6375307165224662 -14.129398560123741 0
2133 2.4887263727040767 -6.9126404098302601 -13.567850766601012 0
2134 2.9743148861241653 -6.2861033043274785 -14.371966630284565 0
2135 2.4214093104512373 -6.3366945236309737 -14.694635683193413 0
2136 2.3874245866990678 -6.0309603213823113 -15.222052613854277 0
2137 1.9751893910080827 -7.4516461283420385 -12.739167452799139 0
2138 1.4439764901936385 -7.6856246223118738 -12.465328886263933 0
2139 2.5041994956335789 -7.1810440229916024 -12.986391589032744 0
2140 2.5218700965508756 -7.4247913184040124 -12.411711420150706 0
2141 3.0270553509745137 -6.8616737603242202 -13.229417086026828 0
2142 1.4489890783652848 -7.9104181534810039 -11.887088001332584 0
2143 0.89671902978674589 -7.8808658803526601 -12.179958613642595 0
2144 0.33304374310105606 -8.0246340679491173 -11.915423608196502 0
2145 0.32827564145426952 -7.8015976266780589 -12.494368263283908 0
2146 -0.22148284222175549 -7.6925516265607792 -12.771154187981356 0
2147 3.0660076791444153 -7.3759225622159299 -12.032516489516471 0
2148 2.543446693088145 -7.6655519491406832 -11.793250991044738 0
2149 2.5569269479359611 -7.8880710982535636 -11.178632999041643 0
2150 2.005284672451872 -7.9141535015683795 -11.549027272639458 0
2151 1.461846896622564 -8.1302715720448049 -11.271501730583209 0
2152 3.5747844257818793 -7.034575819606097 -12.285871454219357 0
2153 3.5985548426509437 -7.2805161734858315 -11.669530803257622 0
2154 3.5440527282500507 -6.7806660920850943 -12.878238638421141 0
2155 4.0648142941738854 -6.6620540580621173 -12.505090240592065 0
2156 3.525160302067067 -6.5044514470956223 -13.45590669068511 0
2157 4.114010893805756 -7.1545670895350408 -11.293729964363338 0
2158 3.6133811835399623 -7.5122922309486597 -11.04698001433291 0
2159 3.6045979508822197 -7.7368510854787518 -10.420750240481144 0
2160 3.0773719685207794 -7.8381893420444495 -10.787505662686501 0
2161 2.545226986825023 -8.105346011327148 -10.549916705301641 0
2162 1.226354112192902 -5.6859792293059952 -16.268459766727563 0
2163 1.7605644070342206 -5.7341157254478103 -16.00254102520676 0
2164 0.6976972196775032 -5.613321099318787 -16.492888749469788 0
2165 1.1652291956524559 -5.345722113535416 -16.741026970464812 0
2166 0.14777695423434076 -5.5118661179617048 -16.685022489581844 0
2167 -4.1739104404573002 -2.2420263132083091 -17.612698787627416 0
2168 -3.8710706289148531 -2.721695920078719 -17.618987882915366 0
2169 -3.5776360847651691 -3.1739651570456635 -17.564334912184552 0
2170 -3.2038051581452951 -3.6238604791815354 -17.50465854977671 0
2171 -3.4780767277323728 -2.7566788949487928 -17.922466766173716 0
2172 4.6078050379945026 -6.7569296096493598 -11.508611555192251 0
2173 4.6269616114687961 -6.9963152302199001 -10.889040259891985 0
2174 4.527482764577595 -6.2525946688468048 -12.713293786200536 0
2175 4.5627243356533969 -6.5139166034849536 -12.124427758814726 0
2176 5.0604480319544312 -6.333224528748902 -11.710189201604177 0
2177 4.1455231109948496 -7.6014353336328169 -10.006561648199856 0
2178 3.6179485987285829 -7.9454077329967312 -9.7531418308960411 0
2179 4.6783646490571948 -7.2033483643454836 -10.24200694245677 0
2180 4.6951109178088357 -7.4181544680540208 -9.5764122211948237 0
2181 5.1601534753383111 -6.7876810924133677 -10.449918946795322 0
2182 3.5992235796599386 -8.1525984495286004 -9.0731974836578431 0
2183 3.0463698637386289 -8.2616715942288081 -9.4793276391140502 0
2184 2.4869517532790342 -8.5227819941612921 -9.2037509868232252 0
2185 2.5084859308607195 -8.3231657540544806 -9.8858302969874021 0
2186 1.9806303906953604 -8.3494037719535257 -10.269286228037888 0
2187 4.1489328824594232 -8.0025405163450145 -8.6592612204744963 0
2188 3.5862627125235504 -8.3388471375382895 -8.3910304905971298 0
2189 4.7040203346423635 -7.6150936744160083 -8.9179686075115612 0
2190 4.6952844972366652 -7.8094935585267899 -8.2379885528780807 0
2191 5.2239883180051301 -7.1967851539718204 -9.1468529016086624 0
2192 3.53201308143516 -8.5225732929147782 -7.7176753130632738 0
2193 2.9692419173363813 -8.6419915232470963 -8.1239362253670802 0
2194 2.3713141645145184 -8.8805210030097808 -7.8773639875976125 0
2195 2.4291079192987226 -8.7069348390533907 -8.5530627087327069 0
2196 1.8835329010324227 -8.7416359052287103 -8.9523417073176077 0
2197 5.2260898335751111 -7.5882735989784633 -7.7733104501104977 0
2198 4.6830265611273552 -7.9957541308230233 -7.5198877936315522 0
2199 4.620130310442609 -8.192593007607428 -6.7928832541804507 0
2200 4.0715817869029811 -8.3833136757826896 -7.2504547625634705 0
2201 3.4627605757822413 -8.7064133722994619 -6.9878910653940078 0
2202 5.74968945691435 -7.1294788784726375 -8.0278520341273101 0
2203 5.7434180647901298 -7.3244075187645592 -7.3119637395456296 0
2204 5.7456042279385713 -6.9241677492913123 -8.7278709971145823 0
2205 6.24099104912138 -6.6330909775675364 -8.2588461199126098 0
2206 5.7307047837478233 -6.7190348186032329 -9.3837292774093157 0
2207 6.2357766528482372 -7.0288632952012984 -6.8440252229706964 0
2208 5.7264594829505286 -7.505819590636766 -6.5940379322352216 0
2209 5.6804508176139175 -7.690472017264252 -5.8614396389777284 0
2210 5.1661146843404389 -7.9571339269237082 -6.3230621496998438 0
2211 4.5662373367936997 -8.3651115242246661 -6.057849708058078 0
2212 2.7322546189882533 -9.0144651518385199 -6.7154159136441587 0
2213 1.9461606803856519 -9.2658353533600568 -6.4363821547648179 0
2214 2.1310978557542692 -9.0879880441447671 -7.1740909497109904 0
2215 1.5811625610112394 -9.1147553351384829 -7.5950405229257099 0
2216 3.2860927180971067 -8.9117440310035896 -6.2553698448424289 0
2217 -2.3531657436499365 -6.8919919446005435 -13.705919599716557 0
2218 -2.9646764936901735 -6.8065878417408481 -13.398664894746277 0
2219 -2.8539444941234113 -6.5798647994644153 -13.93705564963156 0
2220 -3.3459964937400657 -6.2676518082801529 -14.074210212163482 0
2221 -1.8481398968122213 -7.1335043820680779 -13.519984342125023 0
2222 6.722443152939138 -6.5017149933152831 -7.0813728050995524 0
2223 6.7139600373235488 -6.6926845710623768 -6.3657564670621554 0
2224 6.6914378884936569 -6.0989958714672872 -8.491621363263075 0
2225 6.7043654469869027 -6.3136951665753793 -7.7945461181035487 0
2226 7.1564402711149455 -5.9521875511280005 -7.3093983342436752 0
2227 6.1994869619050803 -7.37508687134018 -5.3570346459042488 0
2228 5.6536443459956516 -7.8460129183796079 -5.089749264398634 0
2229 6.7271661252119968 -6.8440148502263103 -5.6230584751296622 0
2230 6.7078079327036448 -7.0083910667265528 -4.8529444232488093 0
2231 7.194704443962439 -6.2978740630067094 -5.8559406590348813 0
2232 6.6685069358159348 -5.8768013220504072 -9.1638903241191922 0
2233 7.1058631911076393 -5.5337087686027946 -8.6913233914174679 0
2234 6.223466443680981 -6.1825559086141935 -9.6009307593038002 0
2235 6.6528429740211958 -5.6304142398150017 -9.8057362499926928 0
2236 5.7270012664954395 -6.4845876425981084 -10.030270105839325 0
2237 4.4812818852290279 -5.9800881189312296 -13.290095372861051 0
2238 4.9639234306027129 -5.8108207160395855 -12.898655244816577 0
2239 3.9862459629791203 -6.118691700890988 -13.663301942368154 0
2240 4.4318657453565713 -5.6890458573416209 -13.855442720923667 0
2241 3.480849550194189 -6.2212609036179582 -14.02563355831423 0
2242 1.4117607476453122 -8.5534129921825688 -9.9691640124075391 0
2243 1.4503900684293254 -8.3436622672230474 -10.635726325911154 0
2244 1.3285094194149247 -8.904912979681221 -8.7034677104773994 0
2245 1.3880838763876289 -8.7286348426027143 -9.3561010974902512 0
2246 0.85398463756476806 -8.699019974558091 -9.7155054878359746 0
2247 5.3680825801670364 -5.3459727947256575 -13.054388425439214 0
2248 5.4212138390044533 -5.6266686363313063 -12.482153751450451 0
2249 5.8818142580301203 -5.3929857854157079 -12.053209589538826 0
2250 5.4887910046313459 -5.8692461775028564 -11.903801513020303 0
2251 5.539331193541237 -6.1190918825746019 -11.291151307261909 0
2252 5.3011638166678532 -5.0483033562006607 -13.625314001904636 0
2253 5.7411059169567675 -4.8468230568155279 -13.198183072863534 0
2254 4.847546617638578 -5.2327776932936105 -14.017036691453661 0
2255 5.2291694800192241 -4.7417673390051993 -14.166358607910359 0
2256 4.3678930214987446 -5.3911728847142699 -14.402328350633335 0
2257 -2.7863850018785312 -3.9762481547215831 -17.484336902883062 0
2258 -2.3211451067756665 -4.2985346356712189 -17.451061329240261 0
2259 -1.8401303055485498 -4.5950581072764818 -17.378073707906118 0
2260 -1.3786644653187037 -4.907343644397244 -17.206657159118556 0
2261 -1.8665976906891915 -4.210110315248432 -17.752834612483998 0
2262 5.5810022394074368 -8.0124314966171948 -4.3143275331137332 0
2263 5.03887948656444 -8.2956065857102743 -4.8135662018924563 0
2264 4.3826717652528107 -8.6967984401944083 -4.542195543429572 0
2265 4.463638913092546 -8.5440805529949166 -5.3196297455593733 0
2266 3.8979934336367332 -8.7432851841193528 -5.7829443644164016 0
2267 6.1160062085066063 -7.680657215666991 -3.7957728029644575 0
2268 5.5167696284996159 -8.1524934233277335 -3.5225580754117658 0
2269 6.6802994795901522 -7.1557598750330653 -4.0834786512748078 0
2270 6.6251914897112432 -7.3072344612936533 -3.2931214689653423 0
2271 7.1879975994526148 -6.6038627355867963 -4.3458888526014769 0
2272 5.432842671742562 -8.2849137769289722 -2.7161916080759529 0
2273 4.8738131476441149 -8.5811556579494468 -3.2309212159342384 0
2274 4.1934994268366843 -8.9566614546932755 -2.9616064175592718 0
2275 4.2846344089091231 -8.8368673619349885 -3.7691819852907629 0
2276 3.6895745987554167 -9.045916987200739 -4.2700937417775195 0
2277 5.9714339406159773 -7.9468530893527944 -2.1812864727984871 0
2278 5.3440187375745509 -8.399222632482946 -1.891584417823595 0
2279 7.107066114665523 -6.8980917727196163 -2.7611165400330302 0
2280 6.5617080778357515 -7.4438996517894855 -2.4757585305141019 0
2281 6.481746689065103 -7.5699877235585467 -1.6519633457996183 0
2282 4.1058814990422183 -9.0554487678616677 -2.1359632285743264 0
2283 3.4984958036539839 -9.2723768754375691 -2.6709954636172846 0
2284 4.6828397174588696 -8.8001153073779239 -1.5861686637206931 0
2285 3.9997944787553394 -9.1422647173816607 -1.2971352512929208 0
2286 5.2444177333258573 -8.498160068234613 -1.0532959565856239 0
2287 7.6217305772088677 -6.2926534104093745 -3.0408788630279964 0
2288 7.5691020458552218 -6.4398408152064297 -2.2245399472534508 0
2289 7.6535082247126756 -6.1409574815447545 -3.8535454138312075 0
2290 8.0803436443550432 -5.6536087431536037 -3.3134602870522709 0
2291 7.6710924092621662 -5.9845337594534289 -4.6215568504660833 0
2292 7.4705077757362526 -4.941638170472384 -8.8930817526422139 0
2293 7.5052750326938504 -5.1730454171056923 -8.2244629724217422 0
2294 7.9030416017055325 -4.7539356830985273 -7.7309841450294394 0
2295 7.5563333115359139 -5.3582911776446362 -7.5340673053930995 0
2296 7.5837429256019373 -5.5540613069230202 -6.8232679083626877 0
2297 6.1213738453918705 -4.2773698760224175 -13.301562192261223 0
2298 6.199113971714393 -4.5841845126789753 -12.736755995057704 0
2299 6.5609485823140901 -4.346160532115686 -12.339342337306409 0
2300 6.1897810147991574 -4.9221329430730423 -12.240787275260852 0
2301 6.2640819255217481 -5.1708206999370159 -11.666000329068156 0
2302 7.9813974511191477 -5.9638122707700605 -1.7090791980258822 0
2303 7.4889606368580139 -6.5881358521450339 -1.4309920660469855 0
2304 7.3895293585369046 -6.7313090061586891 -0.58080951413684512 0
2305 6.9423031378527469 -7.1766890465111057 -1.0946441830063518 0
2306 6.3687405559692465 -7.6992618102494754 -0.80127725036067154 0
2307 5.1277589140970452 -4.4322582731777214 -14.705260979492461 0
2308 5.5639218424975789 -4.2318472803013174 -14.301642189173188 0
2309 5.8576527009560762 -3.6991201722671376 -14.422817309542294 0
2310 5.9692494127328626 -4.0163888255165645 -13.890526592012844 0
2311 6.4049986926009996 -3.7378944875681523 -13.417024490934947 0
2312 4.6840712387959016 -4.6101462599878706 -15.073954768594049 0
2313 5.0263568218019419 -4.106658338454503 -15.214610660957073 0
2314 4.3094364542174288 -5.0837988067748761 -14.910901668148203 0
2315 4.2165800519490881 -4.7666460846510956 -15.42718869647809 0
2316 3.8850456285845949 -5.5293533664827113 -14.742139846356364 0
2317 8.4542976097267584 5.2819865231146013 -1.5817336005840079 0
2318 8.7084181461821988 4.7884233903563453 -2.2221204521202824 0
2319 8.1593878043303238 5.7631295134041576 -0.91810428661572474 0
2320 8.6152974151138615 5.0629981425286088 -0.75551375337395188 0
2321 7.8247766749152037 6.2254555838707404 -0.25747047174881155 0
2322 7.4132730779287428 -4.69973180529602 -9.5824638231189478 0
2323 7.784546618518708 -4.3203775679119349 -9.1071777439099595 0
2324 7.0119047674533022 -5.0383003194283829 -10.089345156830237 0
2325 7.3387864528595914 -4.4250120501760781 -10.307566493624183 0
2326 6.5922097015193755 -5.3657927623316182 -10.535851039741097 0
2327 2.7130736353053564 -9.5550392593036459 -2.3155614460229494 0
2328 2.8053336737547827 -9.4689864504022676 -3.142227605375326 0
2329 2.1495294623836929 -9.5954414200035405 -3.6370466291346064 0
2330 2.9448052488414751 -9.3454730575825717 -3.9951247171491056 0
2331 3.0489344358113595 -9.2204051439270991 -4.7699592400632973 0
2332 -0.73114217121671898 4.3357996149474696 -17.962880929794071 0
2333 -0.36056252864469718 4.0757784051064769 -18.249167110353834 0
2334 -1.0947734406844822 4.5699236009189095 -17.654151851090006 0
2335 -0.58251133237010766 4.7107724408400271 -17.603329634848343 0
2336 -1.4686712969647795 4.7988403358540275 -17.299033042624348 0
2337 -0.030608196002720835 4.2071275834851676 -18.143774759913182 0
2338 -0.1730619537507756 3.8121247066144082 -18.48650911139082 0
2339 -0.15420471757766874 3.4753955476730543 -18.750770298021479 0
2340 -0.29063714655145512 3.0501231892897178 -19.038096394251347 0
2341 0.17552246761749266 3.6097466504356253 -18.648208598471886 0
2342 -7.8124197275358425 1.8675695099341634 -11.912729683220899 0
2343 -7.6158977314656378 1.7084216286200882 -12.502703272927763 0
2344 -7.3537484841332628 2.0911648006987891 -12.891766831342576 0
2345 -7.4002677207039005 1.4970895360303467 -13.114078020664103 0
2346 -7.1764174335193722 1.3287357752069291 -13.672380050242088 0
2347 -7.9936787061788248 2.0412462878130544 -11.302108535113733 0
2348 -7.7374357784149232 2.4726798011031614 -11.664980441667455 0
2349 -8.2418064576932846 1.5989533751380498 -10.865721221908819 0
2350 -8.1802362994848234 2.207542646524034 -10.622709550461877 0
2351 -8.4585454415605419 1.1446615154057107 -10.419742612599308 0
2352 3.134990920817788 2.8940931787211386 -18.088234474295142 0
2353 2.6984697657402719 3.2171141188451733 -18.151411809521885 0
2354 2.3005767813089797 3.0055415451011096 -18.512057313434749 0
2355 2.2246305921538072 3.4754446191173747 -18.217826810890639 0
2356 1.769540580810846 3.6739570853821282 -18.261518608005638 0
2357 8.2024790632186342 -4.0900132362784793 -7.9977819286416683 0
2358 8.2647627975226765 -4.2818574880097513 -7.3101005063022066 0
2359 8.0335607186939786 -3.6853745220412613 -9.3551946663543344 0
2360 8.1064428872806147 -3.9359168290111266 -8.6704423025274817 0
2361 8.4343903172893349 -3.4468850039561638 -8.2413697272038462 0
2362 8.6116301762781013 -3.7390738200377585 -6.8874240976796619 0
2363 8.3379033922934465 -4.4161770914259399 -6.6262348035505374 0
2364 8.0324816449492076 -5.0481568649557946 -6.3230849718641826 0
2365 7.6579980315705063 -5.6604290636033205 -6.1039688611188021 0
2366 8.4147771946915757 -4.5240414550015551 -5.907477863564421 0
2367 -3.1008702165686 0.59868290495301346 -18.976425657042451 0
2368 -3.4797600194649907 0.81504657296432004 -18.679075918345863 0
2369 -3.8682125309372766 0.48019030664343049 -18.418072546811786 0
2370 -3.8726241033371771 0.99822192204741877 -18.330994031813532 0
2371 -4.218405273093027 1.1931994142035005 -17.975687147910133 0
2372 -2.7049599325494684 0.37990360054139249 -19.239424629400705 0
2373 -3.0793132759585582 0.07824667892133122 -19.027528184789862 0
2374 -2.3215656940853049 0.67926985346403501 -19.406073811487079 0
2375 -2.3017609346658388 0.15889604629998963 -19.460385263002014 0
2376 -1.9017308840946692 0.96085630708946412 -19.540744591914287 0
2377 -3.0988595751506831 -0.45360033717703307 -18.99382173946147 0
2378 -3.495656917956087 -0.23430913961776023 -18.732376457784241 0
2379 -3.8215209616466179 -0.53448040691237841 -18.451049643239521 0
2380 -3.8080561029314466 -0.0037194956086179219 -18.493100863000667 0
2381 -4.2012202415310211 0.17940691987494015 -18.145805205529019 0
2382 -2.6095299972259194 -0.65665415295990137 -19.262311233803548 0
2383 -3.0243242835687734 -0.96947850088792231 -18.96455367933897 0
2384 -2.2480226994480348 -0.35247206754791016 -19.475333874864884 0
2385 -2.1728810729589538 -0.86796175313747836 -19.444817328827472 0
2386 -1.8673055509608816 -0.052767332873730741 -19.647939900959802 0
2387 -8.6886213073845298 -2.4893625537589776 -8.5582553953025169 0
2388 -8.8819027053234905 -1.8353369655502441 -8.4245694385059409 0
2389 -8.238341001029104 -3.6564978494165499 -8.6625079573931529 0
2390 -8.5073908463601136 -3.044582709402174 -8.5685044466061733 0
2391 -8.6786917210092653 -2.9219509264558758 -8.0355492146010548 0
2392 -7.6047753869924071 3.0658531718630386 -11.448656801908569 0
2393 -7.4324939582043061 2.8949827513427233 -12.062687665803935 0
2394 -7.1343836971579861 3.2445148237263228 -12.421544641524489 0
2395 -7.2791728526637813 2.6560030481696182 -12.642672247457231 0
2396 -7.0750709974905739 2.4479791855158122 -13.259075124268518 0
2397 -7.7504815196263701 3.2322312245606937 -10.859598063446908 0
2398 -7.4218327980103052 3.644885332093001 -11.248325890419752 0
2399 -8.336558771564869 2.3795066933489308 -9.9678956143315407 0
2400 -8.0653572107166891 2.8154729542176651 -10.396754321923574 0
2401 -7.899698162840985 3.40177698411755 -10.202486419757655 0
2402 -7.1036429787804813 4.3045042930064756 -11.1372347055293 0
2403 -6.9622109402797125 4.1400676868614656 -11.728164114004377 0
2404 -6.6427325192901412 4.3972140240538584 -12.08943563675812 0
2405 -6.9784834821487696 3.7478026197908405 -12.207332847508615 0
2406 -6.8367612643472908 3.5140125749032376 -12.792249378079262 0
2407 -8.6007554953991594 1.9106425264406037 -9.4607505081822811 0
2408 -8.502352854756726 2.5233110400376564 -9.239674740689571 0
2409 -8.59894740235565 1.3277007687339701 -9.8580554350691774 0
2410 -8.77378019266866 1.4732595333990202 -9.132423003340131 0
2411 -8.6070341579139136 0.70374672117800774 -10.084384672737215 0
2412 1.85503241123763 5.6619814873865568 -16.062480554353964 0
2413 2.226914254242228 5.8552867222486533 -15.589287386472979 0
2414 1.4977278774231386 5.481219860272426 -16.457586706263431 0
2415 1.3557647418245831 5.852392764173441 -15.988921276768568 0
2416 1.0599599520126171 5.4141629881760611 -16.680926117886123 0
2417 1.5603847336024914 5.2295895372032373 -16.759068322017747 0
2418 1.3781669473392806 4.9662243968751687 -17.139109790784747 0
2419 5.6210185990654438 3.1372947356386649 -15.305101326119244 0
2420 5.3031320134587485 3.0642937955087044 -15.809730469889212 0
2421 5.3511256146472483 2.5968147807248654 -16.077562955979982 0
2422 4.9774136003693741 3.0019114221389183 -16.274382527701608 0
2423 4.6414591172554003 2.9371084571068571 -16.712899350386586 0
2424 3.8780547962683709 -9.2140839446762897 -0.4953708009096856 0
2425 3.284307710613537 -9.430850998546239 -1.0437860034007693 0
2426 2.6968372550374742 -9.6218812400809668 -0.76542856392969216 0
2427 2.8225635733364234 -9.5613296861419617 -1.5673027880722765 0
2428 2.1182838026916238 -9.7199120024808714 -2.0358628591165653 0
2429 -9.9736883162350551 -0.64633050560754191 -0.65665287060191369 0
2430 -9.9911562490644226 0.20094102121540403 -0.7387002444126306 0
2431 -9.9756052040527088 0.69800887885831042 0.018375844088810576 0
2432 -9.9372946000351909 1.0491471343990908 -0.77321749202560064 0
2433 -9.8159215996565496 1.8637916028838948 -0.83417986169770153 0
2434 -9.6432028171125435 -2.4572987790049381 -1.9700986155353419 0
2435 -9.7805721982340366 -1.9825371858075265 -1.2805526650969672 0
2436 -9.7189380654299988 -2.3418688415743998 -0.48122015418625935 0
2437 -9.8822132962746849 -1.5037981480153157 -0.5672794618439938 0
2438 -9.9484900178313929 -1.0111842230542927 0.14216655239925269 0
2439 -9.4689400806749511 -2.9243263511810533 -2.6739402688733005 0
2440 -9.4000950126335532 -3.2770814757585063 -1.8962602719059702 0
2441 -9.5098579704341475 -2.5663375447093442 -3.4505147377081875 0
2442 -9.2576313931337388 -3.3833229812846932 -3.3760252328296008 0
2443 -9.530999716740947 -2.1823939035976285 -4.1939009282642381 0
2444 -9.085154121931641 -4.0779476223126156 -1.8224354808040477 0
2445 -9.302588253007098 -3.6259921795753769 -1.1207720708021722 0
2446 -9.177938926394793 -3.9671409660703958 -0.33002799089321033 0
2447 -9.4844548062985492 -3.1629724526962173 -0.40359529613320322 0
2448 -9.6288862922923002 -2.6945605745112657 0.30914126476371118 0
2449 -8.8313241367624258 -4.5188142479138254 -2.520342662646069 0
2450 -8.7001515457756504 -4.8525990714376963 -1.7431526983252184 0
2451 -9.0213236625506568 -3.8070318173626445 -4.0606541921676191 0
2452 -8.9476562070011845 -4.153070538571316 -3.2811299900882616 0
2453 -8.5552674185617423 -4.923944598126174 -3.2013553326552047 0
2454 -8.7988770911059131 -4.7496394665101995 -0.28765864339690705 0
2455 -9.0233085700215465 -4.3050974843488365 0.4291298191878577 0
2456 -8.5302277935913811 -5.1959471750985067 -0.974364907058893 0
2457 -8.3409822613655606 -5.5151128097081541 -0.21490101701139497 0
2458 -8.2338821644413027 -5.6130041966013833 -1.670171716956941 0
2459 -8.4375981053763436 5.3625741760989269 -0.44603326327279841 0
2460 -8.2241345927125113 5.6560733805916774 -1.2205639914590356 0
2461 -7.7034679966849637 6.3435388931044931 -1.2901087329696681 0
2462 -7.9881067827624488 5.9312363423052776 -2.0105576131030518 0
2463 -7.7573357253881161 6.1588715957581348 -2.7510311598241555 0
2464 -8.6106756824146693 5.0793967793958892 0.47325532109153723 0
2465 -8.1400159380396779 5.8048685506164359 0.41781162513371489 0
2466 -9.0526223677259878 4.2436295160399631 0.40810193795950883 0
2467 -8.7979581266113769 4.7107369746480039 1.2726192801886698 0
2468 -9.3711450346638632 3.4791031085394 0.55671285038632023 0
2469 8.441236484908087 -5.2721505677116065 -1.9493126965520013 0
2470 8.3762346305257456 -5.4317870072879062 -1.1565177419121846 0
2471 8.4759356782981659 -5.1154750037892329 -2.8216519012519159 0
2472 8.8288624280876746 -4.5570581194842186 -2.2666358521338976 0
2473 8.4943021811688677 -4.9545141095561984 -3.6329714522403167 0
2474 6.1901845973729719 7.8537602397469044 0.016093106233423318 0
2475 6.8058499968541257 7.3260168168854847 0.19883077258589849 0
2476 4.827472083561843 8.7561185876556706 -0.32187302677878793 0
2477 5.5261366869641559 8.3339521107489762 -0.16799443718758467 0
2478 5.6499541458940303 8.2448129883982091 0.63585198162795309 0
2479 -4.4939435298888553 -5.3571986772853926 -14.29753739386776 0
2480 -4.8743018844278385 -4.9716695383153819 -14.355999880363633 0
2481 -4.1361102530585603 -5.6286900849303372 -14.312294002339494 0
2482 -4.5124060511800792 -5.606336351419011 -13.886278744722233 0
2483 -3.7004350595302986 -5.9791649707446135 -14.220600074936298 0
2484 8.7342040871917348 4.5163938718727543 -3.6419035447927119 0
2485 8.5356821164688856 4.7190444416040984 -4.4148614314647325 0
2486 8.9056831062473503 4.3232320962370618 -2.8273469211727003 0
2487 9.0817724285315773 3.8159258352001872 -3.4409996086110972 0
2488 9.0675407647133621 4.0935801204472124 -2.022183253556245 0
2489 -8.575382744823175 2.8071477348800777 -8.6215386966240608 0
2490 -8.2788993300374223 3.2658937456297479 -9.1200359484735429 0
2491 -8.0684438324125693 3.7898251830819039 -9.0636503032457707 0
2492 -8.0128687762723008 3.5125274094763741 -9.6862965413862057 0
2493 -7.6760516050437175 3.9196638602161213 -10.141886802685466 0
2494 4.8871983607044429 -3.8008784005805958 -15.705873495877604 0
2495 5.315192902471801 -3.6100655517853357 -15.325292965725147 0
2496 5.7129795119212163 -3.4295192949129309 -14.913116710089588 0
2497 6.1018463195802539 -3.2036352160789385 -14.491955409056947 0
2498 5.5667888179665219 -3.1188667159863757 -15.399160063337906 0
2499 3.7385918195667145 -4.891702441024794 -15.759971882607013 0
2500 4.1202282316865482 -4.4257839642307921 -15.92936353038259 0
2501 3.9904565425038419 -4.0954194730054878 -16.407778146052035 0
2502 4.4553181189276021 -3.9561526743910234 -16.062253450380386 0
2503 4.7504833966698339 -3.464332151967819 -16.177924494669419 0
2504 -2.8803846550654768 -1.46246465836483 -18.927713159480959 0
2505 -3.3701846155158171 -1.2599943209096327 -18.660575550461029 0
2506 -3.7515466973347573 -1.5334528109664289 -18.283809215177872 0
2507 -3.8874313337090367 -1.037505338558764 -18.309719855656908 0
2508 -4.2035415540700845 -0.80706079486337046 -18.075274966273746 0
2509 -1.79737619699472 -1.0283564968520222 -19.566493985572276 0
2510 -2.1559260557787461 -1.330929294940759 -19.347414303093093 0
2511 -2.4833244853196748 -1.5789706385627993 -19.114387379476049 0
2512 -2.8309389971882046 -1.8697864286894572 -18.813791016728953 0
2513 -2.1091023575463188 -1.7397527774992345 -19.23797780626397 0
2514 0.038626107356050217 9.9617980600153189 -1.7448065053816157 0
2515 0.50385675277367103 9.9124708611282433 -2.4405325648045695 0
2516 1.3170423536040246 9.8399595264511408 -2.4004965791407513 0
2517 0.93140324348350967 9.8308714413595819 -3.1536992256643175 0
2518 1.3637417621639571 9.7207887325912079 -3.8191490269209059 0
2519 -2.2507666401676119 9.7281140979192067 -1.0915047033781557 0
2520 -1.3409522866859376 9.8968395159471001 -1.0087904845303621 0
2521 -0.44538060429924098 9.9772576082471751 -1.0118631053415603 0
2522 0.40733772124370732 9.9802393793858997 -0.95686553079709302 0
2523 -0.97386181299370511 9.9518494828755522 -0.22167579373633481 0
2524 -3.5536783372657204 9.3066386320131862 -1.7410889102720344 0
2525 -4.0205917495150247 9.1485902151386949 -0.74334126536941647 0
2526 -3.1143814024165484 9.4903195664240751 -0.96842760685609297 0
2527 -2.7341146645834482 9.618854192450998 -0.095100479022258322 0
2528 -3.2317717602908367 9.3756864729082761 -2.5707232065015835 0
2529 -4.1356681049414963 9.0289209358811338 -2.3450680667110162 0
2530 6.7287504971948389 -3.4799350138897811 -13.055875159575342 0
2531 7.0904118060852959 -2.9737147421719152 -12.78797576668264 0
2532 6.9428685286383329 -3.5048069036961027 -12.571858281391419 0
2533 7.1812025632005039 -3.4609448733929957 -12.075129867561207 0
2534 6.8032785291224602 -3.959037306662518 -12.33554617512101 0
2535 6.5688388496072694 -3.2146421493982236 -13.640591192349776 0
2536 6.8087777560794569 -4.3072950715554787 -11.846983520689379 0
2537 -7.8207008538847127 6.2076143842791094 1.0993849373864026 0
2538 -7.6223421464769645 6.4723883817509744 0.17987593297563101 0
2539 -7.4183321713006762 6.6988453155746788 -0.61259851207301419 0
2540 -7.1546574161515881 6.9512544155726772 -1.4013412253814488 0
2541 -7.0674601457884494 7.0745902989688281 0.068678655433495855 0
2542 7.8226375661705436 3.794003210761062 -9.8816762029672169 0
2543 7.580267232679712 3.8483269087859222 -10.531842893677521 0
2544 7.6678618907043585 3.3243506566699073 -10.982274215586159 0
2545 7.3207468080933609 3.899589982081662 -11.171367712762699 0
2546 7.0532531600049069 3.9277804709799558 -11.802399829300693 0
2547 8.0450815864220004 3.7584911227090547 -9.1979142740799418 0
2548 8.1388574009223245 3.2325839949863862 -9.6559620800435546 0
2549 7.9247356420125037 4.2451366691462775 -8.7583970370122657 0
2550 8.2558150450327368 3.6907220866238655 -8.5369991030848507 0
2551 7.7653808180045036 4.7421986876175071 -8.2970868040599584 0
2552 -0.35657122334825847 5.0941433524599828 -17.19564601488036 0
2553 0.0085805700094614967 4.8475562143537179 -17.492984322007374 0
2554 0.52132711861887016 4.8927825247501611 -17.411363783562955 0
2555 0.29504359728425478 4.5211545046438202 -17.829426375611799 0
2556 0.48229583450721719 4.2592961710274064 -18.069398092408978 0
2557 -9.1256340691071731 1.1098264596317837 -7.8717439151058795 0
2558 -9.2050059805009479 0.37366221856561332 -7.7790080203990977 0
2559 -9.2434463406575453 -0.16437792434522572 -7.6240880491695773 0
2560 -9.186762007468916 -0.91337387027149386 -7.6861308839313898 0
2561 -9.0914074572081383 0.12040308655677806 -8.326298948216504 0
2562 4.4477873564262049 -8.9562666597560323 0.099501786067480877 0
2563 3.7433355516685149 -9.2712660668336273 0.35250228704992476 0
2564 5.1275930364717892 -8.5846854049211139 -0.20943878208610414 0
2565 4.999362992027117 -8.6547362914445589 0.63846503272187483 0
2566 5.7743163176802383 -8.1603426757356239 -0.51411468735921417 0
2567 -1.3821888230368429 2.1840649718809844 -19.32039484649054 0
2568 -1.4315156756527296 1.7075980789534722 -19.497166119322561 0
2569 -1.4727613318836039 1.2140734160005786 -19.632320270397905 0
2570 -1.4920411482063369 0.71229946953395207 -19.724750206556305 0
2571 -1.0215213080068177 1.4588488178164791 -19.680269748562239 0
2572 8.7213421658336188 -4.8841444612764748 -0.57731692452184247 0
2573 8.2879256613897496 -5.5930068192418609 -0.33801154531318195 0
2574 7.7993494142993578 -6.2575985590281391 -0.22457949788179529 0
2575 7.2722982719624856 -6.8637146966988274 0.11132665326697619 0
2576 8.1872900973191314 -5.7390709738866876 0.35409162108871578 0
2577 3.8393665336361593 7.3729635365736854 -11.117315019149089 0
2578 4.1066201404600049 7.4527930427984606 -10.505531282744933 0
2579 3.7974451184294802 7.1532238254505867 -11.732143789695412 0
2580 3.3989149938039374 7.5173546481269549 -11.302522896978152 0
2581 3.4939786664365156 7.054724922195871 -12.332553563740959 0
2582 0.7742070586589942 9.9695233409838124 -0.19191439655703932 0
2583 1.256378134510469 9.9100035317228716 -0.92378349057372078 0
2584 2.209644353742227 9.7408919649342369 -0.96435586264558137 0
2585 1.8476903833744953 9.7896596395730189 -1.7304385438384919 0
2586 2.2686417363376634 9.6624858788331398 -2.4410090647082647 0
2587 0.29207402913902047 9.9927414735464559 0.48912413298504126 0
2588 1.141708758171524 9.9311801814814391 0.5221544387045397 0
2589 -0.59497992748656259 9.9792533630488069 0.49193984171716465 0
2590 -0.22636952780940045 9.9792191752031734 1.2065512672683048 0
2591 -1.489116367335418 9.8854057903572059 0.49511535829925973 0
2592 3.5495843804310105 -9.3275983958987378 1.2591408039253893 0
2593 2.9635597149153439 -9.5450075436830417 0.66376142450338915 0
2594 2.2350113457674388 -9.7389187976683171 0.79544939930442204 0
2595 2.434252543509011 -9.6990383291806559 -0.11081594658581335 0
2596 1.9646258445133369 -9.7999900691057711 -0.63384520665065724 0
2597 2.0119731216459735 6.6932834100112819 -14.304114282407266 0
2598 2.3650434492061021 6.8362741146019195 -13.808971824635023 0
2599 2.1159656480761129 7.1731969362279173 -13.276736811468737 0
2600 2.7037885394449677 6.9874742300190764 -13.246090958284311 0
2601 3.0483186421506621 7.0815081338689776 -12.737346035319009 0
2602 7.9550302049497859 -3.4420192882437535 -9.9739656421494676 0
2603 8.248132092497638 -3.0444152891871812 -9.5288724478132973 0
2604 7.6416778377718684 -3.7926713489239927 -10.434635377004279 0
2605 7.8668357701822362 -3.1561801266537484 -10.611582723250505 0
2606 7.2675206839378497 -4.1474985107568996 -10.951054599773446 0
2607 3.555931147103145 2.5884923428495261 -17.961632561442855 0
2608 3.1933656095786822 2.4383712649403906 -18.314667527189584 0
2609 3.8926974261495877 2.7246955351258282 -17.598061369288807 0
2610 3.9427332694293709 2.2630716944755949 -17.813855379653013 0
2611 4.2614813987795408 2.8654788257517665 -17.161446021477822 0
2612 3.2762641266762733 -5.334588678597961 -15.595929853962359 0
2613 3.1857312110112854 -5.0012770969001625 -16.104452061614566 0
2614 3.442405565636069 -5.9126596322588236 -14.586336071095401 0
2615 3.3895579143465548 -5.6131273401713555 -15.100158755233196 0
2616 2.8239478871701342 -5.701843844884924 -15.429101736536081 0
2617 3.5205961142277404 -4.2069960978110901 -16.722031794430574 0
2618 3.8617411281602414 -3.7434074210976536 -16.861062402914786 0
2619 3.1439760238452354 -4.6435002953635021 -16.559386434097771 0
2620 3.0202616280636279 -4.2975143555244868 -17.018741441376608 0
2621 2.673208756643664 -5.073240474452632 -16.38489377832877 0
2622 3.7224888069004178 -3.4131783640055269 -17.261899146731871 0
2623 4.1805603788830865 -3.2902624956713509 -16.934826556902369 0
2624 4.6380565967100269 -3.1302264493762606 -16.575899780264095 0
2625 5.0547469066138691 -2.9641176692414875 -16.206608547499123 0
2626 4.4928277263371932 -2.795250554880413 -16.970689244329058 0
2627 2.5308008059122042 -4.3656823739817252 -17.266831173124899 0
2628 2.9129997068956133 -3.9370053309218411 -17.43724998179691 0
2629 2.761187750960469 -3.5829626174951663 -17.836840649125961 0
2630 3.2417861893066551 -3.5025538426921612 -17.575316655111848 0
2631 3.5673093233759303 -3.0552367711272614 -17.65670778641443 0
2632 -9.9851280987140179 0.34673348944118437 0.8414101011317926 0
2633 -9.9202355847656776 1.1942202607090266 0.80688019348806539 0
2634 -9.9750075517452998 -0.55145401874892241 0.8834541478307536 0
2635 -9.9648067052666036 -0.053766633195951249 1.6730050517898267 0
2636 -9.8882172675614797 -1.4094614993996581 0.9727847679914966 0
2637 2.1345861039526146 -4.7397820055120032 -17.085433410368847 0
2638 2.0307416840288322 -4.3850738416345969 -17.509679107985924 0
2639 2.2032451105556774 -5.4199224772057786 -16.219759717565736 0
2640 2.1669082441990377 -5.0721064705066397 -16.682714960469344 0
2641 1.6596896402908958 -5.0747476348943596 -16.910631772946296 0
2642 2.2703529641105087 -3.6290470999417739 -18.074901334697103 0
2643 2.6032301921511061 -3.1995339413966781 -18.219349617867657 0
2644 1.939897644496082 -4.0345120577313081 -17.884016281014642 0
2645 1.7841512579236585 -3.6549054309500639 -18.271121539704247 0
2646 1.539715675717453 -4.4000000157128767 -17.693984910096045 0
2647 2.4286497046269591 -2.8212083494750777 -18.562590774034472 0
2648 2.9135483079161748 -2.7677868502802334 -18.313993798061038 0
2649 3.2203902891772302 -2.3608879148349438 -18.336334927019557 0
2650 3.3959262438092597 -2.7405563808707254 -17.995225552337626 0
2651 3.8671042133146947 -2.6431635777295885 -17.670222557141429 0
2652 1.2756456301569123 -3.6488910084685382 -18.445413807727824 0
2653 1.6080629577488665 -3.2468807794216135 -18.641019148977716 0
2654 1.4353335502444233 -2.8529149184793154 -18.95264562718998 0
2655 1.9412881876771824 -2.8539052280736725 -18.770895036897816 0
2656 2.2547867015716019 -2.4255735734372408 -18.871410097844706 0
2657 0.92146453578659815 -4.001669768162289 -18.235958124086988 0
2658 0.74518026856587483 -3.5928923298785977 -18.604927419717566 0
2659 1.0338492728595858 -4.3685898583068523 -17.871382524125686 0
2660 0.50224584849935128 -4.3056421379177294 -18.023228888060252 0
2661 1.1233227945568542 -4.7153811511959676 -17.493236006888463 0
2662 0.22786713938746186 -3.530618766413653 -18.706448908655545 0
2663 0.58322596768806045 -3.1835835752529587 -18.923492604695781 0
2664 0.42726575964768426 -2.8093741553591021 -19.175490692635012 0
2665 0.94360475439642488 -2.867171681620456 -19.067137867608153 0
2666 1.279346426231335 -2.4794515429499016 -19.205790040282377 0
2667 -0.13601730259072628 -3.8760589066491571 -18.434496645754304 0
2668 -0.29828920230164885 -3.465427288652362 -18.751195936137385 0
2669 0.030565671455558125 -4.2199713568916577 -18.131840225056305 0
2670 -0.49488827058966195 -4.1494072456173576 -18.170030832076304 0
2671 0.14320299264881345 -4.587820818962264 -17.768668271538285 0
2672 -0.81796445080676472 -3.3729238357443241 -18.756792791464548 0
2673 -0.45451637983290299 -3.0328652738131172 -19.036296182961863 0
2674 -0.61225299771086428 -2.5957447604291106 -19.275606906709719 0
2675 -0.091876104368887143 -2.6849409364252503 -19.264750291592556 0
2676 0.26993453148789021 -2.3751552635653037 -19.420172277574515 0
2677 -0.85595840127222522 -4.5021922911500809 -17.776118787721945 0
2678 -1.0228204409739665 -4.155703907530909 -18.075836177445087 0
2679 -1.1592686312632583 -3.623540152861445 -18.496059364218084 0
2680 -1.313950337486931 -3.1864894909004278 -18.774431467823373 0
2681 -1.5207908904987599 -3.9738172417334354 -18.099278615091599 0
2682 -0.38568745989739206 -4.7917723108658059 -17.537407254676808 0
2683 -0.91378008634011532 -4.8030188406909708 -17.446606084826453 0
2684 0.085803525527817726 -4.8921371681023009 -17.442434656145796 0
2685 -1.7947271305837853 -2.9961882206176629 -18.740524077344105 0
2686 -1.4552495537992816 -2.7497044048375971 -19.007511612221492 0
2687 -1.1113988639985324 -2.4569111597235427 -19.259115256763867 0
2688 -0.7490340170639479 -2.1111359185773932 -19.491747297210008 0
2689 -1.5908668816648983 -2.2632687045281332 -19.219444043564359 0
2690 -2.0838148962175587 -3.1880110940249731 -18.492625637553527 0
2691 -2.2201375307097346 -2.7435400916340584 -18.712987694147685 0
2692 -2.0004570645791002 -3.6728218476024259 -18.166843557266613 0
2693 -2.4305833969092587 -3.4268204442658927 -18.149288249783275 0
2694 -0.90334740537235902 -1.69406757009153 -19.627949310426818 0
2695 -0.40457980307241026 -1.8328346577562855 -19.644544514981586 0
2696 -0.029409373704144301 -1.5761039584078149 -19.749939888620375 0
2697 0.12576703785146334 -1.9879987042800829 -19.599188126447562 0
2698 0.64447212837214196 -2.1110524542504461 -19.506728399314394 0
2699 -1.5530303089239523 0.2522798508256851 -19.750893826501216 0
2700 -1.499687792682443 -0.25872384774600299 -19.767043126890457 0
2701 -1.2177679034203628 -0.53121357277422576 -19.822699460315651 0
2702 -1.5249788160623816 -0.834183453877412 -19.695540365863344 0
2703 -1.5093595467363514 -1.2971359878068272 -19.599925712901282 0
2704 1.3854846734399031 9.8876695228263927 1.1214697981367707 0
2705 1.8629015669587141 9.8224831712908447 0.44010045003794063 0
2706 2.483163605417575 9.6867617970212319 -0.046664611838385904 0
2707 3.0622416191768602 9.5100608006900735 -0.85186814228286545 0
2708 2.7218084656705797 9.6184950120040966 0.55249391039626849 0
2709 -5.2506432395430149 -1.5259718714304871 -16.74540598715291 0
2710 -4.8529521787316963 -1.6501104982437829 -17.172768034831066 0
2711 -4.6860970250270162 -1.2097186843258756 -17.501665678080567 0
2712 -4.4240830432026756 -1.7472772882963779 -17.592556528787984 0
2713 -4.0191668458440697 -1.806526308562485 -17.953580206938046 0
2714 -3.4949669715925884 -2.0255100341984944 -18.295629529353523 0
2715 -3.1516017831669467 -2.0784685661707454 -18.519975660867274 0
2716 -3.4219833201800172 -2.3524228336854804 -18.19408002268484 0
2717 -2.759501216989531 -2.1978256732244827 -18.714135336001892 0
2718 -8.9854238020786301 1.8080182569568757 -7.9983070907660023 0
2719 -8.922893285100681 1.3592379571700191 -8.6103304462705541 0
2720 -9.0349780331371541 2.2637668782061349 -7.2786074112747512 0
2721 -8.8120645173539369 2.5092897025541272 -8.0127358949730816 0
2722 -9.0855032260978597 -3.4157867916825015 -4.8108343236211342 0
2723 -8.7713732454179265 -4.1837725050651891 -4.7155313657857016 0
2724 -9.3423100388904707 -2.6075419607701971 -4.8670188247299953 0
2725 -9.130783112286851 -2.9986397805957088 -5.5270097602975961 0
2726 -8.5036474010821284 -4.4916431935928163 -5.4820150672979686 0
2727 -8.4088549323861077 -4.8685974489016415 -4.7277553264246723 0
2728 -7.9825589688631142 -5.5559930770873036 -4.6517494498224856 0
2729 -8.2772577965340286 -5.26364550404515 -3.8889789803813057 0
2730 -8.1286718881150666 -5.6109616610648603 -3.1252536367009798 0
2731 1.669136402121834 6.4931765503809418 -14.839493516517987 0
2732 1.9805273291935137 6.2008865426937092 -15.18242636510484 0
2733 1.3996067074437297 6.3182370251991848 -15.247423645702334 0
2734 8.4780736548662023 -2.7216105871537852 -9.1027694499105127 0
2735 8.5954958836221831 -2.786670901491318 -8.5678272161419482 0
2736 8.702435359040793 -2.9450934373136159 -7.8978588154534028 0
2737 8.7158998486592658 -2.2100141506151423 -8.7518974587736587 0
2738 8.6867621816739966 4.2728942721190135 -5.0129980404268926 0
2739 8.2843759162652404 4.9687221623043154 -5.1694934962064965 0
2740 8.0229355929113915 5.189142777198704 -5.9009496557222274 0
2741 7.8389394177656779 5.6155695547753783 -5.2977003992597878 0
2742 7.3159291282601613 6.255174556885156 -5.4221664501087039 0
2743 9.0497324781440156 3.4876621550502644 -4.8738300201199101 0
2744 8.8306735163307337 3.7531132483586918 -5.6332392787700503 0
2745 9.2229597146137952 3.3081056726831379 -3.9967241390782107 0
2746 9.3271774514872803 2.7726017837205315 -4.611481383406848 0
2747 9.3716598057309497 3.1054506095458532 -3.1800433942436963 0
2748 8.897179273706346 3.3772775747540802 -6.1430276426509414 0
2749 8.5330948892135261 4.1618722889496542 -6.2817547427931109 0
2750 8.1630735451831384 4.7949538932954745 -6.4413189509918656 0
2751 8.2607917378671178 4.4340134849990704 -6.9566785978461692 0
2752 3.0610534529541638 -2.0451552315209529 -18.59540715737516 0
2753 3.5372230248807952 -2.01381839040108 -18.268288235380517 0
2754 2.138268885926689 -2.081997832030452 -19.088540143122348 0
2755 2.6181512112851117 -2.0420622200622978 -18.865340296346687 0
2756 2.9431233058134003 -1.700345545188821 -18.809237117303248 0
2757 5.8983664115575651 3.1959449230950727 -14.831751039382015 0
2758 5.9469264089982943 2.714141804967205 -15.135058711281966 0
2759 5.8714761674530704 3.6497000357687863 -14.450668809981062 0
2760 6.2070926462913087 3.2316963415477828 -14.28679665094776 0
2761 8.7497906624025532 4.841462905577532 0.074841113029392239 0
2762 9.0056229718782781 4.3373200050234351 -0.58791177025730479 0
2763 9.3501326407831815 3.5424556100432691 -0.32266298600200666 0
2764 9.2416057448798785 3.7762543282865111 -1.153475624884404 0
2765 9.4009464069570345 3.2940350615432306 -1.7567466144500956 0
2766 2.3803471726578032 2.5553380890798887 -18.740778488431854 0
2767 1.9072091260278734 2.8145598045751181 -18.808594467005346 0
2768 2.8024983694507881 2.2482011348652127 -18.664575489029101 0
2769 2.4118999951573787 2.0605019991334221 -18.967031388694121 0
2770 3.2202937731749071 1.9397680927645717 -18.532890520449676 0
2771 1.5225517886281339 2.6145737493226653 -19.062616836132239 0
2772 1.4385068395686111 3.0583572325317028 -18.823086793694106 0
2773 0.99161444219400785 3.3180765151936589 -18.762416586074679 0
2774 1.3783438124760845 3.5217386795064254 -18.514591543739463 0
2775 1.3222424943412556 3.9316414710817229 -18.198227400384745 0
2776 1.5291195112570375 2.0944814079103931 -19.315790550967428 0
2777 1.0594824807460073 2.3385701548495614 -19.329623535272397 0
2778 2.0364312240320337 1.973354839614184 -19.179032149382163 0
2779 1.5772127189238001 1.700612241013471 -19.454595143048348 0
2780 8.4713472696209937 5.3006109355975619 0.7477944822167335 0
2781 8.876217259713103 4.5829341241292383 0.91538401179604456 0
2782 7.9350877192068019 6.0786298498973368 0.58186608916645699 0
2783 7.3959937323739409 6.7272445062912682 0.41693195252610488 0
2784 1.3998425695947996 -9.7540804692068921 -3.4049111474966725 0
2785 1.5434782045098612 -9.647905713121137 -4.259385111927549 0
2786 1.2253007056300653 -9.8281958382606742 -2.7605830873769865 0
2787 0.61338267665240576 -9.837138611754769 -3.3790327758731018 0
2788 1.4695840523922437 -9.8336864441216765 -2.1344166712729278 0
2789 1.581703574786417 -9.8497448576921851 -1.3867083902165707 0
2790 0.90620059329676361 -9.6678445355827982 -4.7797834764810778 0
2791 1.6601812859646257 -9.5370969613711569 -5.0150093308538715 0
2792 1.7914129941341372 -9.4070033193631151 -5.7616414445672302 0
2793 2.4209332526091676 -9.3427403777743159 -5.2353736905464885 0
2794 3.1755026797659496 -9.0727501082819071 -5.5141230321674319 0
2795 0.16617357541316843 -9.7432833730840755 -4.4903520817939304 0
2796 0.28403057974404416 -9.6454719157794262 -5.2475511056798991 0
2797 0.056615676134510677 -9.8261928781648269 -3.7109180461544389 0
2798 -0.56627932541285386 -9.7633875758090376 -4.1740104312987487 0
2799 -0.33581283867275807 -9.5767364123343839 -5.7178140669494733 0
2800 0.4050719500099853 -9.5290499809464126 -6.0110309185497544 0
2801 0.56229812992789285 -9.4073457497483606 -6.6889959658445077 0
2802 1.1800673375310531 -9.4319140606867773 -6.2117431468828306 0
2803 -1.1412312599897327 -9.5630456435574249 -5.383585879489476 0
2804 -1.0207933282619959 -9.4606868467349035 -6.1492716215802332 0
2805 -1.1803021345824665 -9.6631738986627376 -4.5738198807138293 0
2806 -1.860166011986881 -9.5022464672675948 -4.9988376581558827 0
2807 -1.2890450438787664 -9.7335263840043389 -3.7930605092684631 0
2808 -0.079461857134122349 -9.3137291206833357 -7.279597703114109 0
2809 0.69755261073135222 -9.2468446339879602 -7.4857957947435105 0
2810 -1.5894409959597704 -9.3020523422021402 -6.6167966700796086 0
2811 -0.786672691974585 -9.3427645627528335 -6.9552559696020682 0
2812 -0.6516827550161618 -9.1947155004167289 -7.7543578594776887 0
2813 -0.3852922545544199 2.1343354538161905 -19.523950629845757 0
2814 -0.87712565877914517 2.3839778699249417 -19.343970646629856 0
2815 -0.28286575223590765 2.565973264985038 -19.322087689439151 0
2816 0.20288986664927072 2.7921178354705196 -19.200303507482211 0
2817 9.1845840178538829 -3.7251260717242443 -2.6584598313634586 0
2818 9.1684569506717697 -3.891131215817369 -1.787170954296331 0
2819 9.1223958234459417 -4.072980207702285 -0.87801291116107216 0
2820 9.0541310492257985 -4.2452112911008602 -0.059733988820464087 0
2821 9.1484944916303395 -3.6448560024175083 -3.4756715945269234 0
2822 9.4348613789338973 -2.9571190074611207 -2.9925493720329115 0
2823 8.8254320836535811 -4.2680380709744075 -3.9474546540934345 0
2824 9.1134348872551811 -3.5149508308682837 -4.2850555246523649 0
2825 8.4698422178172947 -4.829663089996715 -4.4434793765260467 0
2826 0.33312563321866601 -8.2495589138954291 -11.284290857410774 0
2827 -0.23634875110201359 -8.1463606967287188 -11.589813918548666 0
2828 0.8897576496104721 -8.315561988276869 -10.965356381638397 0
2829 0.3212671422820903 -8.4590671113452753 -10.64724772493749 0
2830 -0.81361160158684054 -8.2227680481772509 -11.264834093343504 0
2831 -0.8136774391665752 -7.9975028554282916 -11.895860978072605 0
2832 -1.3725375430482951 -7.8248653592225725 -12.14703631392638 0
2833 -0.79777943005682672 -7.7729647181628865 -12.481116531973118 0
2834 -0.78290544545198493 -7.5449466744953781 -13.032396363294477 0
2835 -0.81027651929483058 -8.4331441054043701 -10.625541390397567 0
2836 -1.3852975614240071 -8.2613100664126193 -10.923681916442309 0
2837 -0.22666912531714092 -8.5595255056264818 -10.331145962797667 0
2838 -0.80075377267502457 -8.6237050181421697 -9.998100850784871 0
2839 0.33080391041672014 -8.6483078644786922 -10.019449057517885 0
2840 -1.9637699933581032 -8.2603522553797983 -10.566018745057798 0
2841 -1.9665725840776309 -8.0466674509875364 -11.204237627749947 0
2842 -2.5358581225448957 -7.7964823540612693 -11.451512823227203 0
2843 -1.963994120345403 -7.8245000385367316 -11.818616880530028 0
2844 -1.9478952004235706 -7.5989409016880778 -12.403515866208064 0
2845 -1.9560649991499119 -8.4683553352548611 -9.8915656263224943 0
2846 -2.5320652393539724 -8.2314588854346056 -10.164985044958009 0
2847 -1.3568040563835537 -8.6786675737558596 -9.5582031568322936 0
2848 -1.9311689712802449 -8.675955417726648 -9.1647987417038408 0
2849 -0.77509400033388332 -8.8269599853481822 -9.2701686516931083 0
2850 -3.0707249350198413 -8.1648678285154297 -9.7786669267996036 0
2851 -3.0767456802955238 -7.9514553931910923 -10.451410076898739 0
2852 -3.0797015608141005 -7.7322583163601921 -11.086499830947158 0
2853 -3.0754636535061302 -7.5050010240668206 -11.698971398327068 0
2854 -3.609019200752853 -7.641591253097114 -10.692252060101639 0
2855 -1.9241052455022452 -8.8466365358723724 -8.4934895081818489 0
2856 -2.5182919607200125 -8.6142702316952899 -8.8210099140407454 0
2857 -3.1129484700787482 -8.514655693311413 -8.4404242184842637 0
2858 -3.1183859676708652 -8.3382428713530565 -9.1102963233834124 0
2859 -3.6549925714425933 -8.0371522396486252 -9.3904660543362972 0
2860 -3.6119538559107749 -7.1737784624203673 -11.914812951093261 0
2861 -3.0786647752177623 -7.2637057889382781 -12.289898520911859 0
2862 -3.0440368647218632 -7.0361122109767216 -12.841645458547523 0
2863 -2.4985421534074872 -7.3459014850574649 -12.616658587673113 0
2864 -1.9140836094064519 -7.3736220679858526 -12.9562311703232 0
2865 -8.9871043913257651 4.3007522821225024 1.715207820914038 0
2866 -8.5367584231767832 5.1314249175885589 1.7801504874267551 0
2867 -7.9149280799666988 6.0463818236854401 1.783457687932015 0
2868 -8.2296437273995569 5.5677396170380131 2.2567584513531842 0
2869 -8.4496717778048662 5.1749085101311794 2.7006434486172419 0
2870 -7.3821580575772288 6.7012783912547906 1.5448111028202212 0
2871 -9.7891833464191507 1.9945389933638373 0.88023545518485991 0
2872 -9.7263489786402957 2.3232283048348545 -0.05461828693802416 0
2873 -9.5997992148481082 2.7688961732851993 0.84159138818848567 0
2874 8.9662139826131195 4.3420869953599031 1.7358425535968129 0
2875 9.2080228294750466 3.8639815849680414 1.0620016626995754 0
2876 9.38110421377535 3.4561018171571356 0.44830328898858252 0
2877 9.5763354717370728 2.8793051615314611 -0.11663137705782436 0
2878 9.4506780316041361 3.2066671182879207 1.2680232418153921 0
2879 -1.3437537452377604 -9.0377684684362638 -8.1272546368619896 0
2880 -1.9370467707318944 -9.004210393884529 -7.7902618673980344 0
2881 -0.080663722250480921 -8.957129896590752 -8.8911905568405931 0
2882 -0.63902162005736329 -9.0391567839595854 -8.4582021740075977 0
2883 6.2709587570159302 -7.7746663481422216 0.95841419620131019 0
2884 6.2604139501164155 -7.79786948976394 0.042360065929596458 0
2885 6.8422091578065176 -7.2850288195305355 0.67090666843618196 0
2886 7.2798625804528516 -6.8366568988741898 1.0270798543409108 0
2887 -8.7901354280431256 -4.7302914856737015 1.1964307204748523 0
2888 -9.1695504945616975 -3.9479452722122761 1.1542475562894565 0
2889 -9.290760005910748 -3.5737536801618806 1.9079445967833708 0
2890 -9.4804937513600951 -3.1298192678724108 1.1392446284741578 0
2891 -9.7153404364249845 -2.3087477118297697 1.0617800289821941 0
2892 -7.8111658421036418 -6.2436931176980943 -0.089094088753721587 0
2893 -8.1224568079418731 -5.825502390069718 0.59738532426137825 0
2894 -7.8620315054864411 -6.1482910588732329 1.2441505730707805 0
2895 -8.387276672693643 -5.4167265864080854 1.1183257196163443 0
2896 -8.5658335520323057 -5.0770127847050599 1.8443825447222393 0
2897 -7.4720140510020396 -6.6331827199370741 -0.82436163315924094 0
2898 -7.2210866940762433 -6.9177938073264587 -0.011965943468070417 0
2899 -7.7254658567540311 -6.2983353665209139 -1.6101539143318888 0
2900 -7.9281833502215528 -5.9772193028706546 -2.3805530203380925 0
2901 -4.109495773531914 -7.0521824282004602 -11.554872130266775 0
2902 -4.1081523244764719 -6.8019077592626171 -12.14201553505538 0
2903 -4.0967569338036283 -7.2981687243479998 -10.945924519432898 0
2904 -4.5853966897743232 -6.9133416410495343 -11.167783047953112 0
2905 -4.0972645225477695 -7.5246682943193308 -10.313445688563407 0
2906 -4.5569174718695882 -6.3828758533991978 -12.408609752049282 0
2907 -4.0724204410466607 -6.5263957876406673 -12.778348840818433 0
2908 -3.9915530489227202 -6.2942925432839791 -13.334074491646646 0
2909 -3.5337621323131465 -6.6985500035001868 -13.060161261307192 0
2910 -9.0522592782500819 -1.8883844278012827 -7.6133057766447125 0
2911 -9.0623235409356795 -1.3546781156383056 -8.009778834003761 0
2912 -9.0118769953947098 -0.85975507954950792 -8.4963272590136025 0
2913 -9.1038459349919645 -2.1851786913053313 -7.0270856772905228 0
2914 -9.1514222811092232 -2.5686709015365383 -6.2139842395735343 0
2915 -8.894192421654056 -2.658964393422933 -7.4359261752926553 0
2916 7.9803579646988672 2.7905960994440075 -10.682033545170182 0
2917 7.7343545389224859 2.8475694037004917 -11.326271823924758 0
2918 8.4187526814589742 2.7288309591580147 -9.3119460661599884 0
2919 8.2063590067785075 2.768189959182255 -9.9985591365451807 0
2920 8.2510951272765141 2.2837246655901264 -10.33518860058374 0
2921 7.1148321288144487 3.4750744814342456 -12.215239846564481 0
2922 7.4511659369284722 2.8696098737280376 -12.040841391357899 0
2923 7.1597369273864864 2.9696818020918392 -12.636321794722205 0
2924 -5.9142877466252068 -4.5015763238903181 -13.380136180220148 0
2925 -6.2719338086431087 -4.0053660586331281 -13.359624101949759 0
2926 -6.6240651719778052 -3.4757187520698927 -13.272699763635183 0
2927 -5.2518803655167003 -4.9242465868838616 -13.880857059686599 0
2928 -5.5247237505708533 -4.9390767780137557 -13.428767338927818 0
2929 -5.1401744508739258 -5.345493332928358 -13.41704999501775 0
2930 6.2007937763138221 2.2846552814699441 -15.010730400414127 0
2931 5.9243939070505629 2.2265822972618556 -15.484687676233223 0
2932 5.6577264249605115 2.1798686019341496 -15.904503082913996 0
2933 5.3371959146161121 2.1201336351236959 -16.37307217821045 0
2934 5.8971240522245187 1.7449742571700324 -15.770731467435359 0
2935 -4.5235754009972773 1.8192863574567197 -17.461668046445528 0
2936 -4.5253353097790274 1.2924319066874228 -17.64663821815855 0
2937 -4.5602472721923553 0.76106174339326382 -17.734139938458291 0
2938 6.4673079730553011 3.2522410918569671 -13.798094863000804 0
2939 6.4807286772188171 2.7916478231161355 -14.171359602235006 0
2940 6.4933342454189189 2.327165780068325 -14.480457148771084 0
2941 6.7501846046216132 2.3463852200984072 -13.989922687768241 0
2942 0.57004553656002033 -9.9768962446818836 0.73916008848022785 0
2943 1.3146484869523616 -9.906453072414978 -0.7318111226093309 0
2944 0.89272281376497453 -9.960072458119221 -0.0032291165944684881 0
2945 1.3781570617957248 -9.8972296202042376 0.76296515772207341 0
2946 6.0823939584204956 -5.7894217469087419 -10.860401386871469 0
2947 6.4601833997084741 -5.2129959954064962 -11.151807601282735 0
2948 6.7493932040465223 -4.727288680897451 -11.331095817197811 0
2949 5.6715483476413846 -6.2723524282423675 -10.675417435639382 0
2950 -8.6043931107227358 -4.0593777871462899 -6.1598283019481777 0
2951 -8.8947459652305287 -3.3769500896117823 -6.1578250401537851 0
2952 -8.6598912405305377 -3.6423060312355307 -6.8527047147845908 0
2953 0.63760510008978444 2.0611462862362937 -19.528966764585764 0
2954 0.63224916997297509 2.5829919786074464 -19.279876910967872 0
2955 0.62377605913028089 3.0664345652754896 -18.995566059998275 0
2956 0.56237930247809642 3.5259657518301046 -18.681680335244511 0
2957 4.2793721203398496 -8.9827288155169551 1.9975557889975226 0
2958 3.5128330799528786 -9.2911519062992554 2.3104112244017485 0
2959 4.902215429390786 -8.6874532416427588 1.4091700509358367 0
2960 5.5664543934287511 -8.2892853333744778 1.0996984091658293 0
2961 -4.5223240102648985 -0.80180796085626782 -17.765774910213079 0
2962 -4.4495442739417541 -0.29831466400273643 -17.90112444685786 0
2963 -4.520047984764922 0.18531701642179366 -17.836459718099565 0
2964 -0.56948130354389415 5.3797928360589715 -16.82064446874762 0
2965 0.022445448294573549 5.5028047126239716 -16.699537298568995 0
2966 -1.2373871093970139 5.2194955478537555 -16.879068619735264 0
2967 0.68003190664294721 5.1965745041001066 -17.033281542824827 0
2968 0.96577582577041754 4.8659215703776448 -17.365492716913163 0
2969 0.61638812371610807 5.4452160122360596 -16.7295771926286 0
2970 0.40427874721624762 5.7378662927381177 -16.360128251478834 0
2971 3.6027460601835917 1.6045465032298594 -18.37886300561647 0
2972 3.2114466417592595 1.4141286841831779 -18.728251443389318 0
2973 3.9039981832163022 1.7977866193894076 -18.058434201955407 0
2974 3.8907907237824908 1.2707072468831671 -18.247964339777379 0
2975 4.240724189586305 1.9337238669926922 -17.694854659372641 0
2976 5.2574463636131741 1.7031879051369354 -16.668342292324798 0
2977 4.9556169006465156 2.1222571294995607 -16.844926335287422 0
2978 4.6552793885662211 2.4682865484660628 -16.998345252294644 0
2979 4.5805204983148577 2.0533649313777977 -17.297690530600345 0
2980 9.3248139080811203 -3.6007163655279908 0.57510776268716834 0
2981 8.9558884654980435 -4.4272250322843929 0.87576322615980462 0
2982 8.4007004199042399 -5.4013225547025012 1.0078633143094766 0
2983 7.9238093227371396 -6.0744578604267891 1.1210843301074278 0
2984 -3.2515462061868297 -8.623730071888092 -7.7611151044795159 0
2985 -3.8384183967609489 -8.3125540642557674 -8.0418876242414576 0
2986 -2.5243342019133252 -8.9185105154378252 -7.5067721486869559 0
2987 -1.9493812637913897 -9.1342193927846047 -7.1458935824308742 0
2988 -6.781534338510685 2.8528108109816532 -13.545813005109235 0
2989 -6.6652153044921567 3.3998174375650652 -13.26893308988963 0
2990 -6.9166667314308601 1.747369599551766 -14.015194726992531 0
2991 -6.8659613250595743 2.2915015194312227 -13.799651570852154 0
2992 -6.1867571423985535 4.2773244133165047 -13.18006554220837 0
2993 -5.7895712092796368 4.6618199304067138 -13.378834052209939 0
2994 -6.4989264146382171 3.8975230046860516 -13.049639057853005 0
2995 -6.3556796435154572 4.389734461107242 -12.702057727781076 0
2996 -5.5906446204133822 5.1303045752365986 -13.026844236966886 0
2997 -5.3480305872028531 5.0298887371115448 -13.579217669751248 0
2998 -4.9085439335876089 5.3305445898036661 -13.782814056375445 0
2999 -5.1212332626550943 4.874809527618412 -14.143436914543194 0
3000 -4.8872931889929756 4.731322191050908 -14.660007586531746 0
3001 -5.8220134529165319 5.2290467766996871 -12.451703363178151 0
3002 -5.3685136490920646 5.5860955852225871 -12.645093485185296 0
3003 -6.3202710142317917 4.7702364433387485 -12.214584492532575 0
3004 -6.1183549288431385 5.2439624735729238 -11.84341007319426 0
3005 -8.8964107148194866 0.77281472840594645 -9.0014740545765939 0
3006 -8.7905880461284482 0.29093723755327011 -9.516494591406758 0
3007 -8.9305229376858435 0.17589940693154618 -8.99217870331948 0
3008 -8.9638688603400229 -0.3621378396421015 -8.8358160324275179 0
3009 -5.1050623783952318 6.0371295243596252 -12.246045111594018 0
3010 -4.8693051308133342 5.9338417748711887 -12.818641009690307 0
3011 -4.4431319744652136 6.1598431753218801 -13.009982369384721 0
3012 -4.7178733141043629 5.7221881794098097 -13.416144577557974 0
3013 -4.4901342848654879 5.5661076412024091 -13.979576507237066 0
3014 -5.3559109374948681 6.1238717484870282 -11.629688360004369 0
3015 -4.8462269440034342 6.4592794825061643 -11.796913659782389 0
3016 -5.8371104013687027 5.7502141891992915 -11.465283065073347 0
3017 -5.5940650175678028 6.1903307745842033 -11.024743349477099 0
3018 -6.3494366284767851 5.3036663952192962 -11.234905833015047 0
3019 -4.6622861125837316 6.8229380716103476 -11.262433888885466 0
3020 -4.4075874197067009 6.731358263388123 -11.876361238621808 0
3021 -3.9238712971726093 7.0785831649066715 -11.746811383643607 0
3022 -4.1174447981353932 6.7303457073346573 -12.288058429885455 0
3023 -3.6991240462998896 6.8326666814895587 -12.5906548375767 0
3024 -4.1824725325131675 6.4850452400137613 -12.720237694280353 0
3025 -5.7939879365486551 6.2609162203445736 -10.436595589166973 0
3026 -5.3007338289152246 6.6210648792123692 -10.595040488880487 0
3027 -4.9424746490608404 7.0540912909988691 -10.16105120578473 0
3028 -4.7375791404267238 6.9772543787052381 -10.746769788737849 0
3029 -4.2890900316484286 7.2342337533560617 -10.820271475747345 0
3030 -6.2830296227796447 5.8658637784988938 -10.220602896379082 0
3031 -6.0080467016803381 6.3164526560594378 -9.79914295725656 0
3032 -6.5750799024244673 5.3818753362861136 -10.545850774860995 0
3033 -6.781189233474004 5.4302292216571271 -9.9051669708445047 0
3034 -6.8310640415425254 4.8543397667432178 -10.912735585426793 0
3035 -5.2277792309257203 7.0612742247407372 -9.5516973644926111 0
3036 -4.6549680897467516 7.4038421419458178 -9.6983284375373913 0
3037 -6.2042590740672896 6.3752096462745929 -9.1353973767759182 0
3038 -5.7020797475457279 6.7564177449461935 -9.3460378360896872 0
3039 -3.5280637736204423 8.0793343737057768 -9.4397292518638221 0
3040 -3.7245778632043289 7.7652208482824614 -10.164421266029398 0
3041 -4.1760587136950766 7.7194353177324269 -9.585583340645826 0
3042 -3.8431031088632728 7.5095846095598997 -10.739962287923829 0
3043 -3.7690833923293576 7.356531677575437 -11.256189774252411 0
3044 -6.6042381987258256 -7.5089094363629689 0.035602864482167089 0
3045 -6.9780226810258572 -7.1525295249720022 0.7707680779391306 0
3046 -6.6757063779411041 -7.4144007007447641 1.3588327407183056 0
3047 -7.2864896386284776 -6.8174226372611253 1.3112091078380568 0
3048 -7.5936177251773751 -6.4417618394063352 1.8337657955587476 0
3049 -0.66188827228999336 9.9396069008141392 1.7505639917385702 0
3050 0.22481463656113937 9.9592044464967717 1.7478045337700683 0
3051 1.0794018688764728 9.9003454753513314 1.8089235187330182 0
3052 1.8016143809718548 9.7984018857853297 1.7268539103396838 0
3053 0.64482521256773251 9.9094700738240018 2.3550824199789751 0
3054 -1.954201774861412 9.7836734159460264 1.357689085526574 0
3055 -1.3273889531627918 9.8470554711292149 2.2570220340311571 0
3056 -0.87748620524126131 9.8625722287411453 2.799776414269691 0
3057 -2.3279357768615228 9.7199358400156477 0.64362189144689552 0
3058 -4.2934756183271157 -7.9390652135830457 -8.6109954475208337 0
3059 -4.0898006419561259 -7.9080002760599255 -9.1075929515742793 0
3060 -4.0408232115495633 -7.732018953658204 -9.7749947669085895 0
3061 -7.2580807253551392 4.9682831695767877 -9.5155507525583083 0
3062 -6.9919086568278743 5.4730579753449637 -9.1997499385773143 0
3063 -6.6053526598585419 6.0015663740932821 -9.0223095261141335 0
3064 -6.3163904191075222 6.4589390847205426 -8.5756207876225545 0
3065 -9.4589005099090961 3.1579614440061285 1.4919526290230447 0
3066 -9.1526890220478094 3.8776942808445827 2.1833650450537831 0
3067 -8.9206650760667454 4.3139364635510944 2.691978297897176 0
3068 2.38554163086852 9.5807002182384302 -3.1745074929123756 0
3069 2.1056259552406464 9.5915432043206099 -3.7781679667627492 0
3070 1.7296700933596447 9.590345471414075 -4.4870993334512859 0
3071 2.7453098366637319 9.4221958156290047 -3.8395311758914739 0
3072 -7.4318867294293947 4.4862938396196554 -9.9277846925730664 0
3073 -7.6346197393696267 4.5234252984658694 -9.2198058557491507 0
3074 -7.3196532626471846 4.3762305917130222 -10.444382590229742 0
3075 -4.4508022007201014 5.0324318174082245 -14.814181013232213 0
3076 -4.2135124890078952 5.4360451059319734 -14.518364386010916 0
3077 8.4701906017242887 3.573025618832113 -7.8713046180746771 0
3078 8.5623505428518278 3.0738838890678379 -8.3035874217964878 0
3079 8.7688540997684647 2.5881856585103509 -8.1014795621676807 0
3080 8.5685371923446834 2.7111111413458513 -8.7704154434499397 0
3081 8.3805574482109719 3.987662998583799 -7.4470935718470122 0
3082 8.6947912747202114 3.3740816143470092 -7.2155881115193061 0
3083 8.0111932925884624 4.6210918288936584 -7.6069158895620372 0
3084 8.9309629693381627 2.7270838893910785 -7.1556729664047953 0
3085 8.9903457053329063 2.1872399593833678 -7.5867425048379555 0
3086 8.8717064428203525 3.153278868736118 -6.7378504490385129 0
3087 -1.8611682639174909 -2.0271985931543641 -19.227742307124814 0
3088 -1.5126599868049375 -1.7289212788280375 -19.465116591064625 0
3089 -1.2437388285124797 -1.5377508754420648 -19.604941823073847 0
3090 -0.89939914550550026 -1.2606483574960563 -19.758729402044704 0
3091 -2.4754785736733629 -2.4643502598297204 -18.740222370949738 0
3092 -2.183546540219325 -2.2697104266004375 -18.982153627665905 0
3093 -0.054244575407480004 -1.1341113046849554 -19.870666730094857 0
3094 0.4763077232007038 -1.28592512125531 -19.81106029826207 0
3095 -0.55479909896363266 -0.9305169732900247 -19.882287204666195 0
3096 -0.89562406025175245 -0.77419542149786891 -19.859353362285479 0
3097 -2.767629214851846 -3.5630403435494533 -17.848806351051881 0
3098 -2.8447893733411642 -3.070296006250119 -18.163750257623533 0
3099 -3.1325051609252665 -2.8075906955019923 -18.144403644463729 0
3100 -2.7955715327388799 -2.6714251264570148 -18.444323527749578 0
3101 2.5559274194245414 -9.5906032794631404 2.4393144631922197 0
3102 1.9164033873867845 -9.7844600113082389 1.5384932160037013 0
3103 -9.0124777172020689 -4.1108956066276114 2.7391843372405869 0
3104 -8.5474720644540909 -5.0221219409832987 2.6222223530975062 0
3105 -8.1214573697046433 -5.6943895009451531 2.5423283844506042 0
3106 -6.5963887445401985 7.4760182092528273 -1.5450660384896899 0
3107 -6.907085952482765 7.1453398731422224 -2.2237641442375518 0
3108 -7.2442275117410437 6.7485769172862469 -2.8127405494324473 0
3109 -6.7718203242423067 7.3508604392602095 0.65513448603473978 0
3110 -6.5481039554531355 7.5576205561217131 -0.13720230705801886 0
3111 -6.2362416754085714 7.8030552269390716 -0.94152831340568044 0
3112 -5.9689970995015917 7.9745970458480322 -1.76281091724942 0
3113 -5.9210930123165042 8.0566233082331511 -0.35484311311314193 0
3114 -6.0201965760572635 -7.9830491337568681 -0.33561712502262819 0
3115 -5.7463797279285593 -8.181021332280638 0.4472582395923152 0
3116 5.866925097935157 1.3033584966591429 -15.985048830004239 0
3117 5.5361972278801383 1.2845649883882386 -16.456052144377686 0
3118 1.2621766563338224 4.3291049215226476 -17.851135612801144 0
3119 0.86849846788382434 4.1694656162022721 -18.095443281289405 0
3120 0.54290301768662885 3.861973445611286 -18.416342461930924 0
3121 1.2207050575409821 4.6659096348332794 -17.520178816674655 0
3122 -8.2460881991832942 4.0392439483829037 -7.921246805078626 0
3123 -7.9272817131125279 4.2901774624360032 -8.6608503004630837 0
3124 2.9720476188101546 7.5209455792731603 -11.764745733782156 0
3125 2.9098518529540831 7.3204528659266268 -12.319696754645594 0
3126 4.0969354964595031 -2.1640429436145174 -17.723660759114331 0
3127 4.2719612429297609 -2.4808312096896006 -17.389171762672998 0
3128 3.8663337215234339 -1.9777497122376013 -18.015545468239903 0
3129 4.2626605871892203 -1.8108620402241828 -17.725744372488137 0
3130 -4.9243646469456159 -6.3255475326113526 -11.956267182793566 0
3131 -4.8841826076573849 -6.0434130760899682 -12.589188797822024 0
3132 -5.0853684418598872 -6.4631825720431539 -11.378277347819077 0
3133 -4.3344256184439036 -5.9875191767198785 -13.470318283780662 0
3134 -3.8071011633034426 -6.1775885958956946 -13.761305152089758 0
3135 -4.9737136161570152 -5.7404808979611097 -13.009081739246307 0
3136 -4.6938884045849543 -5.7182003603826264 -13.45653689235427 0
3137 -5.981466080499052 -7.9853051590396182 1.3519837940664694 0
3138 -8.6379547687952982 0.10657461652824786 -10.074597612482281 0
3139 0.032717755077439618 1.9257848384215996 -19.625522393516885 0
3140 0.94375349841052603 -9.072737636075896 -8.196282357549622 0
3141 6.9293392975382728 7.1912947331549457 1.0383389822013298 0
3142 6.3678172641663258 7.6719852964123829 1.5382391255165069 0
3143 5.7450483181107277 8.1527122806247263 1.452862404942536 0
3144 5.8059572075780377 8.0691541083309701 2.1721996959561753 0
3145 5.5958631693758063 8.1563733539813352 2.9393122325378043 0
3146 -7.549164182731797 -6.1325626376333799 -4.648352670640425 0
3147 -7.6178277059155137 -6.2944403247055867 -3.06510818191214 0
3148 -7.3590828862389186 -6.453757535665881 -4.0953206195858902 0
3149 7.7595654369983738 -2.9055426047225485 -11.197672329744654 0
3150 7.4329682583351664 -3.2543596685418836 -11.689332918237856 0
3151 7.6240513824318006 -2.6466338789713308 -11.810024492560691 0
3152 7.305712165779064 -3.7149822222244331 -11.458704436251802 0
3153 7.0009051312991541 -4.346067258073032 -11.331200594968685 0
3154 7.4865613225905676 -2.4883460041537022 -12.289757316839616 0
3155 7.7913077875956622 -2.1320106114195441 -11.789835234089679 0
3156 0.97843745228459478 -1.7250888076051987 -19.602727234529599 0
3157 1.1227866153406307 -2.1105117530391646 -19.420101993212644 0
3158 0.89191820223727214 6.3927252094456737 -15.275803915609229 0
3159 0.21975469954448013 6.3804373387608466 -15.393729533569767 0
3160 1.2078677140000293 6.1205439851273491 -15.630738550893591 0
3161 0.1455522304761365 9.8963724772534487 2.8570098632408563 0
3162 9.5813680630128477 1.9761942668432539 -4.1434489309140972 0
3163 9.4621958634281143 2.9982475699389912 -2.4309347596994928 0
3164 9.5720446337762635 2.4799552545941492 -2.9838119674040406 0
3165 9.6620203156826676 1.9600258387627898 -3.3488279327057975 0
3166 7.0703438697133407 -2.4953157931115109 -13.233840962722084 0
3167 7.2817730874727218 -2.5186296441004048 -12.748691763222858 0
3168 -0.56229496805742474 1.7496015281233692 -19.659371186453107 0
3169 0.30683999471171314 -8.8198926460376637 -9.4053905671196922 0
3170 0.44326805598865143 -9.0196426488032646 -8.5905901819209749 0
3171 -8.5927222132672796 3.2533962519199906 -7.8944379897788863 0
3172 0.25527643542745737 5.9973501832736167 -15.995827546045044 0
3173 0.84815936891301136 5.9278999693307766 -16.017568809096247 0
3174 2.7174345838659093 8.0144248089131338 -10.655429463834336 0
3175 3.0117596370188822 7.7367534080607099 -11.148443943741182 0
3176 7.5290990764223249 -6.5272620479779349 1.6822808974048227 0
3177 -5.2520676504169383 8.4683537491097969 1.6766277766778306 0
3178 -4.8288549745234013 8.7464120022735781 0.85425223793747751 0
3179 -5.656408185483115 8.2346395159876078 0.88489204072579675 0
3180 -4.0001963340643174 9.1555168844781551 0.83651626875708363 0
3181 -4.4288972773133475 8.9657314696188468 0.045961796859225135 0
3182 -3.1879716481652101 9.4704724226656758 0.76678252985761219 0
3183 -5.7473890812894028 8.1823642604752482 0.25638921328867059 0
3184 -6.1470792221027235 7.8691376637222854 1.0771990838844669 0
3185 -6.6859658754771107 7.408488160833369 1.2839991943103379 0
3186 -4.8486543405239519 8.7383597097790187 -0.72559125857183238 0
3187 -5.0264585367411634 8.6190391768970844 -1.3369790507485511 0
3188 -5.4160524438766657 8.4018722131530765 -0.5474275806855905 0
3189 -4.3926193853079329 8.8628490817869157 -2.9358481495375703 0
3190 -4.7010853229956266 8.763121790683412 -2.1047501206221 0
3191 -5.2762970025958458 8.4399266265917579 -1.9269960852534973 0
3192 7.1136033545752131 2.5859850120182575 -13.070474946442184 0
3193 6.7787037065428475 3.1922013841108581 -13.24522953854451 0
3194 7.4393542622143904 1.4513294165775443 -13.046018716198331 0
3195 7.3323266093654809 2.0960976884316702 -12.937288892831036 0
3196 6.97415807630128 2.3272947452992039 -13.556521426275152 0
3197 -3.0253616251431303 8.6334824993530059 -8.0771695464380713 0
3198 -3.2922070134370571 8.3622301424482437 -8.7714263436241318 0
3199 -2.288137371626056 8.8731405586784593 -8.0079470513992597 0
3200 -2.8277439326177611 8.3778441482306576 -9.3414327979171929 0
3201 -1.7902639861253915 8.8463567838915029 -8.6109062268913839 0
3202 -2.0799266732174022 8.6249429428304083 -9.226974426529793 0
3203 4.7433989150584317 8.6918372858744242 2.794373867975144 0
3204 4.3412695796374816 8.9539257815316713 1.9804964385088939 0
3205 4.1594433332506773 9.0929807690490012 0.25870362333400737 0
3206 3.4133589763366174 9.3869133286645035 0.96920309286117345 0
3207 4.2410301505574228 9.0374521825211893 1.1629639903382445 0
3208 5.0598857844825487 8.6020644561572901 1.268137122091799 0
3209 2.8058319037118138 9.5706250952213772 1.4566298292040307 0
3210 3.759792622124011 7.8139115035361844 -9.9612743067394156 0
3211 3.0668075593797348 8.0958031802879447 -10.010526911161255 0
3212 6.3326056799153445 -2.5786061724651015 -14.594368161729882 0
3213 6.4874314517349481 -2.8533006128956377 -14.109841781039147 0
3214 6.7916058657005776 -2.5861674043571075 -13.738388249226658 0
3215 6.069158488101178 -2.4450340379315052 -15.124433714974693 0
3216 6.4343011850983922 -2.0858954817241688 -14.730758065865327 0
3217 5.3921195075794026 -2.956223283139658 -15.771593593065296 0
3218 5.7794629843113272 -2.769937837707583 -15.352557049327128 0
3219 5.8946884434305549 -2.2828890033068636 -15.497234069790244 0
3220 6.6979588213336587 -1.62467136637844 -14.491071813911987 0
3221 6.9619090320115324 -1.6385552429239443 -13.978119951679153 0
3222 6.9711881665205873 -2.1267099787018759 -13.693741667411896 0
3223 5.2743370704997972 -2.6186952707408624 -16.164628488864327 0
3224 4.7167427450111772 -2.3125603934277992 -17.01815528241924 0
3225 4.8058488985518135 -1.8734715206905324 -17.134050405604604 0
3226 5.0313144782414243 -2.1898534127109079 -16.720097685345813 0
3227 5.368044599027507 -1.7857241534068946 -16.491850888337648 0
3228 5.2866667257058566 -2.2276121235405233 -16.381562704256247 0
3229 5.6172796376522891 -2.2169224699488335 -15.9413204264456 0
3230 2.2734236046091501 -5.7512004848155236 -15.716900215686756 0
3231 1.1349222681257023 -5.019234136512587 -17.148672266759213 0
3232 -0.39227325074154745 -5.4120556514570923 -16.799497054648274 0
3233 0.096810096601025325 -5.1908731095294298 -17.093327840530094 0
3234 0.62528356538473373 -4.9700939334565808 -17.309787607648779 0
3235 -3.0665528886644897 7.3451479487777682 -12.107031839652402 0
3236 -3.4726033692696725 7.3440240302775468 -11.662990505430908 0
3237 -1.2902089788312427 -7.3586462810908424 -13.294462862520037 0
3238 -0.90975211000407752 -5.2070938763302426 -16.977458521395626 0
3239 9.6163491412284117 -2.1610599689396146 -3.3797331283060204 0
3240 9.5398404210828769 -2.1473379175768752 -4.1858736760728208 0
3241 9.0459102987555404 -3.4335232873965142 -5.0526922335619169 0
3242 9.3253483513492483 -2.7934237961472657 -4.5758765809868764 0
3243 8.1066124017258296 -5.3260262144147328 -4.8646809274820821 0
3244 8.4631778412073082 -4.6540617393728363 -5.1824049066831606 0
3245 8.742251545457842 -4.0078746548345752 -5.4808680579173155 0
3246 8.9875260489832574 -3.2989520675344628 -5.7762585727986417 0
3247 8.9503866921664752 -2.402079272245198 -7.5154755619426163 0
3248 9.0238466115165021 -1.7677694518942662 -7.8600721362520733 0
3249 8.8721854067153458 -1.7184570350503172 -8.5629974956327732 0
3250 8.8941320303155447 -3.2081987931106886 -6.5121044006367654 0
3251 8.8112751057810943 -3.0697143815198102 -7.1939654228062055 0
3252 7.6785484223822902 -5.8181052719343551 -5.3626654453993359 0
3253 7.1903638494498194 1.4055538069799467 -13.612213076235525 0
3254 6.9682163948090619 1.8565447226146208 -13.856002593539882 0
3255 1.6108336456312236 -2.0890956805628518 -19.291541587292194 0
3256 1.9817014662907428 -1.7123334788597786 -19.301893519100876 0
3257 2.4226116020082862 -1.2157324752246341 -19.251280224909618 0
3258 2.8456205521049238 -1.2828040572058166 -19.000721820420864 0
3259 5.2967457763555394 -1.3427105492759568 -16.750117917378709 0
3260 4.9446342799963663 -1.3303435632484066 -17.179147573824295 0
3261 -8.1771865692421084 -4.0906237114358373 -8.0994857770713793 0
3262 -8.422858188415093 -3.8971369601290862 -7.4478945889008612 0
3263 -8.707674336530717 -3.2124996615712411 -7.4447978007005657 0
3264 -1.1256702532063017 0.50582152063206698 -19.847116775019177 0
3265 -0.78404185574508056 0.76907141251975397 -19.879014817730241 0
3266 -0.84802197321724648 0.31089001933280258 -19.918253550833214 0
3267 -0.86800554970223465 -0.197340716630171 -19.920604710424428 0
3268 9.7634361101767393 2.1511362273418158 0.43785044896437797 0
3269 9.7175143305235618 2.2656540408647898 1.3217064775241729 0
3270 4.0212527185481814 9.1522231998509387 -0.51511968969970823 0
3271 4.6347279552057028 -1.4546657889578534 -17.481789865305029 0
3272 2.1033427721686193 9.4364574597280964 -5.1104676081579763 0
3273 2.829806711531786 9.2580092488144032 -5.0125676949988867 0
3274 3.1556181100956202 9.2386658798083179 -4.3308784810946159 0
3275 -3.2879185919248806 7.0431534462768228 -12.583096735712337 0
3276 -0.60494030768888196 1.2587990930073176 -19.80398667617985 0
3277 6.0689674676914578 5.2446198456297424 5 7
3278 6.0689674698908362 -5.2446198450874224 5 7
3279 -4.2765879020770541 -6.7376945079302715 5 7
3280 -4.2765878970372029 6.7376945108320641 5 7
3281 -7.2909515875250435 3.2472589074881597 5 7
3282 -7.2909516061576962 -3.2472589230654272 5 7
3283 2.148186630329139 -7.6885242921374779 5 7
3284 2.1481866392246225 7.6885242905458213 5 7
3285 7.9219132407912198 -1.0027034294375596 5 7
3286 7.9142377070348289 1.0265229518071131 5 7
3287 0.14419982318651492 7.9777671533668197 5 7
3288 0.14419981367508328 -7.9777671542886814 5 7
3289 -7.9443746219719671 1.1422286890601896 5 7
3290 -7.8693804038405766 -1.3113430855542276 5 7
3291 -2.2587723255776382 -7.6926720321510658 5 7
3292 -2.2587723349634388 7.6926720325901066 5 7
3293 7.2870351476724515 -3.3278774684518559 5 7
3294 7.2870351477508919 3.3278774555428541 5 7
3295 4.328730880205697 6.7356367447040242 5 7
3296 4.3287308820274646 -6.7356367423352097 5 7
3297 -6.0494099467136877 -5.241843572694151 5 7
3298 -6.0494099474449854 5.2418435782349988 5 7
3299 8.8021858031548774 -0.50135171471877271 5 7
3300 8.703085553782099 -1.4758839668790138 5 7
3301 8.6992477832510602 1.4877937458387862 5 7
3302 8.7983480362766784 0.51326147590356186 5 7
3303 7.9180754739130244 0.011909761184774936 5 7
3304 7.170645148154712 -1.4438012950519266 5 7
3305 7.3061489046574764 -0.50135171471877982 5 7
3306 7.3023111377792844 0.51326147590355831 5 7
3307 7.1668073835960868 1.4557110483370188 5 7
3308 8.3856465072227167 -2.6384709863861602 5 7
3309 8.0924029565146256 -3.5731057965174315 5 7
3310 7.6044741942318339 -2.1652904489447096 5 7
3311 7.617021500552962 -4.4295790839293225 5 7
3312 7.0079876616621561 -5.3879502722471067 5 7
3313 6.3699304926358877 -6.1311979202953744 5 7
3314 6.6780013087816457 -4.2862486567696401 5 7
3315 5.4998121987042055 -6.8767063689192689 5 7
3316 4.7252014601479146 -7.476299754272528 5 7
3317 5.1988491759591504 -5.9901282937113152 5 7
3318 3.8457497679158514 -7.9076913817502721 5 7
3319 2.7554776420666869 -8.3841351566514071 5 7
3320 1.8071898801816282 -8.6296638484208241 5 7
3321 3.2384587561783036 -7.2120805172363447 5 7
3322 0.8051964718546003 -8.774285279496425 5 7
3323 -0.17310434811799524 -8.823899075742915 5 7
3324 1.1461932220021112 -7.8331457232130788 5 7
3325 -1.3745904177443542 -8.6813515146741072 5 7
3326 -2.3428525506868851 -8.5330192093847579 5 7
3327 -1.0572862559512757 -7.8352195932198736 5 7
3328 -3.2614352109187266 -8.1928135691120989 5 7
3329 -4.2703429991684363 -7.7153248070017018 5 7
3330 -5.101639292669681 -7.1971738331942969 5 7
3331 -3.2676801138273461 -7.2151832700406686 5 7
3332 -5.9880503149879978 -6.4492483655762367 5 7
3333 -6.6980269305098989 -5.7743652688516889 5 7
3334 -5.1629989243953709 -5.9897690403122112 5 7
3335 -7.257617322278703 -4.9703798182743171 5 7
3336 -7.8783881520007064 -3.9730874934599569 5 7
3337 -8.2646826654142806 -3.0729149711203547 5 7
3338 -6.6701807764356928 -4.2445512478797891 5 7
3339 -8.5538970642557199 -2.1049570523647532 5 7
3340 -8.7510805909520304 -1.1454505743448138 5 7
3341 -7.5801660049991355 -2.2793010043098292 5 7
3342 -8.7885777000177256 0.081335312962394823 5 7
3343 -8.7885777150156681 1.0608933798009019 5 7
3344 -7.9068775129062718 -0.084557198247019016 5 7
3345 -8.5913941221858465 2.0203998351839232 5 7
3346 -8.2646826049623847 3.0729149443979082 5 7
3347 -7.8783881484167182 3.9730874775401297 5 7
3348 -7.6176631047485053 2.1947437982741747 5 7
3349 -7.2576173283766892 4.9703798129135492 5 7
3350 -6.6980269411546658 5.7743652596483273 5 7
3351 -6.6701807674850144 4.2445512428615793 5 7
3352 -5.9880502993105065 6.4492483804713068 5 7
3353 -5.1016392741066152 7.1971738467698394 5 7
3354 -4.2703429841298508 7.7153248075184315 5 7
3355 -5.1629989222410941 5.9897690445335314 5 7
3356 -3.2614352030929687 8.1928135683974546 5 7
3357 -2.3428525301943282 8.533019216125254 5 7
3358 -3.2676801160003208 7.2151832717110835 5 7
3359 -1.3745904112446894 8.6813515154612446 5 7
3360 -0.17310433216971077 8.823899075849603 5 7
3361 0.80519647964724328 8.774285278570261 5 7
3362 -1.0572862558884637 7.8352195929784614 5 7
3363 1.8071898876662971 8.6296638471597618 5 7
3364 2.755477646720415 8.3841351557792869 5 7
3365 1.1461932312055687 7.8331457219563205 5 7
3366 3.845749767210954 7.9076913828583884 5 7
3367 4.7252014589425251 7.4762997556405075 5 7
3368 3.238458759715158 7.2120805176249227 5 7
3369 5.4998121965014519 6.8767063713316787 5 7
3370 6.3699304902443288 6.1311979217945378 5 7
3371 7.0079876566461934 5.3879502781449276 5 7
3372 5.1988491739485774 5.9901282951668833 5 7
3373 7.6170214966759104 4.4295790831014834 5 7
3374 8.0924029501505821 3.5731058049843298 5 7
3375 6.6780013077211748 4.2862486505862982 5 7
3376 8.3856465036090881 2.6384709977066585 5 7
3377 7.6006364273928604 2.1772002036749853 5 7
3378 6.4576724094346858 -3.4724862124054638 5 7
3379 6.8532061015953261 -2.6063883145590729 5 7
3380 5.2251188077075099 -5.1504375631354442 5 7
3381 5.8486385705438764 -4.4308574007232444 5 7
3382 3.554008530624106 -6.4107122975741628 5 7
3383 4.3550005137758205 -5.8959460117593387 5 7
3384 1.5501637994852189 -7.1554051994344618 5 7
3385 2.4637364047749415 -6.887156072475296 5 7
3386 -0.40397059889513542 -7.3000266235497264 5 7
3387 0.54817039115819099 -7.3000266305100627 5 7
3388 -2.519029269985019 -6.8892299462314917 5 7
3389 -1.6054566685214944 -7.1574790624809168 5 7
3390 -4.3289290241667633 -5.8969749129116522 5 7
3391 -3.5279370582347269 -6.4117411841210945 5 7
3392 -5.8388597947225414 -4.4294692857771558 5 7
3393 -5.2153400464850801 -5.149049445293592 5 7
3394 -6.855164310832869 -2.5660790560276467 5 7
3395 -6.4596306244445465 -3.4321769609627921 5 7
3396 -7.2798825402559864 -0.65567154678689477 5 7
3397 -7.1443787096743101 -1.5981211372720487 5 7
3398 -7.1818758051819458 1.5135639139320993 5 7
3399 -7.3173796493216798 0.57111434052031385 5 7
3400 -6.4596306115791506 3.432176958709082 5 7
3401 -6.855164287958484 2.5660790231460844 5 7
3402 -5.2153400495141451 5.1490494455007862 5 7
3403 -5.8388597915391216 4.4294692940825016 5 7
3404 -3.5279370614350825 6.4117411826601902 5 7
3405 -4.3289290243102538 5.8969749117993189 5 7
3406 -1.6054566739087512 7.1574790626005935 5 7
3407 -2.5190292803982004 6.8892299435392133 5 7
3408 0.54817041115823173 7.3000266278573243 5 7
3409 -0.40397059483377262 7.3000266229889519 5 7
3410 2.4637364095037739 6.8871560715511073 5 7
3411 1.5501638191772855 7.155405196446825 5 7
3412 4.3550005108547865 5.8959460146855491 5 7
3413 3.5540085299943129 6.4107122986302087 5 7
3414 5.8486385703096175 4.4308573996477882 5 7
3415 5.2251188045976669 5.1504375651484082 5 7
3416 6.8532061039541148 2.6063883002048911 5 7
3417 6.4576724103393346 3.4724862046043441 5 7
3418 4.4435113057313993 1.0725010005962594 -12.874853061330757 0
3419 4.4427217215190629 -0.99365078425972919 -12.913717471031744 0
3420 6.0954547494732658 1.2884148820259085 -7.7506891639487927 0
3421 6.0683083188341023 -1.3454156643943633 -7.8189028564585437 0
3422 -6.7857451279237937 -0.9898755394729627 3.4119565825411646 0
3423 -3.7094595694035504 5.7720317382304138 3.3682449928840241 0
3424 -1.9330311406687171 -6.5832994240998586 3.3682449806531958 0
3425 1.5201342545092345 0.95628676491154219 -16.430987685213378 0
3426 6.7389059017595603 1.3975478795414076 -3.1044013277991978 0
3427 6.7389059017595345 -1.3975478795415133 -3.104401327799208 0
3428 1.9675571168236774 6.5876507062677279 3.1957427052422034 0
3429 1.9226732662318862 -6.5746159275954579 3.5006430683355867 0
3430 6.8336751885212506 1.5110999345281524 0.32090615435284953 0
3431 6.802582559070947 -1.6442507383468679 0.35452182626745132 0
3432 5.3669611008944331 1.1913240851447668 -10.523444583860886 0
3433 5.4002889612239287 -1.1532926397440411 -10.447598903206904 0
3434 3.1855787501712913 -1.0040179855126801 -14.939965834963385 0
3435 -5.1628876514970372 -4.4923367993371741 3.5721480441856519 0
3436 -6.2406792599816274 2.8546105281970919 3.3520630252363799 0
3437 3.1855787501698085 1.0040179855130438 -14.939965834965102 0
3438 1.5201342545094165 -0.95628676493092191 -16.430987685206624 0
3439 5.1853696589883276 -4.4931483640967622 3.3682449596461734 0
3440 5.1853696584688107 4.4931483650837372 3.3682449565981085 0
3441 6.5825928728830219 1.3829410222298764 -4.70726135225466 0
3442 6.2234979178407777 2.7724964540625856 -3.9018740023624914 0
3443 6.3508028016857354 2.7931538185960494 -2.2594793747968547 0
3444 5.5898811115035318 4.0196881708233505 -3.0674464309314562 0
3445 5.4370406955576263 3.9613949177449896 -4.7003610533674545 0
3446 4.5789759797101324 5.0500171900580666 -3.8631124394604397 0
3447 4.4040460309409113 4.9523049046475736 -5.4732126987661651 0
3448 3.3731143680477556 5.8331785272548702 -4.6054114437635656 0
3449 3.1738424292420304 5.6947237995836648 -6.1901637384804973 0
3450 2.0551243686844751 6.3249181715749394 -5.3051218458429892 0
3451 1.8149124496937696 6.1512824314631001 -6.812052920756936 0
3452 0.64198183075211046 6.5246849274792877 -5.9568584595447271 0
3453 0.39510314981222044 6.2865276331448889 -7.41548441123253 0
3454 -0.76861958246408257 6.4224493833698437 -6.499034952286376 0
3455 -1.0313904865020962 6.1037469127812249 -7.9368253131741522 0
3456 -2.1510452988461908 5.9927523589417131 -7.0637300516105306 0
3457 -2.3800790235185136 5.5995199425172135 -8.4060151856177896 0
3458 -3.4260802047088075 5.2886464602898986 -7.4030382499088345 0
3459 -3.5905971176936586 4.8181768248649615 -8.7201557491392503 0
3460 -4.561105857723466 4.3102929862179158 -7.531582148440652 0
3461 -4.5881652120380956 3.7608078824634634 -9.0233976053103895 0
3462 -5.3204637169610232 3.1388479464047236 -7.9959767029747963 0
3463 -5.3090851971465263 2.5159576360605711 -9.2424841787453733 0
3464 -5.8657476390220715 1.7798056468130519 -8.2088934935328499 0
3465 -5.7424722146110332 1.113288266342884 -9.3380393946089608 0
3466 -6.1104165848056793 0.37249962932232883 -8.2442947135094258 0
3467 -5.8067383169702493 -0.31637540020035754 -9.4626120928255411 0
3468 -6.0197680845300443 -1.0664008826430798 -8.2803891937095262 0
3469 -5.5488007229275595 -1.7378716591305063 -9.465390287153598 0
3470 -5.4629503752286732 0.55693340267481894 -10.542908955178206 0
3471 -2.5478055904305053 5.1611035927133377 -9.6752580026038988 0
3472 -6.2631543278988522 1.1796040590979395 -7.0308850506670257 0
3473 -4.3297914050524815 4.9033272170088109 -6.0521094365954609 0
3474 -0.60755907552605704 6.6714156498189663 -4.9313069467721657 0
3475 1.5589367324280547 5.9015277837171869 -8.3217777704596241 0
3476 -4.6062267481951888 3.0403091594115277 -10.456740291694446 0
3477 3.5213169177125132 5.9234619812332294 -2.9871678554455707 0
3478 4.1876488185197234 4.8149833344743431 -6.9880145160782154 0
3479 5.6293159534819885 4.1271357761493226 -1.2794496611731254 0
3480 2.9316620730123137 5.5214380345477414 -7.6486813340865449 0
3481 2.6510661823816104 5.2848463414959594 -9.1005824587594208 0
3482 1.3298105438749719 5.5918387594582164 -9.7030298091906833 0
3483 2.3524702822001466 4.9815195164929316 -10.488040076619187 0
3484 1.0832556880360455 5.2158963487416772 -11.028223450956865 0
3485 2.0582814348212897 4.6148610810367519 -11.764551162956185 0
3486 0.82106608151272997 4.7809853250891621 -12.255994464517281 0
3487 1.7519362689923288 4.1669662319370397 -12.980279618966703 0
3488 0.5256832545954041 4.2414448574544883 -13.463532727786051 0
3489 -0.41502163186434815 4.6553813212290187 -12.65543969508569 0
3490 -0.69943607366399407 4.0414847429807441 -13.776057300488798 0
3491 -1.6095604851367455 4.2847790946305118 -12.862257023957746 0
3492 -1.8584753113045158 3.5525893333345198 -13.935255978243486 0
3493 -0.96493632496862747 3.3539741352255086 -14.736397607187786 0
3494 -2.0349540714247474 2.7388520002265171 -14.843648628894224 0
3495 -2.872064118429706 2.8489515476690035 -13.873653553374217 0
3496 -2.9265528381462276 1.9061451564351588 -14.732823861684508 0
3497 -3.6867895248223843 1.9495710527446102 -13.653400862264448 0
3498 -3.5813236626421765 0.90779198275691386 -14.439288793256866 0
3499 -2.8289438337641304 0.88914708947162924 -15.399229264427751 0
3500 -3.3072861720930558 -0.13680397834164493 -14.979215724882827 0
3501 -2.5067320999563938 -0.16330199392874287 -15.867629800199019 0
3502 -2.8128719283800327 -1.163772584764279 -15.308359882226611 0
3503 -3.575094817743476 -1.1400772968631336 -14.350971034188509 0
3504 -2.9239213101200519 -2.1334278733449792 -14.551008126896994 0
3505 -3.6364717588459348 -2.0816512988628681 -13.617942466429264 0
3506 -2.8294067636691902 -3.004250965563795 -13.731404332335392 0
3507 -2.0079985735576571 -2.9765713232264965 -14.593262250268957 0
3508 -1.8305875101922668 -3.7254960431267103 -13.688534354133722 0
3509 -2.6672696868383534 -3.7758009929748098 -12.76537151962351 0
3510 -1.574514688854187 -4.4026929845602654 -12.651248398288535 0
3511 -5.6167988960665873 -2.4517826272079088 -8.2142931426168335 0
3512 -2.436543280115095 -4.4558575700542615 -11.699714418370723 0
3513 -1.2565582833059794 -4.9887731177593508 -11.528222665454882 0
3514 -0.19607970061236787 -4.8168179085758265 -12.326003207204153 0
3515 0.027698538531156548 -5.2899254066197861 -11.133330591747168 0
3516 -0.9309686966785593 -5.4817160549551271 -10.327594266590538 0
3517 0.39343573210609023 -5.6591531661077479 -9.9598653776768469 0
3518 -0.58994006758053463 -5.8960919237254785 -9.0504847597226306 0
3519 0.77708846127323594 -5.9701102180383216 -8.6730666371890806 0
3520 -0.22486084942013054 -6.247037080604926 -7.6505648386275205 0
3521 1.1732004226960544 -6.2112528617277611 -7.3034773260369281 0
3522 0.13066672795777298 -6.506771748414157 -6.2602747580222049 0
3523 1.605448271602073 -6.3796809893898905 -5.8094181568205858 0
3524 0.51147117460256075 -6.7006666823148677 -4.7586760276472031 0
3525 -0.99605587734896961 -6.5940121635399214 -5.1671395865677212 0
3526 1.9999666875415676 -6.4709960847449564 -4.2940706719812241 0
3527 1.3296472136508273 -5.2365399350331128 -10.809376856299647 0
3528 2.1708895237191395 -5.73761514798215 -8.1879281534435115 0
3529 -0.61193166535830701 -6.8105310621489012 -3.6365424747383228 0
3530 -2.1526463626993451 -6.4472827489737075 -4.0628038746548549 0
3531 -0.91679836060699482 -3.5400678576727844 -14.495825363227601 0
3532 -1.8557873492572983 -5.5485645830595329 -9.3332639547302634 0
3533 3.0368842018040834 -5.9053115459834897 -5.3784111873782692 0
3534 3.4099607480949938 -5.9064621441082412 -3.829043659567831 0
3535 2.3619701614938609 -6.4941561773002681 -2.7120005147271042 0
3536 -6.1180396594449995 -1.7870388276935998 -7.028641076368868 0
3537 -5.5659911208801525 -3.1589616834529548 -6.8864899300176008 0
3538 -6.1217321806873795 -2.4713112117755349 -5.6523746584941108 0
3539 3.7821491981138102 -5.8199416027112418 -2.2040234833593084 0
3540 -1.7680525395131033 -6.6944175305162759 -2.4989093041184223 0
3541 -3.24637936702513 -6.0901509624729133 -2.8436925299402076 0
3542 4.3383887882990688 -5.1117814059071343 -4.8862432139699106 0
3543 -2.458805963713373 -6.1343683309738326 -5.6035297572620983 0
3544 -1.9318326665050574 -1.1678931343298908 -16.091745838677546 0
3545 -1.9598059370287046 0.82973547836833983 -16.195257696257254 0
3546 1.41926156308151 3.6209194694037987 -14.134752812582333 0
3547 -2.8706112993490644 -6.3614172961875912 -1.3122395350843576 0
3548 -4.2690525166319686 -5.5069011051306642 -1.6277423293719848 0
3549 -1.3566568592682051 -6.8566267600383313 -0.92843761542462855 0
3550 3.5425558947616693 4.4602835639639338 -9.8816802541111386 0
3551 -4.9730938629534238 -3.0608926348492949 -9.3741830682586329 0
3552 -4.2282526873180526 -1.0305308435086393 -13.315103345916263 0
3553 -4.2810711284550873 -1.9968865877496962 -12.545369558978264 0
3554 -5.3870512245170223 -3.8402100837583193 -5.5552559472288205 0
3555 -5.991441002148532 -3.1618704062149869 -4.279533073065835 0
3556 -6.5514144061382664 -1.6757624487288802 -4.3921501496188196 0
3557 -6.478001729729983 -2.3893853716478963 -2.7968995156154222 0
3558 -6.8420011784997081 -0.78865336180947077 -3.0381862918762899 0
3559 -6.8195230749144038 -1.4812963663522125 -1.329886480956787 0
3560 -6.9665483230977383 0.18426280986850074 -1.5985307998523905 0
3561 -6.818514753523548 0.91924444920883996 -3.1316767087223263 0
3562 -6.7174452202978303 1.8378184652945049 -1.7144286682418344 0
3563 -6.3820238801401628 2.5544773868149129 -3.2075687304335507 0
3564 -6.0700892172056085 3.407868617777686 -1.7853690041535979 0
3565 2.6910786229206964 -6.4469671606270076 -1.0716311188664795 0
3566 2.8828939798141442 3.8379172503444585 -12.373640181656967 0
3567 4.1647727030790005 -5.6237626025858578 -0.40610566377924029 0
3568 5.0355983597788656 -4.8148468026470761 -1.6471362540019314 0
3569 -6.9169755653764051 1.0744029886514272 -0.080811456452602404 0
3570 -5.5607687850361343 4.0332383323195371 -3.2680659337139475 0
3571 -5.0607630402163659 4.7768608628836864 -1.833977883645284 0
3572 -4.39107311095895 5.2781734211982521 -3.3115619843124318 0
3573 -3.7515087906109623 5.8610745493039209 -1.8399324538676642 0
3574 -5.5368368713101841 4.2828515449255846 -0.060476043098381373 0
3575 -5.9171402282709789 3.206971633369804 -4.6732078512810613 0
3576 -3.5601025591410691 2.8381624503049263 -12.91271763694975 0
3577 -3.8078179810325881 -5.8737129052551431 0.010566369075051282 0
3578 -5.1490164289452887 -4.739764309672073 -0.36237104188342778 0
3579 -4.7657345272286369 -4.397070928051189 -6.4040381752199069 0
3580 3.963112463487299 -5.1305333668923909 -6.4122412509901983 0
3581 5.0730138420637285 -4.1822511931486535 -5.8352995026905612 0
3582 4.7374273680329981 -4.1255749677643676 -7.4996916822242179 0
3583 5.3730561971929385 -4.4865640542506906 0.077184604524513686 0
3584 -4.2924383570682521 1.8435982893058982 -12.66031739313302 0
3585 5.4005531038156755 -4.0818818150812843 -4.3254943540672999 0
3586 5.9589014055838989 -2.9640441102009403 -5.2683414563411652 0
3587 -0.0077317375203032621 5.6119436339152964 -10.16119302756448 0
3588 -1.167557074249733 2.5442048341736605 -15.581482676430662 0
3589 -0.046921849095994589 2.9280239214006047 -15.440916397094718 0
3590 -0.22120549279470886 2.0667254356167253 -16.233272317127344 0
3591 -1.0955284477257301 -2.7967020438034744 -15.355462701074376 0
3592 0.026222980723519609 -3.172920910646337 -15.153173599888033 0
3593 -0.11783110813588521 -2.35313475445176 -16.008112865346028 0
3594 0.9612797616538854 -2.6083558287671553 -15.602020862772632 0
3595 1.1171453610692705 -3.3764857157957291 -14.642358528789194 0
3596 -1.3709884020943024 4.8627623687835522 -11.766405500244419 0
3597 -2.4992434056727526 4.2987855956591421 -11.965299289865827 0
3598 -2.9727175897625826 6.1912336223745159 -3.2867252152796094 0
3599 -2.2029108795359731 6.6015906824652086 -1.8273835991577125 0
3600 -2.9762860922269603 6.3318693126376226 -0.53842093984019146 0
3601 -1.3016237960418313 6.876542936678737 -0.33416237064863397 0
3602 -0.488208662429512 6.9419608449957142 -1.8348687732053524 0
3603 0.39385188244265695 6.9878596627824976 -0.29442888606786582 0
3604 -0.57516545280552478 6.9500674332094965 1.4687283934237099 0
3605 -3.4787591597345684 -3.6731693953213123 -11.749382716074821 0
3606 -3.3022427507239129 -4.3974657117157463 -10.518122426387567 0
3607 -5.1638540076148089 -4.4372493831084032 -3.9500172651179959 0
3608 1.9912650846621403 -2.6213193553308285 -15.002901372321233 0
3609 2.1141596719493077 -3.3323070010008635 -14.040852226821677 0
3610 1.1674023487351717 -4.0002036426463476 -13.659617082920859 0
3611 2.1977509989103705 -3.9545611115692672 -12.972149430817577 0
3612 3.0778387449903133 -3.1108095558257038 -13.268486735246006 0
3613 3.1773330092284291 -3.7545281259623033 -12.09615661801473 0
3614 -4.8102066833531767 -0.90483052157780386 -12.153342439299134 0
3615 2.9107669758763146 -6.3600382250343692 0.67542840832890816 0
3616 1.3759525926141816 -6.8634044855431169 0.050554592377578554 0
3617 1.2407508177289295 6.8428559398604678 -1.9365630108021561 0
3618 2.2054554955650323 6.6404652987574666 -0.48684633874865241 0
3619 -4.945980560483779 -2.3659624715692096 -10.569029541368741 0
3620 5.9771081396163614 -3.6129378960674736 -1.141320175757764 0
3621 0.92697314082322702 2.5120806406040272 -15.707089006095039 0
3622 3.9431937643528268 -2.7662251167106877 -12.335426851800102 0
3623 4.0368300617433315 -3.3792368818977798 -11.204314012416882 0
3624 3.1319647647074573 -4.3294371038420776 -10.981540021652256 0
3625 4.0239798086936007 -3.9646569637622306 -10.039457460976678 0
3626 -5.3065006354450572 -4.4743214367504098 -2.2011737149402877 0
3627 4.7949686208137967 -2.8567950747195652 -10.259671765296567 0
3628 -4.5370143498010043 0.15108698864009118 -12.940588452097835 0
3629 3.0745618848058571 -4.8173249886394718 -9.8170923520913203 0
3630 -3.6941914173919774 5.6169180457386796 -4.736138606085107 0
3631 1.1445070532814121 -4.5242714730072997 -12.670783998244033 0
3632 4.8352180745202995 -3.483683809366843 -8.9180546522966981 0
3633 5.4703335903471801 -2.2170322370017268 -9.1387302493510241 0
3634 5.5145446831543072 -2.8501965691820814 -7.8567857001363404 0
3635 0.37732264571954721 6.8531972205733904 -3.3398954304760387 0
3636 -6.1633134170164983 -3.2731390108847163 -1.3304687342281496 0
3637 -6.7242022036626299 -1.942145893273016 0.27874725081134771 0
3638 -5.9961742497322605 -3.5990115314786024 0.74065601017605198 0
3639 -1.3302745269215968 6.7339142492824857 -3.3341097874706405 0
3640 4.7477292696138074 -2.0073612620348467 -11.501681350765489 0
3641 -1.246394878355283 5.7407511128956124 -9.2446232569259177 0
3642 -4.1906399416449567 2.8380226868895937 -11.743885449646818 0
3643 -4.8966294950852083 1.6905474063926134 -11.433664005354512 0
3644 -3.5788362006001138 3.8807401880983683 -11.163978567264241 0
3645 3.5509853428410567 -5.1108994398353786 -7.7825048340735172 0
3646 0.18065365147364812 3.6747810538937817 -14.462412722570219 0
3647 -4.9747816178145046 4.5318701637412611 -4.6800913448252004 0
3648 5.2273874471126058 3.8689925431090124 -6.2886951775492266 0
3649 4.9653959249305872 3.7543118525400052 -7.7752169111023921 0
3650 5.7808696726247408 2.663900314204863 -7.0742668082583373 0
3651 5.4769296318330518 2.5474652129670039 -8.5909878601372061 0
3652 4.6492600055837485 3.5846443092896361 -9.2587853487389378 0
3653 6.03683928452788 2.732203014242979 -5.4799884979835696 0
3654 3.9564949709660242 4.6027246450138843 -8.4690917143226052 0
3655 4.2222324165922434 3.4600342344319048 -10.641720815047977 0
3656 -5.3043679780083508 -0.94136535275957522 -10.854793787284928 0
3657 -6.5394829469472642 -2.3477118114946407 2.0655882130172682 0
3658 -6.5339876151495382 1.6875226702587736 -4.5169294266551008 0
3659 -6.765088445074265 0.0066972152237804138 -4.3670640561032164 0
3660 -6.1740798417986236 2.2364087492919773 -5.8885791394744054 0
3661 6.5663400220751669 -1.5011338832337742 -4.6269071085365896 0
3662 6.2189348647422911 -2.8144606018069371 -3.7651948843296514 0
3663 -5.1853696315684772 4.4931483928652325 3.3682449822715794 0
3664 -4.5744002383986686 5.2588409619040632 1.5728711738164811 0
3665 -3.1211516405444431 6.2099623465453941 2.0242985500207151 0
3666 -5.8620492982288148 3.7679350951221071 1.6091794628532177 0
3667 -6.6858269527123442 1.978456576117976 1.5077253955937409 0
3668 -6.7942274483798366 1.0064732615281484 3.2812552089432621 0
3669 -6.9723022370457786 -0.22267824979135228 1.4106967353047135 0
3670 -1.8685861396413825 6.6425263405360608 2.8583260764741305 0
3671 6.2256408249322837 2.8689971229054163 3.4433099234110869 0
3672 5.8591969138314219 3.7654771864849685 1.7017218230535671 0
3673 4.5502361094078339 5.2729538769384305 1.7022687845797737 0
3674 3.7108140402255438 5.7753836642657053 3.3252834073969666 0
3675 2.9313940168669395 6.3258885063439969 1.5167662701803903 0
3676 3.8096599474297825 5.8724183885227097 0.083894931970755052 0
3677 6.2554995448556019 -2.8613343235318998 3.1491851726189024 0
3678 5.7730411597020508 -3.9016723105311426 1.6272315693886581 0
3679 4.4248937636715189 -5.3894334803548078 1.4858450558101448 0
3680 3.707445147056847 -5.7702852349535183 3.3988365055314951 0
3681 0.01062700333041243 -6.8587002735783074 3.398366934762076 0
3682 -0.85261696538708365 -6.9047299870224927 1.8776298874108817 0
3683 -2.7068148546324959 -6.4247944212890555 1.526661866108828 0
3684 -3.7094595609085257 -5.7720317441630993 3.3682449881006922 0
3685 -4.7177650079557925 -5.130109363120976 1.5826224159668663 0
3686 0.10048511055047624 6.8784657373072262 3.1446125704673924 0
3687 5.0911864149719532 2.4754829177493436 -9.9990527166118621 0
3688 4.6916594840875758 2.3563166145718575 -11.244076765313796 0
3689 -2.1129394527376739 -2.0752317360749841 -15.403519430854157 0
3690 2.5662900033691853 3.3562548341051408 -13.554324509074275 0
3691 2.1813179326255683 2.8275509905134761 -14.621292385194741 0
3692 3.5212187641978372 2.8708110547589696 -12.93301786634799 0
3693 3.1835253229194667 2.2574036837128291 -14.112757502380662 0
3694 3.7841483233393318 -2.0401027986618323 -13.416225623415862 0
3695 -1.3236217556702219 -6.3044273398169768 -6.6519016376501661 0
3696 -2.7063340863233778 -5.7413176348536492 -7.1686178110989642 0
3697 -2.1323070525307029 1.8125712034045292 -15.582243495281217 0
3698 6.2864667617516643 -1.6786983172770589 -6.2684941070667755 0
3699 0.19042808320428906 5.9914009430708921 -8.7788244699313989 0
3700 6.8276588060774008 -1.4275926399585162 -1.4265753578925091 0
3701 6.8208480368618813 1.4615610655315396 -1.4158202967412519 0
3702 3.1554368629235303 4.2104192851073856 -11.212424622807669 0
3703 6.7834037649528138 -1.4958222646205632 2.1003269620569522 0
3704 6.7243375067186983 1.7585980912765886 2.0182259252808841 0
3705 6.3640127444325518 1.3750901755429243 -6.2431145461343034 0
3706 5.7562516672535162 1.2784310757800266 -9.1616004643064031 0
3707 -3.6936484456198451 -5.6563227775982847 -4.4536145077173055 0
3708 -4.8050203499493991 -3.9268643757625386 -7.8662907935184281 0
3709 -4.09159373866955 -4.1762041780126502 -9.3486371697123314 0
3710 4.9362858193057662 1.165819514909318 -11.716176443038993 0
3711 -2.2756400511683363 6.3291377708382681 -4.711351855028501 0
3712 -6.5270225519626957 -0.92563208423149312 -5.716787943014789 0
3713 3.8267741059146778 0.96847235906708251 -14.039130370223836 0
3714 3.8900319028680936 -0.96873508347548176 -13.93610784708514 0
3715 2.6722458667334856 -5.8185261928746588 -6.8706920996642618 0
3716 1.8827976260329988 -5.4877157385111861 -9.5118338561151887 0
3717 -4.011182580104462 -0.049195748259620961 -13.931618927611002 0
3718 4.6638353438224671 -5.0366915704065072 -3.3302240412440627 0
3719 1.18293016605167 -6.8672532975651182 -1.6136909064423219 0
3720 -3.6879782753631702 -5.4154717694446823 -5.9840915412626074 0
3721 2.0512388850908096 6.5274510433797444 -3.5896897504884446 0
3722 2.9289320702975083 -2.4768168506252231 -14.220469923516367 0
3723 0.89385435050729356 -6.8198817730359629 -3.1573642247748328 0
3724 -5.4052715593475877 3.5967648851596636 -6.3544729226993582 0
3725 -0.66003484407000068 -4.2176364575623859 -13.472749633040634 0
3726 -4.2145149070793693 -3.5021834524802222 -10.578254767286026 0
3727 -0.24557548191392745 -6.9441666163877178 -2.0581948520780258 0
3728 4.5982853700716397 5.1914652240132684 -2.3096473785905944 0
3729 2.4174327932070248 0.91302702270555258 -15.79923383574666 0
3730 2.5208720273220311 1.9340181332844357 -15.147897318686338 0
3731 2.5000504702464421 -0.86574261997065893 -15.738986170232684 0
3732 1.9026746441822779 -1.744733910458677 -15.801722182971929 0
3733 1.229104008220206 6.8718156787552074 1.2559556529057598 0
3734 1.1446570708569004 -6.8673509853621404 1.7667763404473331 0
3735 5.1381882025149581 4.7525620342466794 0.26798167330138634 0
3736 -1.5709840997643982 -0.20554046346469471 -16.558826020703247 0
3737 -0.95291913343176315 0.74610538746210897 -16.743986780606154 0
3738 -1.0633170762500064 -1.2111469204783818 -16.54327454473118 0
3739 -1.5398101604507854 -5.9832005696085231 -7.9922863735092875 0
3740 -6.4377574942536038 2.7481371427610632 -0.13347623347525892 0
3741 -4.436507553187786 5.4127839713955161 -0.33625331646412632 0
3742 -0.16859284964292132 5.1785559488973236 -11.430843469217383 0
3743 1.036990272468044 3.1341265636374915 -14.990779231857049 0
3744 -2.6149060662511063 3.6979221837309169 -12.962211420565806 0
3745 -2.1811431378543578 -5.0857266021886414 -10.411181064815906 0
3746 -3.594333706692781 -2.9438278098629271 -12.715755802574 0
3747 0.80792378226197792 -1.7267108216381368 -16.35742086616057 0
3748 -6.3555421944231512 -0.3503260185710077 -7.0739225365955019 0
3749 -1.3870175728510756 5.303081237327234 -10.572938950791499 0
3750 2.1398289640897663 -4.6281503200573564 -11.647362899399674 0
3751 3.7961004475394948 3.2763760801690829 -11.861522047718889 0
3752 0.46630037355262416 -0.93498602928078856 -16.809568163332838 0
3753 0.52202050362837038 0.94853866622026306 -16.795422869454374 0
3754 0.92325526189003926 1.7285475801624248 -16.320239057949575 0
3755 1.7286264792792909 1.6939474724781074 -15.951553836202484 0
3756 6.4178980097355325 2.7825915881926919 -0.6322182504857069 0
3757 0.18763477750207713 -3.8905887478189083 -14.125042517142587 0
3758 3.5164141602436132 6.0186848991955459 -1.5555441493871427 0
3759 -5.060853209207214 0.26785382611688291 -11.726761237075863 0
3760 -3.0760053320638407 -4.9613676578865826 -9.3816510060354315 0
3761 -3.5617583327037798 -4.991362824904872 -8.1998637331218056 0
3762 5.6880282790805561 -3.9168356864087626 -2.7740329923651612 0
3763 -1.2638020479735628 1.6308984871878554 -16.2447603061566 0
3764 -3.0959641705342671 5.7767950275557691 -5.9703577707113578 0
3765 -3.7437019056109291 4.2652637429084708 -9.9518759793478786 0
3766 -4.2930106615994621 -2.7827836700491244 -11.602924008649508 0
3767 -0.73145055250864333 -0.48843421261493414 -16.865272313098643 0
3768 -1.2468034572034696 -1.9381519704680927 -16.052296481824651 0
3769 5.8207689244468588 -0.99339630759624731 -9.1295594472331505 0
3770 -6.2196618778936639 -2.8404244346660947 3.6410718313641182 0
3771 -5.2693878166581838 1.8158514548917191 -10.285289741814772 0
3772 -2.4703228736993195 -6.5496159087768309 -0.014641521664130118 0
3773 6.4250347745790242 -2.6396745407017317 -2.1046713266871366 0
3774 4.9837739069390112 -0.93209331278355168 -11.721021333157958 0
3775 5.6736807592449043 -3.0541217226081248 -6.6427919890781197 0
3776 3.9270798376007097 1.8457855967194232 -13.339716309543043 0
3777 -6.5445818481852278 0.67902233566515402 -5.8018856574443847 0
3778 3.9863324337271751 -4.4582981314640833 -8.8343709605395535 0
3779 -4.39517131306894 -5.3121292102509869 -2.9382225590051769 0
3780 -4.1966982020156731 0.99907173623240053 -13.387923724943493 0
3781 -6.9850917826672232 -0.44895820052889046 -0.20216047510220711 0
3782 -2.5322326680453218 4.7345578221383162 -10.90743859991329 0
3783 4.261219466252383 2.1786412676178486 -12.406062068624131 0
3784 0.8801930900970274 6.6728818599748223 -4.6701294747001816 0
3785 2.68501417624663 -1.8737597347808455 -15.025719475642379 0
3786 -4.778129010496917 -1.8465005846037417 -11.586072320327046 0
3787 -4.5656183023035339 -4.8390716701510907 -5.2865458860623624 0
3788 1.741161338218161 2.3983331988606116 -15.401117513643845 0
3789 -3.3364051800895731 3.5743478147105936 -12.16528570020443 0
3790 6.2068190317048169 -3.2348042907913181 0.25974031757351834 0
3791 0.30305058167263837 -4.3796955774361015 -13.241044259675103 0
3792 -0.2540947595953672 -1.5307889780910375 -16.57704520381418 0
3793 2.8839983957193982 -6.3150756447915963 2.1753993525930273 0
3794 -0.0086824762660815871 -6.9963771006900295 -0.54646677716677894 0
3795 6.6889102911792699 1.4305675744967588 3.6119279394846386 0
3796 6.6991335380306074 -1.3797010487090011 3.6168880336028741 0
3797 2.3298459992021616 -4.9650865275338152 -10.563513398694985 0
3798 -5.8902978533136343 -3.6516983827500082 2.3912367429188164 0
3799 6.4262237128868236 2.7638960891133637 0.61691068630218826 0
3800 -5.8792582363407151 2.4240686027223992 -7.1046461456897285 0
3801 -2.5468130637282247 -5.5353316176835721 -8.3684804805342861 0
3802 2.4439705762400616 6.4991953236365267 -2.1550995178666104 0
3803 -1.8367279348986287 6.3083485245860063 -5.8644692026527849 0
3804 -0.48936267325859939 1.30363895919138 -16.660256597854143 0
3805 -5.9262101956881166 -3.5343038101965991 -2.8619344317648272 0
3806 -2.1006487827065765 6.6619579471324624 1.1011663545544299 0
3807 -4.6802576921745676 0.97881169447375582 -12.415943016831418 0
3808 0.07724826791576031 -6.9937908696181497 0.69085057595099575 0
3809 -3.6011073856511731 5.9950197329479487 0.73567677557189182 0
3810 4.5105519283092272 5.3402683691180419 -0.89710997233758583 0
3811 3.4176125654521115 -1.6748181078444093 -14.267709083580785 0
3812 0.92299862333522498 -4.9857069647956589 -11.720417458892769 0
3813 4.3901522311322791 -1.9145983787526744 -12.397821804966451 0
3814 6.5615935682822464 -2.4219106340531882 -0.68621100495025311 0
3815 -3.8819920757510769 -5.0275085956502226 -7.1444158442908119 0
3816 5.9623345753377883 -2.1896139922019424 -7.1451844298896825 0
3817 6.4404611247323382 -2.6689835119985372 1.5301686675005275 0
3818 2.9748318094792219 -5.1995723149076678 -8.7949242972063679 0
3819 5.9238459468764351 3.7283419960667543 0.21053288432510456 0
3820 -1.1867921970120792 -6.8965553335971777 0.4139187190713367 0
3821 6.7353230866295259 -0.69403037899234032 4.3128479942553239 0
3822 6.5709142661800506 -1.6352014915250717 4.3097405502495842 0
3823 6.5648680393379575 1.6604458628395828 4.3071569533248111 0
3824 6.7328451941172478 0.71990266451338636 4.3106532259876582 0
3825 6.8252358660030783 0.71934095128477349 3.3464127827267323 0
3826 6.8277224407361636 -0.69349385638510885 3.3486755379034832 0
3827 0.2369628873116422 -0.47513791894790225 -16.95102714748041 0
3828 0.78824021828915836 -0.47578775593465467 -16.852309036853399 0
3829 0.81606562600718313 0.48237163028119912 -16.843391153388936 0
3830 0.26559203203428089 0.48259466835784082 -16.947281271175964 0
3831 -0.48689624238946233 0.38122427899370981 -16.933535395411493 0
3832 -0.86121193870202284 0.13174631073573831 -16.867815353933111 0
3833 -0.36996930768382646 -0.24705110532828067 -16.965633670193156 0
3834 -0.25175981213048931 0.67067620271595996 -16.910743001166018 0
3835 -0.72611231301251322 1.0319374492064259 -16.721532785930876 0
3836 -0.13574793579421887 -0.72874308577066116 -16.904410870900762 0
3837 0.016583693241665035 1.1436590380523399 -16.771526670981107 0
3838 6.3641093049963242 -2.383103964860692 4.0774898823767503 0
3839 5.9666573178184921 -3.2527085186302767 4.0774605897214204 0
3840 6.5192255292092662 -2.1342376809974897 3.386727991317485 0
3841 5.4275111993772818 -4.0706252800169489 4.1868261589613782 0
3842 4.8016075868515538 -4.7929565584205704 4.186826159427433 0
3843 5.778760719082972 -3.7147348603692731 3.2643012705666101 0
3844 4.0596441597886201 -5.4337308691484161 4.2021010336525642 0
3845 3.2555994638968828 -5.9503967787432774 4.2020955377016227 0
3846 4.4918494726982159 -5.1841626982525177 3.3893543724523179 0
3847 2.3595917136009037 -6.3533903679209445 4.2529533503622519 0
3848 1.442560981873817 -6.6221099524961042 4.2528977484775856 0
3849 2.8440111656308869 -6.2359322073992924 3.4557043890685128 0
3850 0.4831756226223764 -6.7655802618050975 4.2018251530089605 0
3851 -0.47256087615620695 -6.7663217686695116 4.2019029872383324 0
3852 0.97633980839051104 -6.7839856914065884 3.4553192631722793 0
3853 -1.4481013996131076 -6.6280366859925977 4.1868261697052773 0
3854 -2.365166788058267 -6.3587619895590439 4.1868261691632407 0
3855 -0.97112563057708956 -6.7903882326734477 3.3891779405131661 0
3856 -3.256776835102436 -5.9515773217185037 4.1868261727842295 0
3857 -4.0608311643650863 -5.4348429807694805 4.1868261720487761 0
3858 -2.8500567182589012 -6.2407536786154179 3.3740280389865971 0
3859 -4.7885458597669928 -4.7907706702343997 4.288574488348659 0
3860 -5.4150064059993053 -4.0693005547900896 4.2886801655006614 0
3861 -4.480887184022488 -5.1839131582164155 3.4760776778697737 0
3862 -5.9443076509736716 -3.2398357903038093 4.3230417392978095 0
3863 -6.3411981737119794 -2.3707667794398724 4.3230417370970544 0
3864 -5.750195605940382 -3.7043380587365329 3.6128867466610819 0
3865 -6.6268806912871723 -1.4426817815787059 4.2085969759137152 0
3866 -6.7638663416072662 -0.49683299249475493 4.2087003353778272 0
3867 -6.5682671745939363 -1.9344595350020142 3.53249270328973 0
3868 -6.7700601998409891 0.50530815811337693 4.143507664806787 0
3869 -6.6319959176327998 1.4511990310528624 4.1432962562936195 0
3870 -6.8625201046890352 0.0083875133514277316 3.3526140170589409 0
3871 -6.3545270226405108 2.378926417241916 4.1787630636040456 0
3872 -5.9572062512230906 3.248236646514155 4.1787326819541546 0
3873 -6.5823321904045127 1.9497597249894127 3.322211107639395 0
3874 -5.427511167218336 4.0706253209339609 4.1868261702101091 0
3875 -4.8016075656313726 4.7929565782316317 4.1868261692001756 0
3876 -5.771119896236236 3.7112389509771537 3.3658988886213366 0
3877 -4.0608311713283634 5.4348429752534457 4.1868261744465016 0
3878 -3.2567768451665793 5.9515773159243199 4.1868261751900953 0
3879 -4.4928328744896779 5.1850055479991459 3.3740280421046269 0
3880 -2.3359214405492903 6.3969790244381945 3.9325841353914219 0
3881 -1.4164951095899623 6.661240497705796 3.9320488709957275 0
3882 -2.8202109414302119 6.2766915785551509 3.1191339661828978 0
3883 -0.42784682950049485 6.7823798915497449 4.0755669646584529 0
3884 0.52826187536383162 6.7753710648533501 4.0748550689266096 0
3885 -0.89333283034151312 6.8314796061938612 3.0067664577093969 0
3886 1.4660880657607582 6.6331962879112432 4.1008302199703852 0
3887 2.3827824456754332 6.361711360031638 4.1006026839197922 0
3888 1.0438601425409146 6.797125341154624 3.1752520572951313 0
3889 3.2576659486187269 5.9536422013876447 4.1653767337374514 0
3890 4.0618001174589731 5.4369123413698386 4.1653816138044952 0
3891 2.8672531254730438 6.2426262670831267 3.2659336145345295 0
3892 4.801607584703909 4.7929565607951048 4.1868261579217148 0
3893 5.4275112001332646 4.070625279271554 4.18682615745566 0
3894 4.4935564885554342 5.1867441468406881 3.3525153035899389 0
3895 5.9482423821606938 3.2546827145450434 4.2242156965908162 0
3896 6.3467343732348915 2.3860556879908215 4.2243888660243876 0
3897 5.7623750481604858 3.7177639546144325 3.4114859406188129 0
3898 6.4967324866158522 2.1629185092675351 3.5312551973438548 0
3899 1.8141795757879304 0.4846909643717775 -16.376897641881619 0
3900 1.3201723784025534 0.48503481384085351 -16.653322944056121 0
3901 1.3201723784032706 -0.48503481385091329 -16.653322944054061 0
3902 1.8141795757887529 -0.48469096438179571 -16.376897641879339 0
3903 1.0343185508427271 0.96476345472142033 -16.649343555616817 0
3904 1.0076738514149444 -0.95940038181820186 -16.660804368141427 0
3905 2.6854425291705613 0.46085502269461442 -15.659298078593185 0
3906 2.2604902236722229 0.46103490047811702 -16.050198862208536 0
3907 2.3017742001670318 -0.43707613337682083 -16.019516920337171 0
3908 2.7230131985543133 -0.4363260400164814 -15.625138436226202 0
3909 1.986446539766014 0.94304220351055157 -16.139442588999749 0
3910 2.0315769874075489 -0.92075196096149137 -16.113879942149033 0
3911 3.0709492007184074 -0.50641726378253926 -15.227125923280056 0
3912 3.4365626172841384 -0.50627865010678552 -14.759185918187876 0
3913 3.4365626172834536 0.50627865010697481 -14.759185918188779 0
3914 3.0709492007176546 0.50641726378272001 -15.227125923280916 0
3915 2.8563193754213199 -0.93932144320328881 -15.351782580938627 0
3916 2.8177950191111223 0.96409579629646958 -15.384679035317143 0
3917 4.0704557059289446 0.48746610631302806 -13.779605385056493 0
3918 3.7518924927049491 0.48731630322288844 -14.302992110371026 0
3919 3.7846206556640034 -0.48756419859781119 -14.251995985808422 0
3920 4.1004836897418615 -0.48738298440426625 -13.727013436419794 0
3921 3.5529692545713383 -0.99060439369503195 -14.448492250167927 0
3922 3.5186599076785998 0.9897566246591647 -14.498269232632587 0
3923 4.6563551543798516 0.5396428345278016 -12.625568583733401 0
3924 4.3798345833580559 0.53969840624922061 -13.196280300449853 0
3925 4.3756368425335621 -0.4995858984862202 -13.213798035799256 0
3926 4.6525835969663909 -0.49960598486450808 -12.6434749347635 0
3927 4.1488818466654296 1.0238772787104584 -13.464551660896889 0
3928 4.1770804784520257 -0.98371367603104642 -13.430747891370398 0
3929 5.146604572459724 0.58662168613868493 -11.434506683391362 0
3930 4.90452028316703 0.58662347995058128 -12.045702947015915 0
3931 4.9180293847501302 -0.46802743227782539 -12.043838188971115 0
3932 5.159392049354981 -0.46800682692341578 -11.432780395576678 0
3933 4.7000718106769561 1.1215879211402446 -12.300028730913587 0
3934 4.7247578761850884 -0.9652234455563532 -12.322459120170395 0
3935 5.5715943503463938 0.59919678680920818 -10.187936630027323 0
3936 5.3601438804513641 0.59910091348143246 -10.83641951792805 0
3937 5.3754054932205477 -0.57981377257036815 -10.797951792060161 0
3938 5.585635236718133 -0.5797856873301549 -10.149141377757598 0
3939 5.1603588866626033 1.1805702627422445 -11.123002966366421 0
3940 5.2022466090769264 -1.0447444452031316 -11.088001648114798 0
3941 5.9490955967271688 0.6430633179060542 -8.8216770380250438 0
3942 5.7675050240662138 0.64302103638932673 -9.5063635143208085 0
3943 5.787227992145116 -0.49855872294802139 -9.4868068056058377 0
3944 5.9678182591072657 -0.4985410530416175 -8.8022237344770264 0
3945 5.570942462423079 1.2369505272059413 -9.8453199840984631 0
3946 5.6203708071424581 -1.0752273105242545 -9.7914862704612364 0
3947 6.269647789635286 0.64779916988393094 -7.394939317136056 0
3948 6.116809673985335 0.64777726847768968 -8.1148540326069991 0
3949 6.1058338834810764 -0.6767318108548569 -8.1495948315148485 0
3950 6.2595840031883512 -0.67684611868825728 -7.4297964234044471 0
3951 5.9344856917634345 1.285292604621163 -8.4582308916250639 0
3952 5.9536643341932942 -1.171201190562889 -8.4764340471841457 0
3953 6.3851767905424985 -0.8466131393850006 -6.6565736493599408 0
3954 6.5098772846996251 -0.84664182566489765 -5.9013263092895505 0
3955 6.5305459564320865 0.69156593885862483 -5.8858201312382876 0
3956 6.4066022939062277 0.69158644333530506 -6.6407798043801121 0
3957 6.2383514862531131 1.333594773825959 -6.9985410449158678 0
3958 6.187821304470587 -1.5146108934300895 -7.045712792308044 0
3959 6.7336353734457859 0.69535094852393287 -4.3271130402345275 0
3960 6.6390587581527249 0.69536596627945846 -5.1169515774544339 0
3961 6.6376032723959408 -0.75555988713386446 -5.0776033715948206 0
3962 6.731452330547155 -0.7554511464941972 -4.2875416392204402 0
3963 6.4814097199275924 1.3807426240898091 -5.4763493318196774 0
3964 6.4365856123292993 -1.5924352194560496 -5.4491621619619099 0
3965 6.875337066183584 0.70263712877992957 -2.7000224234849881 0
3966 6.8117301725403339 0.70264375410414615 -3.5248803177600441 0
3967 6.8117301725403276 -0.70264375410420221 -3.5248803177600498 0
3968 6.875337066183576 -0.70263712877998563 -2.7000224234849899 0
3969 6.6689435539971509 1.3919547531486895 -3.9066452005063814 0
3970 6.6603239512758261 -1.4510186194419816 -3.8664121978414392 0
3971 6.9208315156988878 -0.71783307355084136 -1.8603662577710121 0
3972 6.9509033071826556 -0.71782979085282506 -1.0003344543481407 0
3973 6.9492286120139077 0.73509508612947738 -0.99499407914546134 0
3974 6.9192589458119445 0.73511010407848087 -1.8550673906699071 0
3975 6.7885694247721942 1.4313872990963843 -2.2606015918412772 0
3976 6.7918357319483569 -1.4143514398329105 -2.2659721845566096 0
3977 6.9513696449636138 0.7603081927948776 0.7694836155143433 0
3978 6.9583942567720509 0.76030732697331249 -0.12577411458935311 0
3979 6.9506829349921002 -0.82824721085604114 -0.10896940513575129 0
3980 6.9432851554466053 -0.82820460161480181 0.78645373175599875 0
3981 6.8362394139465197 1.4882850142385351 -0.54757899759190809 0
3982 6.8253300750217587 -1.5382225768440003 -0.53616274458315127 0
3983 6.9257726609227346 -0.75258832800553011 1.6601268386143884 0
3984 6.8772101941598667 -0.75264142067862805 2.5901722894286934 0
3985 6.8637251278359566 0.88695825153157459 2.5500953249125793 0
3986 6.9115012821634965 0.88677975377364837 1.6196435727854792 0
3987 6.788778891921015 1.6372057940565459 1.1698515653700161 0
3988 6.8023964254276832 -1.5722098389866066 1.2277121415916143 0
3989 6.7485102887179202 -1.4393061357344608 2.8591276862004209 0
3990 6.7160891766876389 1.5968333198109403 2.8157497683547152 0
3991 4.6306110728732941 1.6838149749887272 -12.07520496813102 0
3992 4.37921123485342 1.6355978283548203 -12.653609629050688 0
3993 4.2044535588499592 1.4658224562314222 -13.117418826408489 0
3994 3.8955745338878596 1.4138971025526978 -13.700542873139351 0
3995 4.1015548216302875 2.0158529625258979 -12.87683098129893 0
3996 4.1467558139978111 -1.5291642191527095 -13.182931992381638 0
3997 3.8628964228134115 -1.5145368950342892 -13.691675159236338 0
3998 4.0983809005432352 -1.9827839293241134 -12.913023250857783 0
3999 4.4352773326916761 -1.4603278230475203 -12.664891175164009 0
4000 4.7159226000165573 -1.4321403311331447 -12.071990605386057 0
4001 5.9757362430178835 1.9886618386746902 -7.4203888020231732 0
4002 5.6375665534928174 2.6096947724388819 -7.8346695004036429 0
4003 5.8247162794400644 1.9307095667663263 -8.1800114773206847 0
4004 6.1104071310445915 2.0321214683901485 -6.6657128036244133 0
4005 5.6491810776972269 1.9240480807853837 -8.8849849571930033 0
4006 5.7957127136311071 -1.7893721597635401 -8.4853678968638651 0
4007 5.5045293795334924 -2.5391915269322585 -8.5009237434779319 0
4008 5.8381370861118169 -2.1147259121377235 -7.8484912336721928 0
4009 5.6765080001475825 -1.6140162834793819 -9.1425984520400316 0
4010 5.7511033901334416 -2.5254662833330306 -7.5037865624941498 0
4011 6.030022133234489 -1.7718344113798381 -7.4851376176473456 0
4012 6.133327566758398 -1.936975371844512 -6.7084947629897611 0
4013 -6.7013701710506535 -1.6785009750961972 2.7414605699294028 0
4014 -6.8404868867067394 -1.3012876735768295 1.7417946295196476 0
4015 -6.9023869743115087 -0.60833599846300535 2.4127113035538597 0
4016 -6.3923741682346478 -2.5992735858496889 2.8542992036219466 0
4017 -6.9216906018049507 0.39408526988640463 2.3481862203241515 0
4018 -4.8990815205233629 4.8951759593540149 2.4722005246263601 0
4019 -4.1587886300060228 5.5378856026939651 2.4722573041398674 0
4020 -3.8783675124233903 5.7799927617371969 1.8009934538064716 0
4021 -3.4228419728509456 6.0042170475304557 2.6972787015010211 0
4022 -2.5070930508554863 6.457731146020393 2.4433322108667972 0
4023 -0.42224924957125803 -6.9022177946984513 2.6393276810571593 0
4024 -1.3988341164922888 -6.7731152630200233 2.6248495555820535 0
4025 -1.7968508314902232 -6.7289298482228324 1.7049024393828462 0
4026 -2.3271764299263946 -6.524382366551901 2.4487474895748562 0
4027 -3.2249773891785924 -6.1304249251017033 2.4496222167993613 0
4028 2.0943645340235286 1.3169022835851338 -15.902860871437476 0
4029 1.6350640182071752 1.3338324968989919 -16.209228245978878 0
4030 1.2349983519075833 1.3570353679005462 -16.405576857552592 0
4031 0.72982675255074747 1.3518590763852814 -16.585530240900464 0
4032 1.3351203655547814 1.7230945011054644 -16.154728439329222 0
4033 6.5203558008125633 2.0976180914180667 -3.5067079384174757 0
4034 6.4408153741281913 2.0899746863359714 -4.308851837372714 0
4035 6.583023804820658 2.1075708912055484 -2.6845795070405845 0
4036 6.2949802936178187 2.7862908299264859 -3.0813265184601706 0
4037 6.6219991204123509 2.1390422936085738 -1.8393534342818381 0
4038 6.4267739828898778 -2.1693198310315447 -4.1998333032612409 0
4039 6.5195398585222168 -2.1192077965315419 -3.4384303569113426 0
4040 6.3309426343220965 -2.7309316371401842 -2.9356373676429843 0
4041 6.6132020012009773 -2.0281895858765147 -2.6066235070604349 0
4042 6.6556944643037754 -2.042640425843453 -1.7669443380225704 0
4043 2.4588989164815969 6.4816093713334197 2.3577865179835649 0
4044 3.3338020048625898 6.0737702096953088 2.4225893286260805 0
4045 1.6035848265880803 6.751856147623033 2.2270864228133518 0
4046 2.0975785918517529 6.6538240358079568 1.3883056637664311 0
4047 0.66804925970543871 6.908800012770171 2.2021031356154315 0
4048 3.3063386565404462 -6.0621464168853212 2.7886361671335265 0
4049 2.4114689174032371 -6.4666556752302782 2.8396450234481878 0
4050 1.5384810876065116 -6.7420882667125435 2.6351082728169999 0
4051 0.58027022756262681 -6.8942514360933451 2.5845564104083154 0
4052 2.0320118126558007 -6.6490785459758559 1.9740005866667496 0
4053 6.6588868279810782 2.1575706896310964 -0.15578734657115276 0
4054 6.6537093365452167 2.1330840578414221 -1.0249160338893104 0
4055 6.5995622913942604 2.2695975903640417 1.3183907491763103 0
4056 6.6597724721849412 2.1471129643322207 0.46926471422657468 0
4057 6.4264062521267906 2.7751203123530104 -0.0076546596678657309 0
4058 6.7144580949367141 -1.9304534485563078 -1.0569224728919961 0
4059 6.696565245137073 -2.0374854886715639 -0.16590540153601502 0
4060 6.6456250357312996 -2.1644674897604084 0.94292509492079157 0
4061 6.6384692009375543 -2.0907605383611094 1.8164789577689242 0
4062 6.5531441252107223 -2.4576957347098167 0.30751650673299336 0
4063 6.3995460684273775 -2.8351533500366211 -0.21332204059470769 0
4064 6.3341500773322261 -2.9568000000823136 0.89520633891911827 0
4065 5.2633186430181569 1.8454103491466436 -10.272580840432143 0
4066 4.8995065936955209 2.4198923209347991 -10.624536838689561 0
4067 5.0667412139433416 1.7870221064262517 -10.897410381893643 0
4068 5.4616109335789309 1.8900700382305067 -9.5916093480235887 0
4069 4.8442287458249194 1.7721364784994955 -11.492296680067501 0
4070 5.1603886317712986 -2.0297291056757905 -10.375029087546322 0
4071 5.1521203603054957 -2.5465367175426685 -9.705419367453894 0
4072 5.462844190051003 -1.693698735667535 -9.8015403693407368 0
4073 5.1008365672414024 -1.5886825025202072 -10.984435342345661 0
4074 4.7896393668724375 -2.4414012624785122 -10.887726025716931 0
4075 4.8906844196743231 -1.4772583875882945 -11.621396540335564 0
4076 3.3143155144548242 -1.3445783410648848 -14.613346490770043 0
4077 3.6700568739540431 -1.3276495050527399 -14.112493001702738 0
4078 2.6164607937647468 -1.3823936622432442 -15.406241695438018 0
4079 2.9568753137443267 -1.4494668607130736 -15.001404684850373 0
4080 3.0651037832536865 -1.7823078210372758 -14.657895827754265 0
4081 -4.235327454620859 -5.479163058787873 2.4775874926534769 0
4082 -4.9568029164919247 -4.8272690930216768 2.5788386396082217 0
4083 -5.3550048460604378 -4.4331018444476609 1.9901415093646795 0
4084 -5.5480177886947883 -4.0878036510208577 2.9836459647679288 0
4085 -6.0714073750420683 -3.2548681604418057 3.0175385973534921 0
4086 -6.0749575134551863 3.324182898020108 2.4822557593851196 0
4087 -5.5454790477050464 4.1468206904340237 2.4903697972856786 0
4088 -6.4892821642566636 2.4262655076812938 2.4315478575785701 0
4089 -6.3374687016577278 2.9022901274802697 1.5611057975491969 0
4090 -6.766224338025669 1.4982658314156225 2.396063212563154 0
4091 3.2201058041116468 1.648916821928422 -14.553606514408067 0
4092 3.5492534470158135 1.6332328997802088 -14.105662653825924 0
4093 2.8660365952164795 2.1058786013555566 -14.642314038922027 0
4094 2.8811084897507389 1.483374015675339 -15.068657599415475 0
4095 2.4923073338402162 1.4368719185884371 -15.497978233714438 0
4096 1.7260572735665045 -1.3620732330664855 -16.139585337263753 0
4097 2.2240979935909508 -1.3187186260202211 -15.797734743184165 0
4098 1.1788329361584524 -1.358559740661579 -16.429185796070215 0
4099 1.3726120325878801 -1.7578947745463422 -16.114032094647712 0
4100 0.64328687677714391 -1.3437468174981972 -16.610527860278921 0
4101 6.0410878001412405 -3.3965813370720905 2.3900072408883628 0
4102 5.4964963689977511 -4.2106562821847122 2.4990712027326811 0
4103 5.1526490922839026 -4.6944610040603347 1.5592926745360938 0
4104 4.8300438096273668 -4.9669089349184485 2.4291693048510901 0
4105 4.0797489147002768 -5.5984939655031951 2.4437198900253425 0
4106 5.5432776145129923 4.1450113815667207 2.5366122645399476 0
4107 6.0653684053880994 3.329836257003159 2.5741672711255803 0
4108 4.8866627811180443 4.9019700962163979 2.5369169598476273 0
4109 5.2589186634676279 4.566278845522703 1.7049747549361443 0
4110 4.1456725483145389 5.5444270182908442 2.5153343532702968 0
4111 6.1378409128382323 2.7557944819753577 -4.6919256475422024 0
4112 6.3486842154346208 2.0702793646109119 -5.0989313658534483 0
4113 6.2366818602136824 2.0656549139925757 -5.8673346599408269 0
4114 6.0047502910909092 3.4260529142669416 -2.6660531173912951 0
4115 5.9393570219319853 3.4148747234696875 -3.4879128898477094 0
4116 5.5205146675906454 3.9956469289087786 -3.8847453352219694 0
4117 5.8641827049399105 3.3865304707386281 -4.3053390533256604 0
4118 5.7684097389149294 3.3651576943697905 -5.094887478015643 0
4119 6.0284015835856026 3.4822930894435782 -1.7713747389414194 0
4120 5.6176694499950575 4.0792726731068969 -2.1739776119759751 0
4121 6.3917953218001573 2.7911236963734658 -1.4461344031979615 0
4122 6.0625083346255346 3.4771757075297871 -0.9568749919530376 0
4123 5.1141200795319479 4.5613348565592142 -3.4686939258690841 0
4124 5.0357538269968707 4.530668675958653 -4.2857403585009735 0
4125 5.1269622750538471 4.6353027358225996 -2.6914733962111459 0
4126 4.5938091318287713 5.1265201724197835 -3.0869699172383136 0
4127 5.1453734532103494 4.6880671909722382 -1.7964174866977025 0
4128 4.4973861107757767 5.0077027987794729 -4.6691967485624728 0
4129 4.9499676701266893 4.4835013823474359 -5.0919188399227746 0
4130 4.8427397716566274 4.4353987477778158 -5.886523230977998 0
4131 5.3393816941919017 3.9204565784101324 -5.4957789840094566 0
4132 5.6652508144918698 3.3200173788105216 -5.8901833727083091 0
4133 3.999358626992608 5.4735045475881332 -4.2384510506450361 0
4134 3.909797201582244 5.422165774701968 -5.0439529374987622 0
4135 4.0718297487387529 5.5161139853406951 -3.4282354609984003 0
4136 3.4515734331916499 5.8857513202711571 -3.7971024796849218 0
4137 4.0786778502190648 5.5833039343615356 -2.6504874612317129 0
4138 3.2779048774142625 5.7717453212982797 -5.3990237534790451 0
4139 3.8122113015822681 5.3562048805296447 -5.837729192275579 0
4140 3.701409621822572 5.2843547318442203 -6.5953319657439016 0
4141 4.3014677658149925 4.8900334865412862 -6.2319942182619776 0
4142 4.7360923367106329 4.3683434078881129 -6.6451524712400545 0
4143 2.7296127377814852 6.1137501915185108 -4.9600400495474037 0
4144 2.627712903813805 6.0402311828332609 -5.752553279133271 0
4145 2.7298270162527056 6.2205352352903809 -4.1020475475308205 0
4146 2.0561869243077195 6.4355907875097778 -4.4485081938328079 0
4147 2.8054564471800649 6.2683076588675215 -3.2922447513699669 0
4148 1.9376332725423633 6.2465300817189409 -6.0599739680229128 0
4149 2.5098841375044403 5.9598244158320854 -6.5079255364176438 0
4150 2.3859479959229288 5.8674953631548981 -7.2368781233896105 0
4151 3.0568182797838435 5.6155504448366846 -6.9209834067332086 0
4152 3.5829706408042594 5.2020616686705949 -7.3264311844694188 0
4153 1.3566082070649046 6.4631778405110811 -5.6366647799161944 0
4154 1.2343081621451779 6.3682227187199025 -6.389599935211022 0
4155 1.4740308093443357 6.5271160510708084 -4.9912840096179432 0
4156 0.76184807424020595 6.6053780705239484 -5.3143935636827893 0
4157 1.4720098273893378 6.6285078156397166 -4.132905729196704 0
4158 0.51927016927120306 6.4145953702894607 -6.6877604409105507 0
4159 1.1119887011606238 6.2581930471973086 -7.1213487081253088 0
4160 0.98203794739941375 6.125326833474416 -7.8754541128709992 0
4161 1.6895804142874336 6.0358928266867657 -7.5689325651717878 0
4162 2.2602187806665701 5.7494340937506205 -7.9941764444506651 0
4163 -0.063694954571155468 6.5120165243600487 -6.234187672130246 0
4164 -0.18760252645456696 6.3832163421131751 -6.9625725774458154 0
4165 0.017296542893816918 6.6306987388861627 -5.448631420413041 0
4166 -0.68906901663884268 6.5562539064501157 -5.7165489744565665 0
4167 0.13715333678796734 6.7130835946486105 -4.805686704295189 0
4168 -0.90141555371877091 6.2729138936262112 -7.2198456237244164 0
4169 -0.32023050381031021 6.2357737320864581 -7.6846456423046936 0
4170 -0.42268077182587055 6.0792092619260192 -8.3652056363579828 0
4171 0.29317520924506568 6.1475529851480326 -8.0990729262085708 0
4172 0.88014859248974486 5.9836258200263917 -8.5593140398477168 0
4173 -1.469148189321517 6.2472139444965329 -6.7886810387163186 0
4174 -1.5980180580934846 6.0740971946468996 -7.5056930361342689 0
4175 -1.3072607426859988 6.3878128415614261 -6.1854319542538549 0
4176 -1.996448074970341 6.158451782342846 -6.4655060955972834 0
4177 -1.2282818852254296 6.5224783922366028 -5.4024657605550788 0
4178 -2.2691483883468404 5.8053110307080233 -7.7369458257360817 0
4179 -1.7172184255105243 5.8910289022233293 -8.1806958847782205 0
4180 -1.8217886515099917 5.6968773725694071 -8.832348794223595 0
4181 -1.1406223767056569 5.9312434338074205 -8.5929336484576542 0
4182 -0.53182917651119987 5.9088039465640945 -9.0227863069407004 0
4183 -2.8066682238818497 5.6773231240166089 -7.2413043081457236 0
4184 -2.9154490247543055 5.467279293013517 -7.9102169525637818 0
4185 -2.6322562903529145 5.9044042751408838 -6.5207197025549322 0
4186 -3.267679700036477 5.5440160234155291 -6.689008651440921 0
4187 -2.4795357188682581 6.0748865862075005 -5.9227552600507707 0
4188 -3.5143252371025935 5.0620347075892749 -8.0639260629535929 0
4189 -3.005745436906027 5.2444553650287986 -8.5729542482676671 0
4190 -3.0833689553342083 5.012672660822945 -9.2048779977591746 0
4191 -2.4680067982920533 5.3891870689578649 -9.043161692948205 0
4192 -1.9106808966199671 5.4899485926212739 -9.4713547679971199 0
4193 -4.0211598906944817 4.8325993652573196 -7.4759998729582486 0
4194 -4.0944534447711431 4.5850658170681342 -8.132133145947158 0
4195 -3.8925139189227447 5.1151439059730004 -6.7318485245548487 0
4196 -4.4556334521565537 4.6173646123254031 -6.7944790803839856 0
4197 -3.7372862395415156 5.3751666742786055 -6.0178974794331923 0
4198 -4.5845500563241197 4.0442966067979 -8.2805260826663059 0
4199 -4.1184003359738908 4.3199315589031251 -8.882388364374739 0
4200 -4.1819976121727471 4.0285102844875631 -9.4938199537669874 0
4201 -3.6744913823173371 4.550813101841138 -9.339179718479345 0
4202 -3.1709901645846532 4.7509945951468593 -9.8268270159147573 0
4203 -4.9713433837215399 3.7476068158924294 -7.7718794054115472 0
4204 -4.9720014274936615 3.4621438421160837 -8.5148228095374101 0
4205 -5.0048275595424974 3.9706966226047156 -6.9481209696102377 0
4206 -5.3737190961719588 3.3746209807497172 -7.1776823245948478 0
4207 -4.9082443291891362 4.2855941467066661 -6.21202766832086 0
4208 -5.3260435488059663 2.8333978267195277 -8.6223236320086194 0
4209 -4.9835042539735532 3.1605028032564504 -9.1437915071409588 0
4210 -4.97562728881827 2.7882040266513304 -9.8556477657931687 0
4211 -4.6112552804553815 3.4109582240983132 -9.7451066145593792 0
4212 -4.2102049606625096 3.6836194115034728 -10.218810507975681 0
4213 -5.6313541205957636 2.4761448982577168 -8.1117765663543437 0
4214 -5.606363034189572 2.1551649877734387 -8.730691453852911 0
4215 -5.6162995126787987 2.7896233169185831 -7.5540602181696688 0
4216 -5.8837421226438433 2.1059599512142007 -7.6592504707803828 0
4217 -5.6705330197089632 3.0254991317626487 -6.735252324396459 0
4218 -5.8169992076846224 1.4497593268203088 -8.7767637734301154 0
4219 -5.5666846515942288 1.8280561471161596 -9.3018510928993354 0
4220 -5.5228971001319183 1.4690830819090241 -9.8167779412295122 0
4221 -5.3018489246036582 2.1710692403792828 -9.7678266968150762 0
4222 -4.9736657996462359 2.4457131053805701 -10.383708079726743 0
4223 -6.0271738729702262 1.083178043030625 -8.2356507553881233 0
4224 -5.9437616504459827 0.74506470653688461 -8.7955119253791523 0
4225 -6.0784919430074051 1.4831307980308925 -7.6228747782189235 0
4226 -6.2043900022985188 0.77826010574505444 -7.6412659988263218 0
4227 -6.1021352318032145 1.8110155454890944 -7.0738446675637912 0
4228 -5.9747031143815317 0.028138058898381415 -8.8575067240941348 0
4229 -5.815552021290058 0.40128182067633211 -9.4115611415661302 0
4230 -5.6567436161887938 0.1207464537829237 -10.009330539787262 0
4231 -5.6154079790931055 0.83700333582781616 -9.9442864204234773 0
4232 -5.3989772761724284 1.1936459043875445 -10.424840189451277 0
4233 -6.1055235571685671 -0.34926347487590581 -8.2716291205584298 0
4234 -5.9297955854445021 -0.69332230662997929 -8.8756988052082182 0
4235 -6.2486226182251343 0.01111463050072669 -7.6623610174941552 0
4236 -6.2043008927894157 -0.71026905830314946 -7.6806497356201842 0
4237 -6.3539523254105434 0.41757031914484882 -7.0608077367455335 0
4238 -5.8017353230886535 -1.4063664513701388 -8.8774171028579634 0
4239 -5.7189473147760514 -1.0345727017070414 -9.4755689834187322 0
4240 -5.4468089007380565 -1.3446111827499083 -10.166492422431656 0
4241 -5.5752394246774024 -0.63109879842430061 -10.164788445492627 0
4242 -5.4311252873562958 -0.19391068573219397 -10.714728546420446 0
4243 -5.857101270743013 -1.7708278687877075 -8.25661904173705 0
4244 -5.597177312199868 -2.1002219959206134 -8.8436933603623924 0
4245 -6.0837532389209121 -1.430210746948376 -7.6576842065436237 0
4246 -5.8842293294463461 -2.1254828014232139 -7.6251605123935677 0
4247 -6.2765470507101737 -1.0754946878352791 -7.0588626269690584 0
4248 -5.3126400368071556 -2.7655482424197544 -8.7992068764909739 0
4249 -5.2989046871721834 -2.4166935338931674 -9.4312412103003904 0
4250 -4.9724454527651378 -2.7204898203974861 -9.9759971850768512 0
4251 -5.265632175315635 -2.0590501561883707 -10.023097144300353 0
4252 -5.1681145030693747 -1.6675188000810044 -10.727023239523108 0
4253 -5.2154003671801714 1.131465984487414 -11.001022122914481 0
4254 -5.2720025937482466 0.41318524947682822 -11.138453385956863 0
4255 -5.0220406188551827 0.98771655746276721 -11.597165771924407 0
4256 -5.0904449719761917 1.7557643181021569 -10.8621672733676 0
4257 -5.2174263003876495 -0.3390180189356688 -11.30356639534674 0
4258 -1.9782073896513297 5.2608025566769943 -10.133474959657036 0
4259 -1.3191017900335906 5.5319625360380957 -9.9118330844222484 0
4260 -2.5441244627464892 4.9558276925524858 -10.294164734368815 0
4261 -1.9721192963070135 5.0508185142088431 -10.751737960416282 0
4262 -3.1596656276488786 4.5310266575141993 -10.441815219715201 0
4263 -6.2430253808277625 1.7147103908336006 -6.4640170187302965 0
4264 -6.4059718537173573 1.4684068125183196 -5.8524570912367455 0
4265 -6.4147517745361142 0.93089261053560546 -6.4182316860495225 0
4266 -6.0332036641825173 2.3327653181825667 -6.4978059096728504 0
4267 -6.4758020785445147 0.16500401751313679 -6.4422457135690872 0
4268 -4.0255391361613437 5.2778850558785724 -5.3972037281001048 0
4269 -4.36815596016584 5.1138110045632068 -4.7142759729179371 0
4270 -4.6636259874577499 4.7290973582043074 -5.3683135128441224 0
4271 -3.4011508482811057 5.7070469715322041 -5.3548693577634081 0
4272 -5.212445905470668 4.081874124781022 -5.5213085722752577 0
4273 -0.11556320939499785 6.7884464263145841 -4.1383030033486934 0
4274 -0.48019865358699582 6.8466338780204028 -3.3413946321587944 0
4275 -0.97141862255444489 6.7199717710668621 -4.1345137634103954 0
4276 0.62974456640788823 6.773652657513237 -4.0060766875809399 0
4277 -1.8096472888172499 6.5557616964992445 -4.025253858594156 0
4278 -1.4531989321872982 6.5525791034777541 -4.8278631503549088 0
4279 -2.0585753326765639 6.326091838799492 -5.2889522281607197 0
4280 2.1166101794571031 5.6240325300848744 -8.7192882838803953 0
4281 2.795763778403952 5.4116584321447956 -8.3768669996329166 0
4282 1.4466473517724523 5.7557296233658688 -9.0148060924395743 0
4283 2.0035160407254553 5.4740738204603989 -9.4122227879627207 0
4284 0.76427321765035616 5.8232699265611565 -9.2494507188641624 0
4285 -4.4070514864503396 2.9449248254506024 -11.103994524692588 0
4286 -4.7901628763121273 2.3847118081678635 -10.960229013883138 0
4287 -4.5786460798540745 2.2817326865144505 -11.603818997111464 0
4288 -3.9091449010293489 3.3804875841210884 -11.466069876928605 0
4289 -4.1218981987075836 3.4853563151724001 -10.823433822866116 0
4290 -3.6671124813829494 4.079502524329885 -10.560780509604291 0
4291 2.9952066437519989 6.2374907714541736 -2.5729634497139746 0
4292 2.250570445429624 6.5219175143821166 -2.8730365471547428 0
4293 4.0779197329945482 5.6334916932517078 -1.9342500316860725 0
4294 3.522119248147634 5.9765945765548967 -2.2717118189711418 0
4295 2.9913267271166335 6.2823242681298783 -1.8564934704891449 0
4296 3.4659885287029479 5.094284506878247 -8.0675333038949653 0
4297 4.0779842848673331 4.7156909470833046 -7.7304534089479011 0
4298 4.6021426309129208 4.3086338811198148 -7.3885897343228164 0
4299 5.1033234394088467 3.8168365389546777 -7.0335758556177632 0
4300 4.4867223803230543 4.2026632161570996 -8.1300737578956266 0
4301 5.1059790024002858 4.7673566693882004 -1.0895839611690756 0
4302 4.5587337768111702 5.2708559925555791 -1.6036360428194159 0
4303 5.3980804691990762 4.4516651796221565 -0.50596169966416715 0
4304 4.8363493867573926 5.0589458799933329 -0.31469631085905819 0
4305 5.7857791675498511 3.9339931386427351 -0.53460249076304622 0
4306 5.5546908133215629 4.2586019053679784 0.23943029402729335 0
4307 6.1907889536569458 3.2659740676140743 -0.21095775546683396 0
4308 3.3282898610373923 4.9804612474930199 -8.7958191517290931 0
4309 1.8513450440864752 5.3159808738426628 -10.104978673254212 0
4310 2.5062530158019425 5.1423849061648683 -9.797283758324653 0
4311 2.9664570084201203 4.7512431801582089 -10.195899822564156 0
4312 3.1137789049760882 4.8992624264004903 -9.4999085793300857 0
4313 3.7562310659655633 4.5396082244549429 -9.1781640436974019 0
4314 1.208765531096438 5.4138661820595253 -10.368873483658961 0
4315 1.7292472823939562 5.1324971272914741 -10.77015355714712 0
4316 0.66537966629512124 5.638672183771595 -9.9431082338496459 0
4317 0.54077512325960275 5.4442548661503647 -10.604726711000543 0
4318 0.091507858758392624 5.8118142029640341 -9.4728115051587984 0
4319 1.5798288851453146 4.9437310281710065 -11.407479606860132 0
4320 2.2097321741754103 4.8076682439776812 -11.130015883482328 0
4321 2.6222098422779618 4.4386243589293084 -11.499902289058552 0
4322 2.768175287998182 4.6197034860888673 -10.859691979535954 0
4323 3.3554527010046109 4.3437092793423027 -10.55049439291952 0
4324 0.95421106326460359 5.0092034045154206 -11.646351589697902 0
4325 1.4498242470046316 4.7310461357844726 -12.024546578841948 0
4326 0.46028258334335181 5.2307639002823256 -11.241754302689161 0
4327 0.3279992098800445 5.0066753838678357 -11.854219636526217 0
4328 -0.088327486818545145 5.4053590880329372 -10.799442738947235 0
4329 1.2946500321738652 4.5023144922196536 -12.631617402231541 0
4330 1.90985804722967 4.4018596486697579 -12.377634000653229 0
4331 2.3335298381852421 4.0302737002957771 -12.691820330799889 0
4332 2.4853303781602638 4.2516091828297391 -12.081246392497016 0
4333 3.0248492536645757 4.0317441022269724 -11.796790773103375 0
4334 0.67543321255131228 4.5250061313013887 -12.866412247305069 0
4335 1.1479795130616661 4.2380580110311783 -13.239837164635858 0
4336 0.20450850811909457 4.7527241576001504 -12.471084206250937 0
4337 0.055657172448103205 4.4746514342304797 -13.072482924966911 0
4338 -0.29256189991898995 4.9296846850029601 -12.048410981261815 0
4339 0.97946463472554168 3.9594479665924522 -13.815865340053284 0
4340 1.5910746696364675 3.9073903066224513 -13.565431840501523 0
4341 2.0093501284020627 3.5176024820886469 -13.863928102117791 0
4342 2.1746468896037383 3.7886734643302868 -13.283389795665951 0
4343 2.7322726474357197 3.6072262687310239 -12.970164188524326 0
4344 -0.55915441470329719 4.3634594922386727 -13.223469423742353 0
4345 -0.087627050651092622 4.1772484356081225 -13.639605457728127 0
4346 -0.26094000807792983 3.8811693944193064 -14.133458315843113 0
4347 0.35442487852904109 3.9721942644234072 -13.971370220668145 0
4348 0.80779230744948383 3.6835769211767713 -14.322134814754396 0
4349 -1.0200166461225555 4.5041948985948386 -12.775253956662148 0
4350 -1.1607397613665424 4.1856387629106857 -13.331311294689478 0
4351 -0.8973892874924787 4.782436840681914 -12.221045920224231 0
4352 -1.4942989647241869 4.5861223069050068 -12.319957060245452 0
4353 -0.77485401433572831 5.0536831355269687 -11.611489417729082 0
4354 -1.7413202147915519 3.9351866230414623 -13.408290029125991 0
4355 -1.2906948630806183 3.8318889613427576 -13.877056425041225 0
4356 -1.4201252984840242 3.4738772700654823 -14.35025181134251 0
4357 -0.8357848710590845 3.7137197480698649 -14.26664265707451 0
4358 -0.39589493508782209 3.5480174092643457 -14.622912314189628 0
4359 -2.1264322176775905 4.0181814617107534 -12.926869333818933 0
4360 -2.2457109008939535 3.6398758291939437 -13.457898824552373 0
4361 -1.9485163247041 4.6124952341228491 -11.879704579525855 0
4362 -2.0631956231833168 4.3101529230754814 -12.422755468808143 0
4363 -2.5634993277993421 4.0083996624687224 -12.46905374699141 0
4364 -1.9570328422028991 3.1623938960312552 -14.402326930725346 0
4365 -1.515983647157366 3.0789874181480181 -14.816600650832658 0
4366 -2.3862822969569342 3.2292054435836421 -13.925244966651913 0
4367 -2.4670450743855077 2.809315695623781 -14.372021007261855 0
4368 -2.7570558890189703 3.289629097350335 -13.429139921487776 0
4369 -1.6121645234055901 2.659524484421929 -15.230038869355072 0
4370 -1.0728772391447063 2.9674286311928597 -15.17484102415944 0
4371 -0.61447374124163712 2.7687107711218517 -15.542223934449597 0
4372 -0.51013420836809464 3.1671060112246563 -15.109774882033577 0
4373 0.067238041321704883 3.3197763424609956 -14.965708435368452 0
4374 -2.9177772065456598 2.3926934443257739 -14.318605521213414 0
4375 -2.5066504330235722 2.3467435088478101 -14.814185885789614 0
4376 -2.5440654463449621 1.8701165875854944 -15.172332594518878 0
4377 -2.0990908884160286 2.292597149995478 -15.231967426054181 0
4378 -1.6708864525824862 2.2060538793237914 -15.615065534731464 0
4379 -3.3070299720877903 2.4194560397966391 -13.783032998296314 0
4380 -3.3223792441308131 1.9370162319688764 -14.204499054122316 0
4381 -3.2268146386097354 2.8530452676383815 -13.40074182897912 0
4382 -3.6404349492619343 2.405090647178691 -13.293577712690887 0
4383 -3.1126356803170281 3.2946432103452743 -12.955199487136323 0
4384 -3.6601085868680427 1.4389235159512919 -14.063316826199914 0
4385 -3.2852594438161429 1.4205115231851431 -14.609672382029856 0
4386 -3.2216944132843013 0.90311185504450231 -14.932273232406979 0
4387 -2.9017642467794045 1.4093100145568735 -15.08719767920967 0
4388 -2.5086562070183778 1.3661236894432864 -15.520139108187838 0
4389 -3.9669263496267169 1.4837403419059068 -13.535230576394932 0
4390 -3.9019321869727914 0.95659964072656112 -13.921422659968222 0
4391 -3.9556682292165366 2.3584076048866778 -12.802649679631054 0
4392 -4.0007094460894548 1.9018592578111293 -13.163048759209236 0
4393 -4.2618466958053736 1.4271208586745499 -13.033079390925808 0
4394 -3.4729953133609284 0.38870509293325967 -14.729883716157881 0
4395 -3.0991854337992009 0.37998099957263642 -15.215085103822425 0
4396 -3.8228689977857431 0.4323079654509292 -14.202218946848102 0
4397 -3.6754714573276663 -0.093412530590969559 -14.46625283225459 0
4398 -4.1309674017161466 0.47806575730683448 -13.674940779829699 0
4399 -2.9254175635250341 -0.15100318594098211 -15.439895714310937 0
4400 -2.6970434227446423 0.36689554710275535 -15.662185411429011 0
4401 -2.2624984911073072 0.33757794974152594 -16.066636716052177 0
4402 -2.4134004586339901 0.86627035784251061 -15.818386586107227 0
4403 -2.0666383793130696 1.3344432112210862 -15.915625231633042 0
4404 -3.0908454582350751 -0.65682635924914989 -15.169389328763637 0
4405 -2.686143331787914 -0.67010862300145579 -15.613955726196728 0
4406 -3.4678988538470574 -0.64339581277475888 -14.684268200921803 0
4407 -3.2104611189980519 -1.1578677164312949 -14.842581756755957 0
4408 -3.825723705388282 -0.59974475520709591 -14.161746202462126 0
4409 -2.3909197529627102 -1.1749573684941441 -15.720752317542232 0
4410 -2.2487961766836873 -0.67444921328353991 -16.015325460175188 0
4411 -1.7728698287876019 -0.69513170395334412 -16.358862277672145 0
4412 -2.059713583352647 -0.18630767380585561 -16.241110132279356 0
4413 -1.7906878179242867 0.316568925806823 -16.416356292623661 0
4414 -3.2794015382483264 -1.6518097015668394 -14.473358724302678 0
4415 -2.8900809119950526 -1.6610631952101467 -14.948700782992084 0
4416 -2.5327662637234485 -2.1163084659474607 -14.991651003180989 0
4417 -2.4892348856995166 -1.6368151207070953 -15.383528016802407 0
4418 -2.0394992367134983 -1.6352838930752076 -15.770068297815641 0
4419 -3.6266103113925108 -1.620168658457253 -13.998086667648039 0
4420 -3.2930951877199801 -2.1158270231579555 -14.09383511687944 0
4421 -3.9154829043991328 -1.0891452751863904 -13.841313890332833 0
4422 -3.9636033012097145 -1.56845360545165 -13.484543550662158 0
4423 -4.1441743084705989 -0.54306819054339217 -13.637006235116637 0
4424 -3.2601688329123455 -2.5643692488166985 -13.69406579067404 0
4425 -2.8920155266864227 -2.5825481847529246 -14.153944945372416 0
4426 -2.4304797972949359 -3.0049720316489594 -14.17397823528418 0
4427 -2.4914679764816632 -2.5814286643705824 -14.597474666123274 0
4428 -2.074551266937593 -2.5431647770773864 -15.01567272220071 0
4429 -3.6317623656981914 -2.5241096560620933 -13.176913074741757 0
4430 -3.224533875172932 -2.9857653172715795 -13.232391127860719 0
4431 -4.2765198399760882 -1.5214852541710919 -12.941451466093401 0
4432 -3.9711128080978799 -2.0456263098766381 -13.088552704470747 0
4433 -3.9634589770051241 -2.4865158353054428 -12.644494672151831 0
4434 -2.3499213455733012 -3.3936471198548199 -13.729706620827177 0
4435 -1.9277769538791543 -3.3658463638204017 -14.15145769111759 0
4436 -2.7594474790645873 -3.4037290448828799 -13.257437342479774 0
4437 -2.258776557039416 -3.767072441455285 -13.236737741103562 0
4438 -3.1543350846893818 -3.3850692157823254 -12.756700305075112 0
4439 -1.381777460863582 -3.6541617780352826 -14.106173279045255 0
4440 -1.4770363045325043 -3.2909336512540768 -14.569023977647021 0
4441 -1.0112768251894695 -3.1844869935567326 -14.938450969973688 0
4442 -1.5626345398367489 -2.9068592956893324 -14.992046145194484 0
4443 -1.6246317551917684 -2.4669401638205004 -15.412300156557878 0
4444 -2.1371492048305702 -4.1205917964528798 -12.724721620172119 0
4445 -1.7087082228966164 -4.0787919472009131 -13.177942486789403 0
4446 -1.1228299699042825 -4.3315952971501952 -13.072965270072075 0
4447 -1.2564377085027023 -4.007051161497861 -13.601063601961604 0
4448 -0.79166632661466541 -3.894840151760397 -13.994027191690524 0
4449 -2.5600388520849551 -4.1289455305082008 -12.239135003342833 0
4450 -2.0135999981443562 -4.4471003706080143 -12.183761487818158 0
4451 -3.0847335602442612 -3.7386887565383877 -12.265277599898862 0
4452 -2.9790993477196284 -4.0939882916216721 -11.738878007570982 0
4453 -3.5477427375242048 -3.3189729333736113 -12.239118198252214 0
4454 -1.8596360750946701 -4.7557792932005123 -11.62784098088723 0
4455 -1.4196558969323485 -4.7093982967260724 -12.095686406134282 0
4456 -0.73031078704608754 -4.9297409121703195 -11.938176543781546 0
4457 -0.89399243093309977 -4.6550316686884576 -12.509254757175684 0
4458 -0.42973682150797909 -4.5349512252517155 -12.907929942411007 0
4459 -5.8803163888606607 -2.4892135609556272 -6.9652576014774592 0
4460 -5.6051210553613666 -2.8122589286104445 -7.5535277709694117 0
4461 -5.2065148358712285 -3.5572671581239259 -7.3814404586017703 0
4462 -5.258186319937427 -3.2182590792438348 -8.0525675975540469 0
4463 -4.9076208860048904 -3.5071447832296405 -8.6257690492018444 0
4464 -2.315625160951059 -4.7848057197209712 -11.060940325957549 0
4465 -1.7261111151539856 -5.0585271423451141 -10.977530660992597 0
4466 -3.4014787877524997 -4.0483831862570714 -11.139848310017271 0
4467 -2.8806890759231631 -4.444088266466081 -11.116309188837448 0
4468 -2.7595607161398958 -4.7724974139720011 -10.476152610403906 0
4469 -0.61886958981695261 -5.1764849216378614 -11.344575471591625 0
4470 -0.084374206837706606 -5.064393429715297 -11.733996703002898 0
4471 -1.09629375896828 -5.2473555930601368 -10.932186507771162 0
4472 -0.45348258733945446 -5.4078525630765171 -10.737879672803691 0
4473 -1.5660441503294977 -5.3176372306190478 -10.380613171299416 0
4474 0.47720929869378637 -5.1579277968724195 -11.434433375969608 0
4475 0.36561074439969443 -4.9302725571174175 -12.035217229733689 0
4476 0.47845449107541943 -4.7123126020964969 -12.517204705546055 0
4477 0.72659438672363075 -4.4693021695330923 -12.964431898834279 0
4478 0.053635924802803547 -4.6111941950425468 -12.789607755819336 0
4479 1.0356706662397961 -4.7638107193607242 -12.199430966693708 0
4480 -0.1793998905604294 -4.3205277897477172 -13.368365935064041 0
4481 -0.27054567882435809 -5.6073101088845325 -10.155052880596703 0
4482 0.21096592478103862 -5.4849074218075353 -10.549979265241216 0
4483 0.86531784991581662 -5.4717259844273718 -10.392310828565291 0
4484 0.6832643295956744 -5.298840235153488 -10.983868267029827 0
4485 1.1279957587553502 -5.1187146060138851 -11.267730386670786 0
4486 -0.76195886861222806 -5.7001589434234976 -9.6922842624165728 0
4487 -0.098648537251977253 -5.8009306662265212 -9.5116549032529232 0
4488 -1.3984633889840254 -5.5352687455290503 -9.8364938155904689 0
4489 -1.2300854308657201 -5.7561219346596806 -9.2010331947163717 0
4490 -2.022174323790249 -5.3269162437086761 -9.8752936234424471 0
4491 0.094165251998481928 -5.970577106736398 -8.8712167150379209 0
4492 0.58630861813003343 -5.8250289769271486 -9.3192863557410135 0
4493 1.3370084913022477 -5.7593483679161421 -9.1006043082228416 0
4494 1.1473386121735076 -5.6185948832422064 -9.7491356309568733 0
4495 1.6100501210588172 -5.3749060317422011 -10.164702597566835 0
4496 -0.40816789028139239 -6.0830016801616997 -8.3531876780975676 0
4497 0.27721638615727534 -6.1329664627162863 -8.1673234254584468 0
4498 -1.0686712705441614 -5.960820398057626 -8.5265209169478808 0
4499 -0.88734554987115855 -6.1498414673777919 -7.8289202145447216 0
4500 -1.7010867097368929 -5.7770487771081864 -8.6656150247473569 0
4501 0.4770446365927985 -6.2669117324482038 -7.4846687143895316 0
4502 0.97677256202582841 -6.1008506597104288 -7.9905302045040161 0
4503 1.6790603728865476 -5.9995009396989234 -7.7511937586200457 0
4504 1.4837120358181521 -5.8924771915021612 -8.4398748904454255 0
4505 2.0298035894179938 -5.6208622136027646 -8.8520696879071519 0
4506 -0.047170018994898248 -6.3867829051576246 -6.9572442985852598 0
4507 0.65455351051648836 -6.3845673627325636 -6.7864816642210233 0
4508 -0.77745620928213632 -6.3017911322752349 -7.1562506091993905 0
4509 -0.60028631057270443 -6.4465023878002929 -6.4630410742166493 0
4510 -1.4336826097301005 -6.1522532976590281 -7.323797375545503 0
4511 0.87361597016960413 -6.484484560893506 -6.0413637610639324 0
4512 1.3917313874117667 -6.3063739843701434 -6.5583709312254834 0
4513 2.1490623295315832 -6.1282332713545653 -6.3451689060408496 0
4514 1.9368284651175476 -6.0590154557808908 -7.0958465312521746 0
4515 2.4256525865652607 -5.7878175756600871 -7.5314605765754061 0
4516 0.32157707922065454 -6.6141703481541612 -5.5109518227678542 0
4517 1.0628527243967913 -6.5673179883410286 -5.2877526843421103 0
4518 -0.43450853317088328 -6.577852755579948 -5.7177543545462033 0
4519 -0.24384542309476978 -6.6899482581750016 -4.9682729412821685 0
4520 -1.1617013403795118 -6.4595762129029239 -5.9111274642599572 0
4521 1.2636395672509495 -6.6273725063350799 -4.5311889148831543 0
4522 1.8054597867052584 -6.4351485064000702 -5.053050467845928 0
4523 2.5294811184438939 -6.2153192849525984 -4.8398275210176029 0
4524 2.3363164062088662 -6.1825881224503156 -5.600071792769203 0
4525 2.8588029758947098 -5.8706215858451687 -6.1260914014685905 0
4526 -0.80528189775300973 -6.7130097221530471 -4.4030351863029189 0
4527 -0.050432252899612541 -6.7827673993969837 -4.2004619404237999 0
4528 0.7037826280976901 -6.7710483836014754 -3.9590882479616369 0
4529 1.4529623334385939 -6.6732339877897831 -3.7283504201735349 0
4530 0.14182711768308809 -6.8570649581576912 -3.4004728692099371 0
4531 -1.5810940749082516 -6.5485754267415377 -4.6183111731230007 0
4532 -1.3917279215338325 -6.6741721420681897 -3.854105066782437 0
4533 -1.7390048294851437 -6.4068307705982432 -5.3914185507959935 0
4534 -2.3094815510442013 -6.3010715484112865 -4.8344996929539246 0
4535 -1.899401020955235 -6.246321925856634 -6.1321972762130388 0
4536 2.7221020258901762 -6.2279401195272861 -4.065897450340576 0
4537 3.2282159468202591 -5.9146693433635393 -4.6048867473901431 0
4538 2.1841817936845134 -6.4921273514926989 -3.5039096165764891 0
4539 2.8986211602497898 -6.2274991211175719 -3.2729449667877635 0
4540 1.6377745414280878 -6.6973488031348714 -2.937681714788722 0
4541 2.1113363449559208 -5.2388436559730263 -10.041717330327382 0
4542 1.8373309284303012 -5.1219561643494291 -10.693929664472746 0
4543 1.7427482213080485 -4.955120172351025 -11.237126942839247 0
4544 2.2379246623223339 -4.8032444213598247 -11.108036226593766 0
4545 1.541877572596946 -4.8397732195317866 -11.69734953783728 0
4546 2.8819532662448335 -5.4641027249624123 -7.9951016126930741 0
4547 3.1249737539480393 -5.4881727992685017 -7.3319123918466449 0
4548 3.268248902516373 -5.1636733316813643 -8.2910115520821659 0
4549 2.581166993245589 -5.4862487589477906 -8.4960618557620826 0
4550 2.440016501928481 -5.3682891124969885 -9.1605094505245148 0
4551 -1.9635758872169915 -6.5816647565763731 -3.2817708749727847 0
4552 -1.1949197299181229 -6.7804355557803095 -3.0698723241621391 0
4553 -1.0131658191463722 -6.8623137601164039 -2.2809766548663406 0
4554 -0.42939833407121769 -6.8876910094625554 -2.8480937511159636 0
4555 0.32542783242276424 -6.9093790492525535 -2.6095312238899036 0
4556 -2.7108206565104003 -6.2949754244556644 -3.4556922535458643 0
4557 -2.5241736378673267 -6.435518791158696 -2.6743471516208603 0
4558 -2.9472518675741655 -6.1017063220638619 -4.2641221941318737 0
4559 -3.4776575997760562 -5.8861743462033296 -3.6500137388958813 0
4560 -3.0931017935964955 -5.9276843661518797 -5.0332278199159228 0
4561 -0.44872103889297243 -3.3823743191633615 -14.843756256940939 0
4562 -0.54057317900850133 -3.0178636110558554 -15.282697219247954 0
4563 -0.3677184224316758 -3.7472926348952753 -14.331160519043017 0
4564 0.10744502824983396 -3.5488027233324346 -14.651041222500689 0
4565 -0.23740544279920955 -4.0748021252077926 -13.81078549213751 0
4566 -2.2059208936576495 -5.553581047290983 -8.8540167437658983 0
4567 -2.0513542742336806 -5.7819350938687988 -8.1858249421975753 0
4568 -2.6379211934193378 -5.0414103829459842 -9.9023650586683818 0
4569 -2.4814675922779355 -5.2881493481511157 -9.3674237657781809 0
4570 -2.8187022752071642 -5.26196438290751 -8.8789608735897225 0
4571 3.8918899287035091 -5.5343129401805031 -4.3610090931327914 0
4572 3.7119447169554713 -5.544857801718587 -5.1380320836718107 0
4573 4.1570136780427918 -5.1288846816936022 -5.650685689851537 0
4574 3.5163761921986367 -5.5437429713143809 -5.8999854152534148 0
4575 3.3389702007914424 -5.5096622936317585 -6.6486548110306192 0
4576 3.0923187198743216 -6.1976522353764834 -2.4607453760000766 0
4577 3.6016610931598074 -5.8723423937458445 -3.0173298785491305 0
4578 4.2407940658978784 -5.4511993607832032 -2.7690946080806569 0
4579 4.0624902252763073 -5.5062642767776664 -3.5834613566140856 0
4580 4.5074255952513793 -5.0813539159652938 -4.109209515991207 0
4581 2.5302234061083495 -6.4800350378474167 -1.8922848589189976 0
4582 3.25170481406527 -6.1620519750333376 -1.6391170713180772 0
4583 1.7804507086119208 -6.710860325951586 -2.1644948007168407 0
4584 1.9495477904315714 -6.7002194598718807 -1.3441273026984462 0
4585 1.0397139075882589 -6.8522779202543038 -2.3860418207809766 0
4586 -6.1338682768136286 -2.1340396340578605 -6.3429593911614095 0
4587 -5.8614194254639091 -2.8235944732135421 -6.2726180593793197 0
4588 -6.344579895086623 -1.3610654532217037 -6.3764716771362133 0
4589 -6.3703060548950363 -1.7108062338208474 -5.6915387762136689 0
4590 -6.4538450087148034 -0.63922332200281695 -6.3974666299731222 0
4591 -5.7937702666662272 -3.1773562097761388 -5.6102804947179115 0
4592 -5.4890865960136068 -3.5076153929726401 -6.2232883727873585 0
4593 -5.0882451869281109 -4.1282566663546039 -5.9820096076623832 0
4594 -5.1995971418761862 -3.8026876543989432 -6.6525820240737517 0
4595 -4.7937676930061288 -4.1692648751506773 -7.137282500532641 0
4596 -6.0701585344730216 -2.8229023855726161 -4.9678371140625543 0
4597 -5.7065035130646455 -3.511660079281306 -4.9199171851257164 0
4598 -6.3556003826604028 -2.0797631245757278 -5.024812954458052 0
4599 -6.3145632145625727 -2.4354532901021706 -4.3408692791055898 0
4600 -6.5547717063365232 -1.3037909144873179 -5.0565033298469988 0
4601 3.4538308741222501 -6.0809747975816579 -0.7398092058985456 0
4602 3.9809481720078272 -5.7326338302428548 -1.3054808702060416 0
4603 4.6200152613362437 -5.2418032305236029 -1.0273686081672531 0
4604 4.4391260860331148 -5.3538804915561728 -1.927807395280291 0
4605 4.8581494201793447 -4.9343339928345209 -2.4894127767062266 0
4606 -3.0633453449313239 -6.2356566721511051 -2.0785239887139384 0
4607 -2.3287479597889065 -6.5544194992766283 -1.9068816971764468 0
4608 -2.1276376635493213 -6.6528091706582329 -1.1215901995413609 0
4609 -1.5648274793553802 -6.786245942772168 -1.7141327230188717 0
4610 -0.80413319930494831 -6.926383799333462 -1.494266790024853 0
4611 -3.7737363787655105 -5.8232471468635243 -2.2373278181470098 0
4612 -3.5948595616056718 -5.9757628629040793 -1.4717281891573735 0
4613 -3.8401624817963635 -5.7300684585246842 -2.8934342595162583 0
4614 -4.3359880247802067 -5.4143552624318829 -2.2833285227130684 0
4615 -4.0551916088195537 -5.4988460356145525 -3.6975853717667326 0
4616 4.7262020403272489 -4.6672613591957388 -5.3647168577372986 0
4617 4.5465947387762489 -4.6857974149861432 -6.1302929526412324 0
4618 4.8994087600533645 -4.6250932206876776 -4.6106455766439334 0
4619 5.2440690327974258 -4.1378151507808818 -5.0815939244503063 0
4620 5.0540793307981016 -4.5791151160083396 -3.8306716150821556 0
4621 -2.0286693517541936 -6.0637968770081176 -6.9181761186730215 0
4622 -2.587292761735656 -5.9487014954826947 -6.388050821018485 0
4623 -3.20940708117271 -5.5997700600074252 -6.5806136780743181 0
4624 -3.0913590817051864 -5.8086800671623378 -5.7995256449840058 0
4625 -3.6954719550107491 -5.5428847578992064 -5.2199687340121388 0
4626 -1.6925245344125126 -2.0218065999146884 -15.747868910170258 0
4627 -1.6064413833834903 -1.5697548259099614 -16.101120119442101 0
4628 -1.5106998513565244 -1.1999451666360257 -16.341582226579881 0
4629 -1.3379659665639008 -0.71953788816359576 -16.594823667149935 0
4630 -1.1626818072265981 -1.5850395998811695 -16.31591943238783 0
4631 -1.63131951453125 1.2452135075994395 -16.25297545695733 0
4632 -1.7120090676356472 1.7358839660208003 -15.935524742905725 0
4633 -1.2833140699362178 0.27485783272340214 -16.698536115139117 0
4634 -1.4749756874937068 0.79799050999739374 -16.504936258300241 0
4635 -1.1206250110234541 1.2016531513195063 -16.525037444400603 0
4636 0.61330713792322633 3.4295343336281707 -14.744878701386853 0
4637 1.2322210486642224 3.3887852158070402 -14.570976455153346 0
4638 1.8146458454819063 3.2499463332925842 -14.397334492324436 0
4639 2.3826116898973777 3.1033750563281761 -14.096643807928734 0
4640 1.6252866252408793 3.0107230803516187 -14.830995595039235 0
4641 -4.0467425019311518 -5.7020122369447597 -0.80886951267357277 0
4642 -3.3513305432819416 -6.1397618846662576 -0.65123576873622058 0
4643 -2.6737549683185784 -6.4634646410922985 -0.66357888035571533 0
4644 -1.9207407797122202 -6.7285219137401056 -0.47184157650761022 0
4645 -3.1572108294993866 -6.2475610499453245 -0.0020395632069971524 0
4646 -4.7288476447708687 -5.1448890312381472 -0.99576406660176897 0
4647 -4.5143585798629191 -5.3493276457150225 -0.17614010534478008 0
4648 -4.8151447274301953 -5.0191388771541829 -1.916304733121676 0
4649 -5.236739708022994 -4.6149576729931745 -1.2821452056734437 0
4650 -4.8714591321055938 -4.9140286981707213 -2.5715439524840265 0
4651 -0.68593955837696208 -6.9596788894270532 -0.73804872403763611 0
4652 -0.1272746840350529 -6.9782606199164761 -1.3025836489995974 0
4653 -1.8370083001510726 -6.7541566781186333 0.19979443424669985 0
4654 -1.2728160727947906 -6.8824933519422347 -0.25729685997456653 0
4655 -0.60012160023811101 -6.97417438514357 -0.066318702474535529 0
4656 4.1254176101806106 4.0514444568454797 -9.5818538165346361 0
4657 4.326071007315476 4.1157503967894238 -8.8720033191745156 0
4658 3.904759546282623 3.9829722708159347 -10.271675737296318 0
4659 4.4440287041201341 3.5289162375138305 -9.9533983222929869 0
4660 3.7142787941434836 3.8616806703699171 -10.93977905422344 0
4661 -4.610577177190855 -3.2935195193667939 -9.9823761032387903 0
4662 -4.6120370233357253 -2.9544369467661724 -10.5860135506536 0
4663 -4.4619781728289407 -4.0639859905954454 -8.6119377762578999 0
4664 -4.5639224271470811 -3.6437602599500041 -9.3724053480296536 0
4665 -4.1638570713453289 -3.8491801630985716 -9.9678306427955103 0
4666 -4.5318830256713669 -0.97039008079582423 -12.740254080026107 0
4667 -4.5769359243844177 -1.460847809846034 -12.363690233030372 0
4668 -4.4166531725419231 -0.44313521484615626 -13.145012956086454 0
4669 -4.7020910721282343 -0.37916838858627472 -12.559863986853774 0
4670 -4.2850945820380639 0.051076689703300399 -13.44195212293212 0
4671 -4.8136641853091211 -1.3812599423534631 -11.877864067854176 0
4672 -4.5380837007922832 -1.9252927869092182 -12.069546530109601 0
4673 -4.3015847725319025 -2.3979426954522016 -12.081072352558726 0
4674 -3.9564062540357199 -2.8725513196354084 -12.165979042920625 0
4675 -4.5566972076508119 -2.3254240811092739 -11.603620100875519 0
4676 -5.6128272531000674 -3.8235247580414535 -4.1191525785016108 0
4677 -5.2876299446748343 -4.148283164324587 -4.754493099665142 0
4678 -4.9998627407009115 -4.3601585826270055 -5.425229470845145 0
4679 -4.6715892583016752 -4.6239238123490276 -5.8465467003009222 0
4680 -4.8756430631188206 -4.6485594443268772 -4.6200338945138455 0
4681 -6.5311001846493619 -2.0376882128433533 -3.5960551209574794 0
4682 -6.2547178130989929 -2.7845300824952659 -3.5401352423558459 0
4683 -6.228443809577354 -2.9744223523717408 -2.8314470267797374 0
4684 -5.9664725889323629 -3.3523837247550725 -3.5715098618524026 0
4685 -5.5685545622158097 -4.0026845732150074 -3.4084169802361313 0
4686 -6.7178386733959812 -1.2360960305265201 -3.7171506442369586 0
4687 -6.7076139758841551 -1.6003793070697614 -2.9210584402053255 0
4688 -6.7105749193223803 -0.84109074430547115 -4.3854046583803665 0
4689 -6.8205547468945698 -0.3919555801424609 -3.7041914728159333 0
4690 -6.6687575423073424 -0.46103691429829824 -5.0448378259378543 0
4691 -6.8480546017041375 -1.1378481195237007 -2.1849718653857049 0
4692 -6.6713050459385554 -1.9419026464927847 -2.0645758304406829 0
4693 -6.5528885441929337 -2.3997286830936466 -1.3322966112161432 0
4694 -6.3410738619934222 -2.8404074210759118 -2.0648113031479483 0
4695 -6.052932054245912 -3.4083219636436204 -2.0966814270533454 0
4696 -6.927893026381831 -0.3032290313706415 -2.3196993858644355 0
4697 -6.9432615944432099 -0.65324217606590917 -1.4660066762499095 0
4698 -6.8831592443470173 0.065801266579919637 -3.0889567090536048 0
4699 -6.9097630813257318 0.55313303075697229 -2.3661041990506617 0
4700 -6.8116479750593726 0.46432368285070469 -3.7512234881068305 0
4701 -6.9889119173247538 -0.13259607875657145 -0.90063168447351016 0
4702 -6.9255074397097465 -0.9683712657964495 -0.76645881309345631 0
4703 -6.783305941998643 -1.7146136490628019 -0.52571998559423583 0
4704 -6.4857066467885067 -2.6246181935575499 -0.52643805044147629 0
4705 -6.8958798241140071 -1.2027436638419635 0.038332249036701127 0
4706 -6.7890564566004912 1.3828244038223458 -2.4243287693593856 0
4707 -6.8917701552796382 1.0183956415591926 -1.658510607537945 0
4708 -6.8360282494715809 1.4601300957946861 -0.89803920305248086 0
4709 -6.9628917322802506 0.63124850381062225 -0.84010337961104919 0
4710 -6.9926839093468312 0.31459621052006587 -0.14162899473455831 0
4711 -6.6505219803488949 1.7500849067764199 -3.1736887059234951 0
4712 -6.5668762120450586 2.201895582662742 -2.4620883717793882 0
4713 -6.6940398296284869 1.3068563811096483 -3.8260269231229249 0
4714 -6.4764225413008294 2.1270486480946893 -3.8641121383880686 0
4715 -6.7019915779319232 0.85379219971750286 -4.4478990804189529 0
4716 -6.2450411132883632 2.990263229962812 -2.4977562676781351 0
4717 -6.4417769806714791 2.642538048651184 -1.7521128696787664 0
4718 -6.2705146160816936 3.0861686258735714 -0.95985322400356743 0
4719 -6.6000995041882975 2.3008207468727835 -0.92448676319301737 0
4720 -6.7296140990033146 1.926224945680209 -0.10728507057331205 0
4721 -6.0168615543061224 3.3189367472430327 -3.2419708552511186 0
4722 -5.8309547701883293 3.7304864402770748 -2.5278586760656463 0
4723 -6.166169547094519 2.8884947938132641 -3.9421863363397875 0
4724 -5.7565866118476219 3.631227230250027 -3.9727000060560429 0
4725 -6.2716131004688718 2.4653489210640425 -4.6007962546446963 0
4726 -5.3267380378817473 4.4182977815899687 -2.5523194901711319 0
4727 -5.6073638034873774 4.1232023181867605 -1.8119711534546548 0
4728 -5.3124588255657228 4.5415329451723743 -0.94764006874244489 0
4729 -5.8266706666431807 3.8607373938326277 -0.92354621113448165 0
4730 -6.0362788349096483 3.5442543528674966 -0.097109744047277263 0
4731 2.8050287904167979 -6.4128898578564506 -0.19815053364165522 0
4732 3.5588317993519656 -6.0275729340171305 0.13479663203003098 0
4733 2.0445930941270376 -6.6914396535913125 -0.51100768152701059 0
4734 2.1581444509989849 -6.6573283026734327 0.36341361503823305 0
4735 1.2811019052900599 -6.8742390745549562 -0.78173995678709973 0
4736 3.0629543823169096 3.1331731060315837 -13.257761775663111 0
4737 3.2234155433978775 3.3767392860663912 -12.667560807876633 0
4738 3.6659505745250658 3.079718617831364 -12.40145181610812 0
4739 3.3572476304262113 3.5760539533025346 -12.128453600419009 0
4740 3.4953968914198574 3.7645372638791019 -11.547968167190591 0
4741 4.8032603380287426 -5.0915707906977845 -0.16466015943612666 0
4742 5.214006860908043 -4.6593553238353449 -0.78522298364469056 0
4743 4.302854621931365 -5.5168826229925392 0.54004038966351409 0
4744 4.924851162893777 -4.9640810717864401 0.7822116646286762 0
4745 3.6996530650432948 -5.9257060203362091 1.0822150255288259 0
4746 5.6951810316182403 -4.06409356765087 -0.53238634404893304 0
4747 5.5402033290554282 -4.2397970786695298 -1.3956740415298825 0
4748 5.8420378162001443 -3.7709993640318626 -1.9582147623118495 0
4749 5.38200673178497 -4.3822836731012673 -2.2119917953172279 0
4750 5.2081894923985601 -4.5046639211589845 -3.0553370292328705 0
4751 -6.8240784746585748 1.5315192008702012 0.71385918294226947 0
4752 -6.9171322402021636 0.88921042545045326 1.4623678516868364 0
4753 -6.9815191054519596 0.42812395442912643 0.66553873371366479 0
4754 -6.5804883538044887 2.370030462785627 0.68745574007384291 0
4755 -6.9874892351100613 -0.33624131122843576 0.60439707324191505 0
4756 -5.0146037457188202 4.6918993232711221 -3.2941223908294033 0
4757 -4.7391229713458776 5.0415647490289599 -2.5739859559152567 0
4758 -5.2809172081798952 4.2932383328104837 -3.9757561693097805 0
4759 -4.6982180673548273 4.9210376785693555 -3.9980328340626894 0
4760 -5.4855809123296826 3.8975713786478083 -4.6823835883629776 0
4761 -4.0831588982000602 5.5858596228849251 -2.5770171932534169 0
4762 -4.4393057125498911 5.3590093850552014 -1.8392852716122343 0
4763 -4.1050937854438105 5.6521927421831162 -1.0885913100900935 0
4764 -4.7629751484226199 5.1102076791021345 -1.0856697947156089 0
4765 -5.0187909030348878 4.8790421003537867 -0.1985801527572528 0
4766 -3.7098007995629709 5.7781674072553875 -3.3033566062472155 0
4767 -3.3715100858360687 6.0429968088256123 -2.5645407373498617 0
4768 -4.0528870374733819 5.46136429100134 -4.0255772778310206 0
4769 -3.3442649048371824 5.9232227666955559 -4.0136316787637512 0
4770 -2.595396884700429 6.4151545158728931 -2.5583216815050842 0
4771 -3.00006795855231 6.2791749173218445 -1.8360298778414768 0
4772 -2.5959398049511568 6.482565501964773 -1.1833924003063327 0
4773 -3.373501114278084 6.1138768973942295 -1.1897509598083336 0
4774 -3.7349520080912701 5.9175687960326355 -0.43790477453646459 0
4775 -5.0860049478695553 4.7995210451733552 0.75696435464975897 0
4776 -5.2710599810074745 4.5590866764333198 1.5937338851021166 0
4777 -5.7117690684699687 4.0340988955884436 0.77463514024523916 0
4778 -4.5130750952161049 5.3448382589077879 0.61848601249759372 0
4779 -6.17975952012437 3.2738530064137312 0.73845651667936341 0
4780 -5.6753943012417691 3.4103941976954255 -5.5161785466508197 0
4781 -6.3672543431937232 1.9660479028908855 -5.2045865296515688 0
4782 -6.0668221468918189 2.7312397316492523 -5.2840259574752784 0
4783 -5.8311488814422345 2.9374792020237019 -6.1289168946561663 0
4784 -3.8864686519165534 2.846219648755453 -12.334272967494568 0
4785 -4.263316662659224 2.3528290100890348 -12.212678600567962 0
4786 -3.4593337952953425 3.2165574681021329 -12.545814717136166 0
4787 -3.7849359379225502 3.2244275364710635 -11.966063838251397 0
4788 -2.9846416204487309 3.64711553707347 -12.570165283761282 0
4789 -4.9457808480979599 -4.9473308490937331 0.6103849515314429 0
4790 -4.2825373586329771 -5.5273967789585541 0.79721762505048976 0
4791 -3.2732948766742025 -6.1794182478447208 0.76925078987799134 0
4792 -3.7680784975337058 -5.86427586434875 1.5585545613635454 0
4793 -2.591711735832499 -6.4950815068953469 0.75616564527719932 0
4794 -5.7692477135990803 -3.8969261636918833 -1.7676051360188092 0
4795 -5.7050654147495257 -4.0410895216389884 -0.8476517677811809 0
4796 -6.0931516917952804 -3.4436529606406552 -0.29501643022650614 0
4797 -5.6045047351203552 -4.1932623706695997 0.18932524707543044 0
4798 -5.4141023616714863 -4.4111090154682993 1.1637213331332492 0
4799 -4.3401107273727257 -4.7299967459308689 -6.77852947609232 0
4800 -4.3722449419968035 -4.5068097079250355 -7.5137270059262935 0
4801 -4.2541317178533218 -4.9379308354796514 -6.2008055616385995 0
4802 -4.1405960667017796 -5.1444145388332299 -5.6385044398657529 0
4803 -3.7895828367373499 -5.2278327814221468 -6.5656042671299186 0
4804 4.9136425883265025 -4.1610451116777885 -6.6694337898913467 0
4805 4.373795124887784 -4.6530815666044525 -6.9623157836176102 0
4806 4.1749434883438417 -4.6524901725358943 -7.6506483870591886 0
4807 3.762536533821931 -5.1281958376350492 -7.0991285691828789 0
4808 5.4004727888454234 -3.636451622689985 -6.2443635483139968 0
4809 5.2392141074492242 -3.613060946783309 -7.0789529260001931 0
4810 5.7064795315662042 -3.5395565905285671 -4.8007338172018148 0
4811 5.5521864307117621 -3.59661608364671 -5.5579694780025282 0
4812 5.8230730116989387 -3.0125915763497102 -5.9567429956914255 0
4813 4.7979149297984431 -3.8138439902104846 -8.2122373019003838 0
4814 5.1618277990453016 -3.5122736639756069 -7.6872888753463107 0
4815 5.192409222323997 -3.1776669340837884 -8.392223422425019 0
4816 4.4353025859907174 -3.9930727605227969 -8.8845431015754386 0
4817 4.3753923148139524 -4.305232290110105 -8.1713099625280741 0
4818 5.5994456227604656 -2.9549734571007753 -7.2509597242782942 0
4819 3.7783278763462942 -4.796874300604026 -8.3120444100719499 0
4820 5.8237285718007135 -3.883215713084935 0.16862835410559476 0
4821 6.1001992706293597 -3.4284998019406476 -0.44089085090137076 0
4822 5.5860507850273766 -4.2039031985934407 0.85254453976399958 0
4823 6.0045360968436787 -3.5769391856223978 0.9438752258143871 0
4824 -4.6075351958057018 1.7720731789155331 -12.052757059174194 0
4825 -4.803330521572005 1.3388289734982382 -11.931073118673996 0
4826 -4.5054481762251344 1.4172130476940354 -12.547148866836983 0
4827 -4.4470674126812026 0.99085554278038812 -12.906159937432319 0
4828 5.8463153123199856 -3.469876846549127 -4.0496397176324139 0
4829 6.0967393230169806 -2.8929635876105988 -4.5177508129644055 0
4830 5.5519080167898833 -4.004853487305259 -3.5505896331120712 0
4831 5.9797224857869296 -3.3804827718828814 -3.2720484726195043 0
4832 6.3074201081407173 -2.2485597283597665 -4.9535896698080242 0
4833 6.1562783393360068 -2.3341082318489597 -5.7737597797419973 0
4834 6.0201885656744896 -2.3822840844974622 -6.4629447360845456 0
4835 -0.6308120201371864 5.7102817343819412 -9.7126944778351945 0
4836 -0.70265475536590238 5.4988334274017294 -10.380291362921851 0
4837 -0.78280065319445891 5.2744776695243392 -11.013807977737006 0
4838 -0.70233750919623072 2.3318811707706755 -15.937989588516894 0
4839 -0.13515867904593271 2.5177727884803636 -15.858878682104798 0
4840 -1.2263333250371169 2.1058461876980394 -15.93659555762097 0
4841 -0.75280974333902606 1.8744735227746072 -16.276797094609279 0
4842 0.35833361198201291 2.3247596067070995 -16.011468434700475 0
4843 0.44431009221635731 2.746536914759818 -15.599507250622457 0
4844 0.98578062972763469 2.8340251430867398 -15.358969654204078 0
4845 0.49984920576174074 3.0605572641475578 -15.240739885933674 0
4846 0.35656916726951399 1.9276088368217508 -16.319780017859557 0
4847 0.93128245660699138 2.1344514337802734 -16.031667569674731 0
4848 0.1538873752682535 1.5425130450982123 -16.577908191592542 0
4849 -0.35812560431039242 1.6986600910380916 -16.468919821698009 0
4850 -0.88414494253392717 1.4799273624837241 -16.476403465514871 0
4851 -0.046124229754398081 -2.7823411342667552 -15.599001901842794 0
4852 -0.61329151443587326 -2.6029804552507749 -15.710504643438798 0
4853 -0.69225965897238406 -2.1769085733271001 -16.06933534715888 0
4854 -1.1799410726478234 -2.3851652759685735 -15.723706084809583 0
4855 0.49867288509805252 -2.9194510835006691 -15.40337213242114 0
4856 0.42663934339388693 -2.5096573168390273 -15.835998848890936 0
4857 0.57691230987985753 -3.3046509747493977 -14.920691865284319 0
4858 1.0452383890615489 -3.0097721907015207 -15.13698551410857 0
4859 0.6572748430077423 -3.6607433589752554 -14.40184790148307 0
4860 0.89235694845960134 -2.186535778106387 -16.003301793396215 0
4861 0.34970357149215731 -2.0674564773519482 -16.219390445976451 0
4862 0.28079976695402759 -1.651602113974751 -16.505955389674238 0
4863 -0.18749083810192374 -1.9579173671904666 -16.315121667478589 0
4864 -0.76050958783297318 -1.7577226899718674 -16.351345470670719 0
4865 1.5690638518479829 -3.0275728678169451 -14.846467383651175 0
4866 1.4894219907953736 -2.6381286752108695 -15.325401666953478 0
4867 1.9609738907967966 -2.1987285516055293 -15.420983802938927 0
4868 1.4531598817776576 -2.2087416468398966 -15.740775306347791 0
4869 1.6264414585934761 -3.3767962170735766 -14.357753616466285 0
4870 2.0617922715518895 -2.9899807052666674 -14.532728085824049 0
4871 1.1461086342546427 -3.7007269883842828 -14.159020218944949 0
4872 1.6537141642047255 -3.6951539035827934 -13.868624396252557 0
4873 0.68147417703908142 -3.9684309354761256 -13.906015450300089 0
4874 -1.963491072604536 4.8278722053343115 -11.348564552296521 0
4875 -2.5196627332873396 4.5237179772557718 -11.439390042538104 0
4876 -1.3813987873084868 5.0917525766880498 -11.172957698137042 0
4877 -3.0574710288934717 4.1145665627866475 -11.576471150285231 0
4878 -3.0778076733282429 4.3390495008107353 -11.049265894669379 0
4879 -3.4623040911289551 3.732593017494573 -11.667308003765159 0
4880 -2.9337395008833873 3.958038621119115 -12.07640025551966 0
4881 -2.168658779232076 6.514126599502438 -3.3148654427712505 0
4882 -1.7719648768426441 6.6880289697875304 -2.5820739711654221 0
4883 -3.0056324466510644 6.0144835178181868 -4.7292720783342119 0
4884 -2.6301569338507713 6.2744469579257602 -4.0005802487747451 0
4885 -1.7579731110803851 6.7610107142389877 -1.0813680631296962 0
4886 -2.1561290445593762 6.6572326269335891 -0.43688166787256216 0
4887 -1.3562788709568614 6.8257215957767956 -1.8335832033130679 0
4888 -0.89732605383449382 6.9278570793700194 -1.0850096174642045 0
4889 -0.91193405000569372 6.8581861163903968 -2.5857837012062861 0
4890 -1.7056422956130526 6.7871809774623824 0.38367384778171104 0
4891 -2.5471359204182424 6.5190996087976005 0.2815351581568088 0
4892 -3.295252795143393 6.1757314230184051 0.098661199033694649 0
4893 -4.0314963346145847 5.721911185099235 0.19981836219017765 0
4894 -2.8709084587071909 6.3729530359550486 0.91950930253386476 0
4895 -0.04732182098826411 6.9860848638491104 -1.0651962354717839 0
4896 -0.4572674456458069 6.9838467869364358 -0.31469019387106228 0
4897 -0.090998430151099804 6.9952264618550561 0.58752374781431693 0
4898 -0.94100342861940134 6.9325246679882273 0.56754979090564384 0
4899 -1.3463295788530194 6.8488582482427374 1.2863117437904632 0
4900 0.37921554544558789 6.946344173711954 -1.888201698379405 0
4901 0.81981434993936197 6.9366208191058982 -1.116076003141693 0
4902 -0.055608301584305998 6.9181429081345396 -2.5886867492963956 0
4903 0.81131984608805929 6.8673518187827938 -2.6394885913630155 0
4904 0.81380519075947844 6.9497118190795781 0.48099660136981931 0
4905 0.3297457451159741 6.9696259807934631 1.3642897059201702 0
4906 1.7289952571217166 6.7647135291607698 -1.2124051977270787 0
4907 1.3111102917648374 6.8742301382941084 -0.3912172183467898 0
4908 1.723988288929454 6.7825332873932096 0.38480854173288115 0
4909 -1.2285491433364728 6.8334152653114071 2.1655216334803757 0
4910 -0.23791891938958262 6.9311268569545197 2.3076222336717658 0
4911 -1.9875823816593763 6.6621802651054498 1.980247063034037 0
4912 -3.8589797581577576 -3.5991882203636316 -11.169876126121032 0
4913 -3.7816447024916622 -3.9742755817479329 -10.559203178949801 0
4914 -3.909915275604555 -3.247938383299299 -11.688333265732696 0
4915 -4.2655937824784997 -3.151223756487195 -11.095807327421435 0
4916 -3.7088783991540488 -4.3007035794078892 -9.9388138900803806 0
4917 -3.6041251314799418 -4.5946978855079914 -9.3741074634835364 0
4918 -3.1958339406702074 -4.6892621515247734 -9.9534299743949024 0
4919 -5.2426103188934654 -4.4621118128705799 -3.0763350072055933 0
4920 -4.7989424790030393 -4.8945060302663475 -3.44648582051633 0
4921 -5.636042540275275 -4.0183490218418125 -2.5330542788867394 0
4922 -4.4733465442692086 -5.097604700966258 -4.2089300962122334 0
4923 -4.147222870532528 -5.2700489301801783 -4.8735848319565749 0
4924 2.5430250020099265 -2.9293036790712326 -14.150926195068404 0
4925 2.4766081181473858 -2.566174711589464 -14.628219246773163 0
4926 2.8169417772405487 -2.1830135880013271 -14.631873937896959 0
4927 2.3560209275730628 -2.2647279635179585 -15.033656047103653 0
4928 2.3074864050952755 -1.8200068095580275 -15.429186900621227 0
4929 1.6926927857335734 -4.001295489576834 -13.329389793085729 0
4930 2.1627887105802128 -3.654982046789836 -13.513740102069574 0
4931 2.6580558527993459 -3.5598199947936657 -13.13729663339066 0
4932 2.611555628871348 -3.2408633362744497 -13.668474234834799 0
4933 3.0131252356900209 -2.8028733991374222 -13.752015332447522 0
4934 1.158555440691081 -4.2718270082996188 -13.170213233579775 0
4935 1.6829828126740825 -4.269487660303656 -12.836796367099994 0
4936 0.73885500657373193 -4.2106281440944153 -13.461539644483958 0
4937 0.24586629693527556 -4.1439675010321491 -13.687985958248785 0
4938 2.701789402653767 -3.874978618852714 -12.545369741945583 0
4939 3.1373894286523276 -3.4434286880201586 -12.689044352311587 0
4940 2.1762283242288332 -4.3060738650382495 -12.316894076795798 0
4941 2.6802304442536733 -4.2254702956490986 -11.888040846192004 0
4942 1.6508320487673644 -4.6003548784029533 -12.169902811746415 0
4943 3.5855759399830673 -3.2835570570764947 -12.230430924137115 0
4944 3.5278470786652689 -2.9530242985104382 -12.81262879659417 0
4945 3.8778904529159521 -2.4120082850082647 -12.883836180933837 0
4946 3.4609986821451848 -2.5979793743718425 -13.36199719547372 0
4947 3.3763250891752361 -2.2717721587443154 -13.832090582046803 0
4948 3.6224933886815061 -3.5821226001063571 -11.65864526858422 0
4949 4.0002262970152938 -3.0805971548292903 -11.774968265074367 0
4950 3.1617559974806233 -4.0510888001430017 -11.543247694703053 0
4951 3.6091480575746147 -3.8809515986501326 -11.105840145350861 0
4952 2.6482103286045313 -4.4997161792900222 -11.323378388580814 0
4953 -4.8106802684643259 0.20998313415089381 -12.338783094643427 0
4954 -4.9671952496090492 -0.320531700774076 -11.952971362911368 0
4955 -5.0683910566937298 -0.92512468113383506 -11.508342852750816 0
4956 -5.0653521234351553 -1.400597754879104 -11.229493116161988 0
4957 1.2620904867475367 -6.8751049029234528 0.90888349503854138 0
4958 2.0465618690383871 -6.6751762757666757 1.2230122803120353 0
4959 2.900243412931045 -6.3438143137434455 1.4256523065881062 0
4960 3.6860260116141959 -5.9028268782201661 1.8332852649831022 0
4961 0.5895884419248969 -6.9609132017303956 -1.0808448943723343 0
4962 0.68714226846844306 -6.9654427795719887 -0.24817085771878067 0
4963 0.72991087119533138 -6.9601648393747935 0.3709878658902665 0
4964 0.61307948721407424 -6.9546972838244887 1.2295366495482496 0
4965 0.034306267784132531 -6.9998528010387 0.072200239247531106 0
4966 1.8498941478871973 6.6983035931974682 -2.0472448271209229 0
4967 2.3279904612923228 6.5790925850070927 -1.321288317966808 0
4968 1.2237552766373039 6.7425258574266271 -3.4693467494190129 0
4969 1.6512565261947356 6.7065236092299472 -2.7646200110272221 0
4970 2.5770353657357608 6.504911666094177 0.51525186385416677 0
4971 3.0325632220508525 6.3084592858542443 -0.20175777163545847 0
4972 3.3819998488524039 6.1199142290204804 0.80079119254394149 0
4973 2.8779131270228393 6.3671381424528404 -1.0222177318985992 0
4974 3.6683185088596484 5.9541240833764348 -0.7360042743869214 0
4975 -4.8711523387778399 -2.1101725683272692 -11.081059842501809 0
4976 -4.6338027259522097 -2.5823462034729916 -11.091783271085536 0
4977 6.2219818763848069 -3.1368483278085324 -1.623921082317902 0
4978 6.0922178795097048 -3.2975712795223266 -2.4417772671658642 0
4979 6.298332178405337 -3.031372910412049 -0.91447904219218867 0
4980 6.5001080361405021 -2.5334405206197808 -1.3956884993831866 0
4981 1.3418847506423426 2.4695942060941753 -15.569482174853174 0
4982 1.4004860216061905 2.7889523857063749 -15.216968797376037 0
4983 1.3442233506587289 2.1290262132639635 -15.862180582910996 0
4984 1.7432269442535844 2.0559683487709521 -15.689051490715389 0
4985 4.4357318594764568 -2.7199434940292431 -11.371885296977288 0
4986 4.3708263704423373 -2.4007251179490119 -11.930292750933567 0
4987 4.5743401899048255 -1.9632972485552878 -11.952143594865394 0
4988 4.184353289806265 -2.3503427318217858 -12.375490206112993 0
4989 3.5924991759181113 -4.163884417664538 -10.517709739162578 0
4990 4.0391524644667482 -3.6799164602888679 -10.625787442485457 0
4991 4.4390303023643396 -3.4335876376858598 -10.161035448308537 0
4992 4.4328253513258593 -3.1299672402595893 -10.738945274273638 0
4993 3.108691071225913 -4.5813800944131513 -10.402395639959739 0
4994 3.5701425028372706 -4.4168124075584201 -9.9381257651133019 0
4995 2.7422389986955733 -4.6665485638341924 -10.780080823116728 0
4996 2.7088215912111724 -4.903184233657611 -10.194525559522456 0
4997 4.446497339635699 -3.7383776577754673 -9.4848676860547467 0
4998 4.8268210490674397 -3.1779609167602079 -9.5928150183706116 0
4999 3.5440247915093139 -4.6556479691334163 -9.331793303266938 0
5000 4.0119206306743784 -4.2185905237034875 -9.4396127975708932 0
5001 5.1877530670840342 -2.8697063598199946 -9.0387250977629847 0
5002 -4.3862859497922972 0.57763809204939376 -13.174150487708348 0
5003 -4.625174088514739 0.56697665946995068 -12.685956651690871 0
5004 -4.8862622626812646 0.62534291510672024 -12.077934798563993 0
5005 2.4951487854163474 -5.1867551259490963 -9.6752907447744416 0
5006 3.0281258506730135 -5.014126572232068 -9.3077953844112393 0
5007 3.498709640659857 -4.8540852159811445 -8.8223978723384846 0
5008 -2.6951564577152594 6.0740482008030261 -5.3439996209306573 0
5009 5.8330823840693631 -2.6286612337015223 -6.897010318761895 0
5010 -6.4146474377007792 -2.7943018358621994 0.51043637848831602 0
5011 -6.6444464204986611 -2.1490052988464807 1.17254484530665 0
5012 -6.3028304429343684 -2.989966009259438 1.4044444972422119 0
5013 -6.9056030612791641 -1.0914767555613725 0.84591313134104307 0
5014 -6.2495958573930643 -3.0164561788544249 2.2305126204463788 0
5015 -5.9505160638561794 -3.6297957413219892 1.5662712713041067 0
5016 5.4049752770308137 3.2281240184391184 -7.4321656683109332 0
5017 5.5343942262603738 3.2844077056912151 -6.6876818824126127 0
5018 5.9173917475825881 2.7019498805252073 -6.2786635218256635 0
5019 5.2516361944774275 3.1692787537454716 -8.1911611826564314 0
5020 4.815123748027057 3.6754286743015032 -8.5193397326415159 0
5021 5.0941517319145424 3.0848618741710752 -8.9341215961108702 0
5022 4.8961583358550707 3.0461994407558568 -9.6375746668766915 0
5023 5.2928701530349551 2.5156624060112218 -9.2976448745016995 0
5024 4.6877587784901982 2.9875465860847226 -10.331989748370482 0
5025 4.4831994640246187 2.9253059493400544 -10.953774595166223 0
5026 4.0167065299387881 3.3745397899410805 -11.255203702716463 0
5027 4.274324165012084 2.8365498898603949 -11.566767828758763 0
5028 -6.670473437479072 0.34366546646021567 -5.0864967100319065 0
5029 -6.5628440318039631 1.1875355184421796 -5.1625497345488345 0
5030 -6.5838184051726678 -0.12421075116744576 -5.7664672686039946 0
5031 -4.1046921528598261 5.6502465422023649 1.1550821421975119 0
5032 -3.3659515649173 6.1112459918861122 1.3803229391723035 0
5033 -2.6202754176810066 6.4590703569775263 1.5636810461022574 0
5034 6.370941873926494 2.7967947101045594 1.8639012613987518 0
5035 6.5060341554592691 2.3248913434490373 2.7329790311301236 0
5036 4.8562187817205942 5.0251823306728625 0.9855383663318007 0
5037 5.5247979579737398 4.2792395823883922 0.9856413917757344 0
5038 6.1668290128513856 3.2775050830679002 1.1600855272097141 0
5039 5.8972949660942433 3.7505814639316237 0.95628608956196237 0
5040 6.1942022877492811 3.2561950748224828 0.41393896223722948 0
5041 3.7772528051631991 5.8559109698615801 1.6121543460195262 0
5042 4.1944718537616845 5.5920492251738647 0.8936064824282105 0
5043 4.5088544021674339 5.3539676746126297 0.17616970399450063 0
5044 4.1700968761596693 5.6198076106374986 -0.40677275829762966 0
5045 4.0292265267409784 5.7017552235544064 -1.227140025170627 0
5046 6.3564810081662708 -2.7688617825415327 2.3402075468689376 0
5047 6.1378443696465288 -3.302055537058973 1.5800572470061882 0
5048 6.5593466751211169 -2.1919098485821875 2.6274655936925142 0
5049 0.14754522287093472 -6.9579647398021738 1.8254023772667824 0
5050 -1.0209471213759687 -6.9090512973861147 1.1460107830863446 0
5051 -1.9606084861726276 -6.707906327032144 0.97145003888253667 0
5052 -0.38879347577995171 -6.9691415834508108 1.2848616970693949 0
5053 -0.55708136208422332 -6.9740843780840658 0.55277317814670524 0
5054 4.4849765165279036 2.2718032621553133 -11.828887007392517 0
5055 4.0551661902483191 2.7454540905219167 -12.147254248260023 0
5056 2.7058981163974827 2.5647290367214399 -14.38819032577938 0
5057 2.9021108605754691 2.8333882790349043 -13.855561563975408 0
5058 3.365553107314017 2.574189085188173 -13.531873348349716 0
5059 2.3671638542884352 2.3970563536475851 -14.901745973548412 0
5060 1.9681150428931766 2.6221021388119174 -15.020101446982972 0
5061 2.1449622341332422 2.1803513007623203 -15.291363647903216 0
5062 3.5717269118533688 2.0610723344222377 -13.736947114374416 0
5063 3.7478434002196948 2.3733024918567454 -13.150463158172016 0
5064 3.9111783237882913 2.5376762250434397 -12.680511586323393 0
5065 3.6088983717858176 -1.8615963814723808 -13.847183468409931 0
5066 3.1905763756277472 -2.0871370452685625 -14.257199762887449 0
5067 -2.1330984216972637 -5.8899438699236564 -7.586498108674145 0
5068 -3.3129685967089588 -5.4151513218103267 -7.1634110619836822 0
5069 -2.6291062866667199 -5.643761462514898 -7.7698182190911407 0
5070 -3.1483443922378838 -5.3908226108137498 -7.6901622805366081 0
5071 -3.0672881148364626 -5.2857538460017244 -8.2901304993514984 0
5072 -3.7252250270314899 -5.0139443842811016 -7.6733096928698377 0
5073 -4.2192051101458627 -4.497289961369658 -8.044655684345706 0
5074 -3.8414177688701394 -4.6014418850583025 -8.7799632372133942 0
5075 -3.3240493471619792 -4.9841134657150041 -8.7930750485584834 0
5076 0.47120897713226978 -6.9430122455564041 -1.8376168225530742 0
5077 2.1390629532437808 1.8262029768627834 -15.567387676691762 0
5078 -1.1634511477398908 -0.35067472277233341 -16.741897281339632 0
5079 -0.90505544183697428 -0.85705532499127057 -16.728314995072164 0
5080 -0.66484640491205726 -1.3837481758264356 -16.586133039164441 0
5081 -0.50166273417073626 -1.0278259297768464 -16.771551177341674 0
5082 0.10733804156849609 -1.247240613969558 -16.725941757053196 0
5083 2.442704072189342 0.17311697997403097 -17.871997304263399 0
5084 0.90112732128749151 -0.47949005854246818 -18.373148010002048 0
5085 -1.6866471272551005 0.17587606509524711 -18.032571237988108 0
5086 -0.44515288374269174 0.97600839768703374 -18.36517411340451 0
5087 3.4314488844153921 0.37249382074779597 -17.138737967123273 0
5088 -1.7283201381440736 1.7442842769819895 -17.742595332693487 0
5089 -0.56544136166191894 -1.304046556110386 -18.315553891841294 0
5090 -2.0028050816466254 -1.35010770599851 -18.169228167694317 0
5091 1.1201064382987445 -1.9824145380499107 -17.839895067105747 0
5092 -2.9401658470566492 -0.59749474270769765 -17.558207566353428 0
5093 2.9341971041729589 -1.6164863705708847 -17.308585212777899 0
5094 -2.7341460276673732 -2.2033651537102541 -17.06932081663188 0
5095 2.4070369117657222 1.7447139661955287 -17.501921926233635 0
5096 1.072898480868044 1.2608152765291749 -18.343394622490251 0
5097 0.58447572343876841 2.3673605514087273 -17.557906001611876 0
5098 -1.1058450373237869 2.8462323244581254 -17.285200634060889 0
5099 -2.2169131851787536 3.143318649588442 -16.782867412473681 0
5100 1.0075412886832815 3.8043268716948258 -16.452480705334136 0
5101 3.0345821699520203 2.9039071633273328 -16.259619096536401 0
5102 0.67370399861095098 -3.4860837857045421 -17.068982371369248 0
5103 -2.9770900969486074 2.0757969860313512 -16.948049912173968 0
5104 4.3909954548775181 -2.0122596119573126 -15.562457791223521 0
5105 4.5683013835821269 -0.62944434630054058 -16.14660012512525 0
5106 1.8988444140927643 -3.0139005876660767 -17.03785640811898 0
5107 -2.6349219734879585 -3.8523641943385174 -15.987649137750358 0
5108 -3.7747709538222152 0.51871013146270262 -16.783024341972343 0
5109 -4.0079986820538185 1.9888892092552126 -15.829870610400258 0
5110 -1.2458981747614337 -2.4196051682273558 -17.694408404723909 0
5111 -3.4985798841197964 3.1797837658689883 -15.726211250376558 0
5112 5.0076032293785504 1.8246684634372372 -14.54369701106415 0
5113 4.0268649751529226 2.5745484062526547 -15.602604244487372 0
5114 -2.7359260515547175 -4.5331562604753177 -14.873065753767701 0
5115 -1.2780154946596496 -5.1093470247356958 -14.485255036044991 0
5116 1.3930267936397438 -4.004468879463384 -16.016488424400436 0
5117 -4.9869618931516548 -0.45965024223183343 -15.340428090070098 0
5118 -3.5603007214735709 -2.8887388314991989 -15.866822485142306 0
5119 -3.7965457719265396 -0.93645587458749169 -16.686647993089089 0
5120 3.0423493707287932 -3.0212291106861828 -16.084637204755062 0
5121 2.3099909570170376 4.0435295848250554 -15.867002192626527 0
5122 3.547430760164779 3.9514285064998673 -14.852206168683535 0
5123 5.7766363568635013 0.53491133117846823 -13.782470251481046 0
5124 -4.1621739860448246 -3.4653411460834769 -14.424733767876651 0
5125 -0.68363316810335717 -3.8494315544772402 -16.806658889090937 0
5126 0.9479465785768445 -5.0159732978910556 -15.086811713469096 0
5127 1.1462772085608888 4.8659316756915381 -15.270844898525768 0
5128 3.3909221929334854 -3.8084625994291241 -14.932362722937087 0
5129 -2.9586405483257163 5.5382996948456764 -12.692592088475511 0
5130 -2.4453275826814158 4.2589057909113581 -15.406709422618812 0
5131 -1.3990502616778437 3.9996530054374912 -16.263583794205321 0
5132 -0.65094654272627683 4.8841378857061226 -15.270551794784192 0
5133 -3.4104640322094291 4.6913982607872731 -14.174615996110436 0
5134 -4.958555385235849 -2.1861428484689114 -14.214272073874474 0
5135 5.2403688912418378 -2.0769378094041304 -14.011793262642099 0
5136 2.2744780573894472 4.9860915108468165 -14.422775634347275 0
5137 -4.9806627775977947 1.4961094081384976 -14.648901943473598 0
5138 4.3046309863524934 0.83703503960490055 -16.162065795171479 0
5139 -2.8819133888201915 -5.1125158247828013 -13.582860765764693 0
5140 -4.260113465159705 4.2672332887538929 -13.209287454900236 0
5141 -4.4341338673593764 3.1627984537300908 -14.532087597096137 0
5142 6.5598748525734694 -0.12469027171896724 -12.327512322318595 0
5143 0.16974961152152898 -5.5648418625555367 -14.079849128942708 0
5144 0.77310653493708237 -6.1538350644245998 -12.71956513173307 0
5145 -5.5934156651416709 -0.58939548610915993 -13.969158164864542 0
5146 1.9978002912742256 -5.2761405252031492 -13.794908273004504 0
5147 -5.6271043827509475 1.0982409297457461 -13.182809984296291 0
5148 -6.4180270082375364 -2.1029999528439336 -11.398813805698785 0
5149 5.2064919692253646 -0.7385059276305963 -14.767140394305589 0
5150 4.7961079358760985 -3.2966403855442818 -13.646431205889019 0
5151 2.9882667773433895 5.377184625087061 -12.84813154512327 0
5152 -0.3160872781535074 -4.7171398569347271 -15.693404118225878 0
5153 3.9135727880491076 4.3775302091608452 -13.470099990575154 0
5154 -4.2936659363437535 -4.4366659749593058 -13.16687375400236 0
5155 1.9529336122151026 -1.1019333210282609 -18.32534691939895 0
5156 3.681368932816258 -4.4700430111933498 -13.535349687052394 0
5157 -5.5246392721248565 3.0016402777602686 -12.611060974455771 0
5158 2.3928582684689728 -6.2523975853573148 -11.428596612418348 0
5159 -1.9299610278538886 5.2389496486877354 -14.220010032525657 0
5160 -3.3980622894644177 -6.5940502922590021 -9.4188033274292575 0
5161 -3.9771332330242419 -5.2898055256874903 -11.971656718079805 0
5162 5.7615014706067722 1.917006253734048 -12.971023985396464 0
5163 3.6916230907731036 -5.2600472750157516 -11.97921118289886 0
5164 1.9333505092214247 3.1129267290559293 -17.097720083055819 0
5165 -0.86070962315392496 -6.6142573148013781 -11.799428513836013 0
5166 6.3452549219273644 -1.8441846793689629 -12.141173126952701 0
5167 -5.5507380006299911 -3.0562782879044694 -12.541565003733702 0
5168 2.1274923462307629 6.3122231894629843 -11.680688754653591 0
5169 6.4544318159116969 1.1589604845561099 -11.905665362445646 0
5170 -1.3792843003030433 6.1370846581868328 -12.731283871147751 0
5171 -0.35956366013049351 5.5800452037786963 -14.108935156307572 0
5172 5.1677177236666409 3.3190488518323065 -13.033983934311349 0
5173 4.9139370469333725 -4.2903457100372071 -12.474855940244883 0
5174 5.2242030415336735 -4.4937604186617364 -10.991517727430677 0
5175 4.5155435514529483 4.7216201900700732 -12.161830610168863 0
5176 -6.3694769830270523 -0.4884189228459892 -12.561280225743749 0
5177 1.7178985142992367 -6.9223281679835917 -9.959176046033118 0
5178 -0.5544556887042571 2.261325193610995 -18.41401349983531 0
5179 -5.148752468481792 4.2589000319428019 -11.844866732215134 0
5180 -3.1353090685254563 -5.9933510000187358 -11.180439031373478 0
5181 1.4633074388854201 5.8460552124984666 -13.373437242476381 0
5182 -0.98077210620150612 -0.20464382540543918 -18.992019811497162 0
5183 -2.2565610506138269 6.5138004189745811 -11.678744954873462 0
5184 7.1180753606830862 -3.0666287712752491 -6.7170042400740444 0
5185 7.1808412147638458 -2.403161472810118 -8.1064973922033197 0
5186 3.8572804864640218 -1.2898348333363188 -16.650783633860581 0
5187 3.212162719929784 -6.5469859877312686 -9.5677466947960195 0
5188 -0.83385479383289374 6.6776029245977506 -11.194890284881835 0
5189 0.24727214679758064 6.2693551405027375 -12.49068501703767 0
5190 6.1619540665540633 -3.1288895577162883 -11.148127126897894 0
5191 3.5515376202414921 5.9120633293917662 -11.137709107934835 0
5192 -3.9148738868931399 5.4703526428741673 -11.243972018097059 0
5193 -5.9468835763349235 -3.8706536593606309 -10.401426581409083 0
5194 -6.7740114233425919 2.1767872398444825 -9.9402955061495692 0
5195 0.81747948986415997 -6.8544770886557087 -11.260197803877134 0
5196 3.5601981022927593 1.7111091564822456 -16.68191849735592 0
5197 6.573817002127468 4.0739792938964436 -8.2204109016042288 0
5198 -0.37876580268697796 -7.0894747717756674 -10.256310331001165 0
5199 6.7786502665379169 -0.40169018001818585 -10.816552189671283 0
5200 6.9655311037251337 -2.0480273012209458 -10.005194525002796 0
5201 7.213770347662761 0.63329352924899285 -9.6569693325592763 0
5202 -2.1551577826181054 6.6943031907785926 -10.174885501157588 0
5203 -0.39630453129649112 7.4195938263674828 -9.1894489005315769 0
5204 -1.1062793889363032 -6.029696748434783 -13.29721051544726 0
5205 4.9750578277762783 5.0027415582986023 -10.732663571812306 0
5206 5.558412019541854 5.0680533031288331 -8.7344908685717684 0
5207 0.47767105805565635 -7.5094805874606196 -8.7889395847113061 0
5208 -6.6240691828323994 0.9457187801439414 -12.018644587020482 0
5209 -5.6600996694334897 4.1928307339253932 -10.419273197935873 0
5210 5.8798966045404608 3.4212258418449357 -11.236928321514846 0
5211 1.1699370227712553 7.4139782529136591 -8.4378132850631697 0
5212 -7.694517857032471 -0.45195803094022369 -8.5934505701370796 0
5213 -7.4438246018115324 -1.9788013858870903 -8.3840213866278415 0
5214 7.2822995788026956 2.3564056456256433 -8.5856276310179851 0
5215 -6.7932973825343703 -2.8146029882911656 -9.593428792301296 0
5216 4.4440987061535377 6.4691254017956643 -7.611411623732188 0
5217 4.2418381016823039 -5.6467151084981264 -10.52552564873678 0
5218 -1.4709376700340495 -7.1431618132072163 -9.0539356890663854 0
5219 -2.916636667843628 0.88430554032554032 -17.867079897287141 0
5220 0.80364197305089879 6.9589816068674608 -10.609953609411834 0
5221 2.3361288601796923 6.9091881697161375 -9.8276181493663728 0
5222 2.8601805468557808 7.2151687782330196 -7.9025667613621193 0
5223 4.5797820818103547 3.3036725869777257 -14.355894553551986 0
5224 -7.2449206174175975 0.4831864310057632 -9.8991223498768992 0
5225 -7.6582615589484027 1.0497037376333138 -8.0756326107113914 0
5226 4.0401553734064137 6.1508189109026725 -9.3229971292028679 0
5227 6.0361517860759175 -0.88658932012918057 -13.270102153771369 0
5228 -4.565559419140385 -5.4736796197015796 -10.111452999564142 0
5229 6.5623661147024857 -3.5704802873055028 -9.4926280336217079 0
5230 7.7733795936808132 0.77572549563319559 -7.7973570668853629 0
5231 5.1449208183777584 0.63509345780237247 -15.141472851640344 0
5232 7.6231348949457693 -0.91788276026632276 -8.6055792024555409 0
5233 6.4319859194992741 -4.3073460800795607 -7.639835384591338 0
5234 4.8824090321589484 -5.8914324439509231 -8.0870657510840083 0
5235 -5.978057589495525 -4.5619318721795743 -9.0080597516089025 0
5236 -6.2471498797333531 2.4482997009841361 -11.470253806761878 0
5237 -7.278743997555666 -3.0746074840515054 -7.3778913768602434 0
5238 -5.0873576554470512 5.4710381837673454 -9.3122358279027218 0
5239 -5.2836829416091833 -6.0856359117493524 -6.2180338589938566 0
5240 -5.3922963261710661 2.5677532401011915 -13.762763359858953 0
5241 -3.7629888947348769 6.4053363428357395 -9.7304802494113876 0
5242 -5.8008836550665723 -1.8444080247298253 -13.18187945797615 0
5243 6.7883855645244093 2.1288348721923254 -10.445102407454346 0
5244 2.7718538947732654 -7.1074013825351408 -7.8855050325567202 0
5245 7.8905652550483936 -0.99490626327892007 -6.6828105480177928 0
5246 -0.95631125953230989 -7.7553244541100375 -7.6134133426667514 0
5247 -2.1664132290112512 7.1914348733925806 -8.7907162092867672 0
5248 4.3093323691902956 -2.9915624487788564 -14.761316386430563 0
5249 -6.9397446073920586 -0.29152598639050642 -11.176202291372569 0
5250 -5.0796613461838733 -4.572410804965565 -11.592399079542345 0
5251 -3.4210239891528005 6.8558553842610914 -7.8508476065030388 0
5252 -3.917296502197428 7.415637348310975 -4.4988959246733984 0
5253 5.7036527919667241 5.5396307060257266 -6.6790949106099093 0
5254 -6.5660251502314457 3.8390639566275215 -9.2764161292779317 0
5255 7.5847660239747725 2.4168768502124451 -6.8423284169710366 0
5256 0.29047318751067303 8.2626295533475389 -4.9421741043687266 0
5257 -6.3700713253978112 -4.3219953014939492 -7.4983012486115248 0
5258 -0.13358198428836629 7.8810434700629113 -6.8887005930912757 0
5259 1.5543178511200058 7.8338914859068858 -6.3247896369221586 0
5260 3.2980224762549466 7.4311290623071882 -5.773644883725555 0
5261 2.3400728889128781 -4.5400237150663143 -15.098850344965427 0
5262 -2.7787889689588807 -7.1239656011671926 -7.7501291398719721 0
5263 -6.1609383159900482 4.615288191945659 -7.994411493991822 0
5264 4.0639848404449959 -6.8648014103302231 -6.697583178780584 0
5265 2.9381158261249225 -7.5157263955840232 -5.6694172881828981 0
5266 -7.6622645797731996 1.9840091957385393 -6.3068012434645766 0
5267 -8.1333775742914813 1.0215857052250998 -4.8405531096843104 0
5268 -7.6835491541634608 2.8625112788979301 -4.878642873286509 0
5269 -7.2841986575814222 3.9079078885503673 -3.5236794992890292 0
5270 -4.6896539976264142 0.84416575391197846 -15.761931923955496 0
5271 8.2059242408316688 -0.5299303290940659 -4.4623441739797025 0
5272 0.025758182589257595 -2.7482353940389999 -17.922001550801717 0
5273 -5.078116513597152 -5.7958156725237933 -8.1250536394509982 0
5274 5.5244929981285242 -5.0132380641231942 -9.2449695631425683 0
5275 -1.6655762577134121 7.9745059333482589 -5.0611824578673721 0
5276 -4.4664748578724316 -1.7292345351618554 -15.664284653658843 0
5277 -1.3342830805139017 -8.4089171209396483 -2.9621894516636642 0
5278 -4.9138560283418347 6.0568434862657945 -7.5254531474313433 0
5279 0.78366369223863586 -7.7930796687240518 -7.2454620142556712 0
5280 -1.5829315788283693 -4.4289992203714306 -15.71672984387846 0
5281 4.4894061519091695 -6.8024602713998741 -4.94260648736463 0
5282 -7.0608363770666616 -1.229255122335793 -10.143787348547578 0
5283 -0.85777812883940452 -8.0121728838717328 -6.0647725426509025 0
5284 -2.2880349251638989 -7.8677065602402285 -5.1384209795997622 0
5285 5.652150756629549 -3.1870851484576521 -12.414746596415011 0
5286 2.2588668291347651 -7.9599472772638062 -3.7086136124082452 0
5287 6.9369776801731016 4.226701954978072 -6.3039941546424849 0
5288 -2.0168141631822274 -3.2781417939780226 -16.962054063258641 0
5289 5.6066159471821093 -5.7567391597524793 -6.5588719044020651 0
5290 6.4095369892721363 5.1526903270469999 -4.2910766036766326 0
5291 5.8925317111879663 -5.8997290658819175 -4.4440789811042647 0
5292 4.9215742147827015 6.5121160949290751 -5.7994963621028859 0
5293 4.9427664896738914 6.6470861534982273 -3.9877043462931407 0
5294 -6.974196234414582 2.998546784948299 -7.9999081886578729 0
5295 -5.9826791279731255 5.4418409125980158 -6.2401430465083596 0
5296 7.8523520509921108 -2.5398195995878186 -5.2211775612422526 0
5297 -3.8528488093563551 -6.8752081790567088 -6.6620787970532378 0
5298 6.3080194389579534 5.4434906871240418 -2.1509870735703203 0
5299 2.5510286588139457 -5.5242221255548589 -12.755496826330761 0
5300 4.3827378121430467 -7.18807995563128 -3.2879997676180315 0
5301 -7.0243053374251243 4.9042975548297667 -1.9341500396241693 0
5302 0.07334805733375388 3.6325178673428429 -17.420643664004213 0
5303 6.1575432864110091 -5.7124157285235251 -2.9772973812144268 0
5304 8.4290882596376324 0.96628979975584517 -3.2635442565210799 0
5305 -1.8020933062072859 7.7688500368060911 -7.1347117456731413 0
5306 -7.9349750412522599 0.038829883942397572 -6.4659866306101872 0
5307 -6.9696073021092397 3.9838760312606238 -5.996423967792941 0
5308 0.93431638213702872 -8.3395888614716487 -2.4203839380311454 0
5309 -4.5861416192277877 7.272191455732429 -2.7252252608555776 0
5310 7.4695134333086868 3.5779142443000063 -5.0199275874672793 0
5311 0.56966805225977457 -1.48133544026865 -18.88076972984522 0
5312 1.1863559392433971 -8.0495417323548661 -5.7716286431210548 0
5313 -8.1248582681801658 2.377768700948764 -3.242143349455596 0
5314 6.8249432956670226 -4.3613239210523176 -5.8214246808068673 0
5315 1.2045526617275246 -8.5282940280932014 -0.47104892905473744 0
5316 8.445938174519414 0.66124832911096976 -1.6437727740704788 0
5317 6.4560389354172099 3.6796606871473032 -9.8022610826897623 0
5318 -3.3396597418663414 7.2909263130083426 -6.0550288833973598 0
5319 -6.1622835797047166 5.4947544130234016 -3.8931209420995097 0
5320 -7.7777754042637151 -1.8187211244366428 -6.3805885591189933 0
5321 3.6443386442247245 7.5384599146981728 -3.2836167931669862 0
5322 -1.5881755409966805 1.2306250799180118 -18.723689620290656 0
5323 1.8811312796280975 8.1858202744924746 -4.0418660037499725 0
5324 -5.3108926153467957 6.5696123150984569 -1.2963512994702149 0
5325 -8.4128685954760272 0.44689834504973985 -3.1238475909488845 0
5326 -8.43648554117161 -1.1683617683047494 -2.1849527308821792 0
5327 -2.0566803650040661 -6.857241794449231 -10.485208562043825 0
5328 0.11494346784161513 -8.3397810223175881 -4.2338887768460047 0
5329 -5.1962922254569399 6.3502740135890621 -5.0956972868538442 0
5330 -8.1999484568014545 -1.143462674519832 -4.6082234023989903 0
5331 7.9122793678313741 -2.6446811160234769 -3.3326812950020832 0
5332 5.2412716109471438 6.6657395456955824 -1.6973348128943424 0
5333 7.0912467806928365 -4.2945661879681474 -4.2963219280585232 0
5334 7.590572582624155 -3.5167429020350442 -0.80852988349342203 0
5335 7.2804451578429221 -4.3005926291843579 -2.432328495702571 0
5336 7.5171975466559369 -4.2041258542229176 0.97167548637938228 0
5337 8.0856932486647413 2.636839759723534 -1.2407330810393367 0
5338 7.8414545642577052 2.8505189258017882 -3.555874762458306 0
5339 -3.0958427040567358 -7.8213092125096519 -1.3697262272939581 0
5340 -2.4998188709747686 8.0352646672317913 -3.3211853046569275 0
5341 3.2110003285056421 -7.8830728623703514 -2.076143644052943 0
5342 7.2357964062867604 4.4793791589269301 -0.7458022865364986 0
5343 0.14729783175942507 4.5970391186791471 -16.054073202682094 0
5344 0.076405080607768072 -0.0732731956221504 -19.051889772791483 0
5345 1.7324530944084693 0.37316340725300789 -18.821834317009944 0
5346 -7.19538516286282 -3.784220026061536 -5.5688685879805186 0
5347 -2.4813486003295995 -5.9970060649177084 -12.561021936892928 0
5348 -0.27117618965286672 8.3001326063761844 -3.0642291321832009 0
5349 8.1099372453100091 0.93661604432042933 -6.0201593691051922 0
5350 -8.1282929773373223 -3.2247962925854043 4.2944803796253836 0
5351 1.8422032023351822 8.486710745754241 4.1694998081623345 0
5352 -4.3851986555292424 7.6463742557104384 4.2166776195146189 0
5353 -4.6218217767207364 -7.5022693549706574 4.1990677789754169 0
5354 -7.7977221835400794 3.8942380396950438 4.056674000554592 0
5355 1.5827648651963957 -7.994824288903402 4.1556502091907035 0
5356 6.0305336918693682 5.4970642424164673 4.1803361583530814 0
5357 6.3330649393814911 -6.0506344136780967 4.1305275224019304 0
5358 -6.2295890443122186 4.679544924012415 4.085325386609564 0
5359 -2.8063453498249746 -7.5749488029231848 4.1628873247625426 0
5360 4.4031337882842241 -6.8231882211119599 4.1184693482793868 0
5361 -5.7202094452137535 -5.0404168182445872 4.2234591090373401 0
5362 7.9942839635812311 1.0738362846627714 4.0366912983765273 0
5363 8.2713235616606919 -0.81656969031755422 3.9598542730045954 0
5364 -0.011497223255163152 7.9122815910268134 4.1315010644732659 0
5365 -8.1697166856652963 0.31060724362161007 3.9001020107020814 0
5366 7.2071847614586995 -3.1720105266405656 4.0395725311736097 0
5367 7.6158752948949395 3.0543309967475047 4.1510043849097373 0
5368 -4.6971892846534207 5.9437690365210658 4.2026608623505801 0
5369 -6.7429603725263929 -2.9784071732713056 4.4279401566774519 0
5370 4.3373990550502288 6.6564615462579608 4.1106093985726755 0
5371 -7.9207951174623874 2.3894229869597594 3.9212680039460848 0
5372 -7.2722500796374101 5.2910373278750145 4.3276573664929625 0
5373 6.783865054472205 -4.5473484342630348 4.016501345764488 0
5374 -6.0601970178427935 -6.4829356419083624 4.3893408401284573 0
5375 3.0921274575252675 7.5321638734740715 4.2247722835997958 0
5376 -6.7289393959633834 3.1115328144132453 4.2913922714983963 0
5377 -0.71291806084765796 -7.8148294934033764 3.8667366654770565 0
5378 -7.7446897232607634 -1.5762198608428351 4.0606131586882954 0
5379 -7.1659037405513706 -4.5323674043825513 4.3031073015583008 0
5380 -6.0168518167185807 6.4648794911534928 4.4322284204704676 0
5381 -2.2358120242528696 8.5814295800557137 4.0970847775618271 0
5382 8.0846293694067981 -3.9375009990819652 4.3609577976961029 0
5383 5.5115342917799168 -4.9503173688031481 4.3081005947951692 0
5384 0.025165684582186352 -8.9761688685102783 4.2855407083309416 0
5385 4.4453601431869538 7.8695195911475064 4.3824386619323281 0
5386 -2.7701668638704913 7.0288862237787848 4.0557288154200739 0
5387 8.1136466266697518 -2.3832537682134953 4.3204392275925416 0
5388 1.894160619079291 7.1551195913172911 4.2769547090187352 0
5389 -4.3713783455744943 -6.0448801924433768 4.3767882390547816 0
5390 -1.3638056213255818 -8.7601569216468302 4.3028691983692573 0
5391 5.4085323688096523 7.1722517891783646 4.4820441203079824 0
5392 -8.2228770414573091 -0.86358017368272344 2.5706787786168217 0
5393 1.0142344990668581 -4.6341133223144926 -16.48698630017569 0
5394 1.0333653961253475 -3.7452763325839631 -16.54273539788484 0
5395 0.65457310155246184 -4.3749207754350721 -17.013233273660099 0
5396 0.1596774631702326 -4.9904488110501646 -16.325444147088412 0
5397 0.17880836022872179 -4.1016118213196346 -16.381193244797565 0
5398 0.53846975774311823 -4.3608043681990551 -15.854946271313157 0
5399 -6.4859407542263829 -4.6898024993766416 -6.2106228089759661 0
5400 -7.3901077233992822 -4.6618074705282497 -6.2174291293518156 0
5401 -6.2912181936899216 -3.8122150549099274 -5.56206226760467 0
5402 -5.8785612749574163 -4.0811026926261338 -6.5267785979201722 0
5403 -6.7827282441303156 -4.0531076637777428 -6.5335849182960217 0
5404 -6.9774508046667769 -4.9306951082444561 -7.1821454596673187 0
5405 -0.0049645847462030934 -3.6677576700908912 -16.937820630230092 0
5406 -0.024095481804692287 -4.5565946598214211 -16.882071532520939 0
5407 -0.49986022312843226 -4.2832857057059837 -16.250031503658406 0
5408 -4.3217332296731934 -7.1064110256831707 -3.7386345617860499 0
5409 -3.9351064341901054 -7.2318638754421318 -4.4597262535247104 0
5410 -3.7114718948927479 -7.4487779678794466 -3.6547652646361612 0
5411 -4.0980986903758359 -7.3233251181204846 -2.9336735728975007 0
5412 -3.217811956200304 6.5338606702820563 -6.0126933270543592 0
5413 -4.1267578851040883 6.6738848996370681 -6.7902410154143515 0
5414 -4.0049100994380513 5.9168192569107818 -6.747905459071351 0
5415 -4.1461281979956031 6.063534520572416 -5.5330275287826005 0
5416 -5.0550741268993873 6.2035587499274278 -6.3105752171425937 0
5417 -4.2679759836616409 6.8206001632987023 -5.575363085125602 0
5418 -5.8054288672465884 0.015520613288660334 -15.14572244015417 0
5419 -4.9838123353747248 0.5182295829533321 -14.994665016771847 0
5420 -5.8022793094696592 0.99340043847382586 -14.799959366855919 0
5421 -6.1086557532415968 -0.049352008650002915 -14.46008747755139 0
5422 -5.2870392213697333 0.45335696101466882 -14.309030054169071 0
5423 -5.2901887791466624 -0.52452286417049665 -14.65479312746732 0
5424 -7.0974737426928876 2.892818659363225 -2.5137561768045971 0
5425 -7.704528462880794 3.1428382947495654 -3.3829114243723124 0
5426 -6.6771439373935149 3.6578882531640264 -2.6545242517213135 0
5427 -6.833111268860792 3.2311926376826401 -3.3656241148612898 0
5428 -7.2534410741601647 2.4661230438818382 -3.2248560399445734 0
5429 5.9863421153199923 3.4427024643929456 -12.918049315074631 0
5430 5.4646095971367066 2.6180275527831771 -13.002503959853907 0
5431 6.2832339887900579 2.7416811653438162 -12.886569340617189 0
5432 6.3424315557569022 3.4937909593992602 -12.01952150867638 0
5433 5.8206990375736165 2.6691160477894917 -12.103976153455655 0
5434 5.5238071641035509 3.3701373468386211 -12.135456127913098 0
5435 -8.1988332530615438 -2.1462772294949408 -1.2615975355044791 0
5436 -8.0031267311031336 -2.6059446063821614 -1.9636586848722228 0
5437 -9.0073144861901469 -1.9898099304712091 -1.6891306604671752 0
5438 -8.8116079642317366 -2.4494773073584302 -2.3911918098349192 0
5439 -7.6280043080430069 -1.3248290673284808 -1.7574196059194831 0
5440 -8.8693325030752508 -2.097391929308261 -3.1685848723833274 0
5441 -9.0604331281957897 -1.2447267595204674 -3.2061193695485501 0
5442 -8.3182169989865322 -1.1559122214122906 -3.396588066640585 0
5443 -8.942164586010712 -1.2322772126280086 -4.4177547053069564 0
5444 -8.751063960890173 -2.0849423824158024 -4.3802202081417327 0
5445 -7.6468102335637118 -3.0941462482633799 -4.2158750434751546 0
5446 -7.3338467803825447 -3.861206428421859 -4.1206991691867607 0
5447 -8.2487823139208558 -3.4053210581866544 -4.8605428009324969 0
5448 -7.9358188607396887 -4.1723812383451335 -4.765366926644103 0
5449 -6.593413082505676 -3.4730452161382614 -4.9242008305231764 0
5450 0.62737975966444615 -6.7397954027494702 -8.7310031109501942 0
5451 1.0977847861774466 -7.2159043777221061 -9.3740578153722112 0
5452 1.2474934877862363 -6.4462191930109567 -9.3161213416110993 0
5453 1.7744711780232507 -6.5387558002867312 -8.2792858348729013 0
5454 2.2448762045362511 -7.0148647752593662 -8.9223405392949182 0
5455 1.6247624764144608 -7.3084409849978798 -8.3372223086340131 0
5456 1.5278487061008752 1.8101827761493281 -18.684900288897715 0
5457 1.7399676963168831 1.5027646213623518 -17.922658274361943 0
5458 2.1949179215497141 2.0521321209825047 -18.264163940769407 0
5459 1.2836373273862374 2.3634554135891044 -18.292155978458524 0
5460 1.4957563176022453 2.0560372588021281 -17.529913963922755 0
5461 0.82868710215340613 1.814087913968951 -17.950650312051064 0
5462 -7.8323660585109227 -3.0599891090300035 -2.6971652022015404 0
5463 -7.457243635450796 -1.778873569976323 -2.4909261232488005 0
5464 6.4684113467836521 -5.4635988104797608 -1.2816308967438637 0
5465 6.0387345802593817 -5.9240653410313353 -1.7956656001174762 0
5466 5.5965708230949378 -5.2636312655853006 -2.3122168176081792 0
5467 6.599707043575453 -6.3728498039695598 -2.4607461637237238 0
5468 7.0293838100997235 -5.9123832734179853 -1.9467114603501114 0
5469 -8.4609756972890349 0.36826536522670672 -1.5640855279646426 0
5470 -8.4702474270737778 0.051654860028011118 -0.86590036558955097 0
5471 -9.1959443063259698 -0.30804692385991833 -1.8572964934795371 0
5472 -7.7107886619194161 -0.80865998441681985 -1.1935566029921931 0
5473 -7.7015169321346741 -0.49204947921812431 -1.8917417653672848 0
5474 -3.6824476103443522 -6.6641051588201581 -1.4987342783329716 0
5475 -2.9832270017029003 -7.0913632543486216 -1.340982881189158 0
5476 -3.1711110355409327 -6.9557300874912826 -2.106709378617083 0
5477 -2.0761053275021979 -8.2035780154896223 0.0051784497925045541 0
5478 -2.7830827888780276 -7.1854625606432414 -0.69218387447904406 0
5479 -2.3888652426809061 -8.8394246673560346 -0.67236390302240945 0
5480 -3.2593854219311909 -8.6086033552675314 -0.6589178573092519 0
5481 -2.9466255067524827 -7.9727567034011209 0.018624495505662104 0
5482 5.4583300192066941 -6.4370837867495272 -1.5021418109957507 0
5483 5.9318421445643779 -6.0598984364764883 -0.94582609914099991 0
5484 -3.9884278897909917 6.7424382230757782 -10.532994336237099 0
5485 -4.0610494014400587 6.8927438008924291 -10.016116574761718 0
5486 -3.5368351205107564 7.0061393882384344 -10.44859179145746 0
5487 -7.8900905973544369 -2.7079037309798348 -3.4745582647499487 0
5488 -7.5771271441732697 -3.4749639111383135 -3.3793823904615548 0
5489 -3.6127776165898879 6.5386475382576483 -11.205337675800294 0
5490 -3.0857174687534834 5.9920765309243738 -11.46135848648526 0
5491 -2.7836211984502315 7.0603714263078547 -11.422724144188496 0
5492 -2.7329195644523709 7.1506228122098605 -10.670794417330558 0
5493 -2.205859416615966 6.6040518048765868 -10.926815228015524 0
5494 -3.0350158347556224 6.0823279168263795 -10.709428759627324 0
5495 2.1131187496981618 2.4979781903368692 -18.031043505005243 0
5496 2.1701937104935736 2.4288203476257291 -17.299821004644727 0
5497 1.8762755484260132 3.1820845717670698 -17.828942583416335 0
5498 1.2018381555346851 2.8093014829434688 -18.059035542694367 0
5499 1.2589131163300966 2.7401436402323283 -17.327813042333847 0
5500 -4.1383371781194214 -4.4204542987076474 -14.57267674697094 0
5501 -4.5179884679360036 -4.0353678876199188 -14.631018049480051 0
5502 -4.2040831532688863 -4.9061167131455612 -13.943746740033795 0
5503 -4.5837344430854676 -4.5210303020578335 -14.002088042542907 0
5504 -4.2279199611942886 -3.9510035605213911 -13.795803760939506 0
5505 -7.3012313771523374 -4.0474231304126649 -3.4118998485362573 0
5506 -7.5564702914899886 -3.6324483283043549 -2.729682660276243 0
5507 -0.9039972144343229 -1.6335921305880405 -18.884140717964367 0
5508 -1.2841232216542722 -1.327077131054448 -18.242391029767806 0
5509 -1.6226790744266761 -1.6566227055321026 -18.810977855890879 0
5510 -1.2442256209840803 -2.1913714366465253 -18.573567974405677 0
5511 -1.6243516282040296 -1.884856437112933 -17.931818286209115 0
5512 -0.90566976821167633 -1.861825862168871 -18.004981148282603 0
5513 8.0117824125870776 2.7769524164940589 0.6354030201604508 0
5514 8.2155081504042897 2.1505543392014532 0.48740075418578149 0
5515 7.4596842185929955 2.0739698471258432 -0.45991346334324357 0
5516 8.8415171804760355 2.713424251799144 -0.2934188635103116 0
5517 7.2559584807757824 2.7003679244184489 -0.3119111973685742 0
5518 -2.9590733386764914 6.5498197668071665 -9.9526828752844878 0
5519 -3.8389313908140084 5.9378444928549534 -10.487226133754223 0
5520 -3.4490500187997712 -3.9992487032793971 -14.648899760822175 0
5521 -3.425213210874368 -4.9543618559035671 -14.796842739916464 0
5522 -2.8089197201874545 -4.82283604262906 -14.227963259766197 0
5523 -3.4982068795071051 -5.2440416380573094 -14.151740245914961 0
5524 -3.5220436874325083 -4.2889284854331393 -14.003797266820673 0
5525 6.0193024825227663 -6.8858682496877517 -2.1672223746019985 0
5526 -7.1676007191437954 -4.403547208532208 -2.6502069371890484 0
5527 -0.5189582084326525 -8.4367256947475102 -1.9131221640072862 0
5528 0.34437045011155065 -7.6418777389296828 -2.2392893950545858 0
5529 0.070987723592825569 -9.1344368172894761 -2.094216706983846 0
5530 -1.0633120077326397 -9.169100947023475 -2.3651194638001054 0
5531 -0.19998334918843647 -8.3742529912056476 -2.6912866948474048 0
5532 -0.78992928121391459 -7.6765418686636835 -2.5101921518708448 0
5533 -4.6724946633977407 -6.9343142420095214 -2.9809385874299856 0
5534 7.3942585568573449 0.42650534656790523 -4.5848027631171817 0
5535 8.1126387765007504 1.3702133342404414 -4.6286833964023719 0
5536 8.9243044604750743 0.41377765857847032 -4.5062248072648927 0
5537 8.157930743070839 0.20334285761318172 -5.2412517715424478 0
5538 8.8763109627142445 1.147050845285718 -5.285132404827638 0
5539 7.3462650590965151 1.1597785332751529 -5.3637103606799261 0
5540 2.4705968924107786 -3.0175648491761295 -16.561246806437019 0
5541 2.2646041585941905 -3.8634682580397071 -16.937269969204014 0
5542 2.8363566369122051 -3.8671325195497599 -16.460660367522053 0
5543 2.2176880821842686 -3.5128489950747834 -16.050562814577749 0
5544 2.01169534836768 -4.3587524039383609 -16.426585977344743 0
5545 1.645935603866254 -3.5091847335647302 -16.52717241625971 0
5546 -3.7995809668292004 -3.4112478157793604 -16.192536955786462 0
5547 -3.8183921861599579 -3.7957481309228802 -15.760693886995247 0
5548 -4.2081711517998368 -3.3687961883300286 -15.782308396984945 0
5549 -4.4933564104041173 7.4764074474544095 -6.0944762742221892 0
5550 -5.2804545536418637 6.8593660340831351 -6.8296884062391809 0
5551 -5.4216726521994163 7.0060812977447693 -5.6148104759504314 0
5552 -7.9267969355585794 -2.3510922695203265 -4.2721835817516478 0
5553 -6.8733997845005437 -2.729991237395208 -4.9805093687996695 0
5554 -1.0744988971097913 -8.3929557665728165 -1.3482435456805875 0
5555 -1.3454699698910533 -7.6327719404889898 -1.9453135335441463 0
5556 -2.9908416853918718 -6.7620146689192566 -4.7960177436585338 0
5557 -3.5685022670408539 -8.0570185019773195 -5.4822034429084798 0
5558 -4.2713090272688268 -6.9513266106563467 -5.1398002069672515 0
5559 -3.7732486274881003 -6.2657654783274968 -5.5578466523852716 0
5560 -4.3509092091370825 -7.5607693113855596 -6.2440323516352176 0
5561 -3.070441867260127 -7.3714573696484686 -5.9002498883265 0
5562 -3.3557028121671522 -4.2775608123425393 -15.821107213299273 0
5563 -3.4062048512005312 -4.6179568454109399 -15.263815521307944 0
5564 -2.685424012521338 -4.192760227406918 -15.430357445759029 0
5565 -3.0976113474807647 -3.3705515129188584 -15.927235811446332 0
5566 -3.1481133865141442 -3.7109475459872581 -15.369944119455003 0
5567 2.6852516730632541 8.1216626748100964 -7.4427971449357777 0
5568 3.0791015115553639 7.3231489202701034 -6.8381058225438371 0
5569 2.9041726377628367 8.2296428168471802 -6.3783362061174955 0
5570 2.0323203251953661 8.4310240286470304 -6.6539085827157978 0
5571 2.426170163687476 7.6325102741070374 -6.0492172603238572 0
5572 2.2072491989878933 7.5245301320699527 -7.1136781991421394 0
5573 8.3069132816054019 -1.4316116898474549 -2.1863406339911338 0
5574 8.3611665092906406 -0.71781536986819761 -2.6183577305424137 0
5575 7.636798490298407 -0.3831721554237732 -1.5351740659814941 0
5576 7.6910517179836457 0.33062416455548405 -1.9671911625327736 0
5577 9.1160529658264089 -0.38719120531271184 -2.2949393420801187 0
5578 -8.4361893184283687 0.81333545461816992 -0.80522585626474863 0
5579 -6.1255001120462351 0.7944661992774501 -14.066913387267267 0
5580 -5.3038835801743716 1.2971751689421218 -13.915855963884944 0
5581 -5.6102600239463092 0.25442272181829306 -13.575984074580417 0
5582 -3.5877896625819723 -4.774590899871054 -13.374867259883526 0
5583 -4.2764445459643152 -2.5649853291659195 -13.465013938224237 0
5584 -4.5603646856403373 -2.8257419972761939 -14.319502920875562 0
5585 -3.8782538463688025 -3.204584477973202 -13.570244785225325 0
5586 -4.5725358536613863 -3.0000530488836983 -12.628660403153852 0
5587 -4.8564559933374074 -3.2608097169939732 -13.483149385805177 0
5588 -5.2546466929329201 -2.6212105681866902 -13.377918538804089 0
5589 -2.5026423569834062 -8.0938094015241511 0.81903792545518816 0
5590 -6.9069739889329149 -4.5465813806305038 -4.0445383375177197 0
5591 -6.8743585857027067 -4.7327980826213096 -3.3357390168672154 0
5592 4.2214965782960618 -6.968984029834397 -9.0279040912999573 0
5593 2.9920083073515249 -6.8271936851332047 -8.7266258636763698 0
5594 4.0013421657178023 -7.2491917272363331 -8.1867832601803077 0
5595 5.0566197344106438 -6.6412072579442238 -8.2875636194439508 0
5596 3.8271314634661069 -6.4994169132430315 -7.9862853918203642 0
5597 4.0472858760443664 -6.2192092158410954 -8.827406222940013 0
5598 7.2517956292001369 2.709715673958113 -0.93647566576252173 0
5599 -4.4959226788511284 0.72345682993943827 -14.290260435542301 0
5600 -4.4990722366280584 -0.2544229952457272 -14.63602350884055 0
5601 -4.8022991226230669 -0.31929561718439042 -13.950388546237772 0
5602 -8.3454574978814726 1.1823868870833596 -1.6251375148044163 0
5603 -9.0686176340706179 1.3137046546739792 -2.3877959103526631 0
5604 -9.1841358334781802 0.49958313281732625 -2.3267439235128897 0
5605 -7.6897084592868827 0.31558057745912027 -2.3611891954006374 0
5606 -3.2220796346621015 3.6999973201053988 -16.437100158749981 0
5607 -2.8577465346492747 3.1615512077287153 -16.254539331425121 0
5608 -2.5812462851915803 3.6817647619651259 -16.965428239798541 0
5609 -2.6954534839429112 4.2395583326265838 -16.277349244871107 0
5610 -2.3311203839300845 3.7011122202499003 -16.094788417546248 0
5611 -2.9719537334006061 3.7193447783901732 -15.566460336497684 0
5612 -9.2176556864731314 -0.65965623029486753 -1.0660969352988292 0
5613 -8.4919588072209375 -0.29995444640693808 -0.074700807408843078 0
5614 5.1318997453887842 -7.62370036324163 -2.3225735678038006 0
5615 4.0824435051284285 -6.5040107791712609 -2.7460116254886699 0
5616 4.8316054383741669 -6.9396311867816109 -1.7805854256744391 0
5617 4.9698462422624097 -5.7661786656173835 -2.5906604322868674 0
5618 5.2701405492770279 -6.4502478420774025 -3.1326485744162289 0
5619 8.2625368294464696 -1.4165893096389532 -3.0252536189444834 0
5620 -8.2209059464815191 2.0091647147963618 -1.6830864489991382 0
5621 -7.5651569078869283 1.1423584051721223 -2.4191381295953596 0
5622 -4.6531172862663945 -6.8154825460302355 -4.4412952137206023 0
5623 -5.0038787199909418 -6.6433857623565871 -3.683599239364538 0
5624 -8.4045857668751793 -1.1564234401523588 0.014574566766715952 0
5625 -9.1302826461273732 -1.5161252240402883 -0.97682156112327012 0
5626 -2.8672884454254599 0.67422280491552122 -16.489141019114797 0
5627 -3.3759305253854111 1.2972535587470269 -16.865537127073154 0
5628 -2.4684480169886562 1.4527662321998456 -16.571653804215611 0
5629 -2.4382213024361663 0.85702050934694007 -17.031168796772199 0
5630 -2.9468633823961179 1.4800512631784457 -17.407564904730556 0
5631 -3.3457038108329216 0.70150783589412147 -17.325052119629742 0
5632 -7.5089460692900589 -4.8577561905537783 -4.6892060949750611 0
5633 3.0170114880489054 6.4549462889083422 -7.0463652499213083 0
5634 3.2359324527484885 6.562926430945426 -5.9819043111030261 0
5635 3.8089705676977843 6.0819246006896641 -6.9007876811063422 0
5636 3.871060591204242 6.9501272320514262 -6.6925282537288719 0
5637 3.6521396265046593 6.8421470900143415 -7.7569891925471541 0
5638 6.1671642102260789 2.290093163200523 -11.571296841980246 0
5639 6.3341410845324351 2.7750303570186308 -10.841015364484596 0
5640 6.6214086902180531 1.6438976783742176 -11.175383884949996 0
5641 6.9596447520539426 1.7556872804617263 -12.177143704001729 0
5642 7.1266216263602988 2.240624474279834 -11.446862226506077 0
5643 6.6723771463683246 2.8868199591061394 -11.842775183536329 0
5644 1.7625440798098091 -3.8762647287286507 -17.173448855979846 0
5645 1.5096352695832986 -4.3715488746273046 -16.662764864120575 0
5646 -4.3224605029418148 1.2165916557463319 -16.9130396698183 0
5647 -3.9236200745050107 1.995135083030656 -16.995552454919114 0
5648 -4.439074367057616 1.9516811946425867 -16.436462804032256 0
5649 -3.4925443895012132 2.0323430976432819 -16.388960261287114 0
5650 -3.8913848179380168 1.2537996703589576 -16.3064474761863 0
5651 -7.4211517442389976 2.1077935831216346 -2.4782860088487153 0
5652 0.6435549703738207 -4.0744252331926685 -17.359588354083641 0
5653 -0.035113612983333375 -4.2560991175790175 -17.228426612944485 0
5654 -5.3353670830631028 -4.9629229977538358 -5.886644903111339 0
5655 -5.8268771335034977 -5.2038156066216512 -6.8581675538026907 0
5656 -6.4342566127724634 -5.8125154133721573 -6.5420117648584846 0
5657 -5.239932615810412 -3.4830639438160809 -14.128382320283833 0
5658 -5.6381233154059238 -2.8434647950087979 -14.023151473282745 0
5659 -5.9342146231029949 -3.2785325147265771 -13.18679793821236 0
5660 -4.3197672848189299 -8.0524038319281246 -1.4917918007241942 0
5661 -4.3950356163031277 -7.1868247069097562 -2.2287749520473188 0
5662 -4.9063721911065468 -6.8951997782386316 -1.6207998517632076 0
5663 -6.8792959689613262 1.4122309378049018 -12.759797050024684 0
5664 -6.1255867827916735 1.0219798549448438 -12.600727285658387 0
5665 -6.3808135689205994 1.4884920126058041 -13.341879748662588 0
5666 -6.6908363174118026 2.163521398224999 -12.485601659895384 0
5667 -5.9371271312421499 1.773270315364941 -12.326531895529085 0
5668 -6.4356095312828767 1.6970092405640387 -11.74444919689118 0
5669 -4.5091077840854634 -3.6570973456221676 -15.061264038352117 0
5670 -3.861237353759198 -3.1770399887913379 -15.145778126509478 0
5671 -4.1193288184455845 -4.0840492882150192 -15.039649528362419 0
5672 -5.9091791756123229 -5.5770772329310221 -5.3850772880002653 0
5673 -6.3198956367190666 -5.0776464397346359 -5.5194323185834939 0
5674 -6.2682114952651471 -6.2003593537301533 -5.8508212744660124 0
5675 -4.9246506219563582 -5.4623537909502211 -5.7522898725281095 0
5676 -3.5373877186985969 1.3004095928056234 -17.864579243075298 0
5677 -3.9664548616878905 1.1176118883742046 -17.322551465417899 0
5678 -3.5676144332510864 1.8961553156585289 -17.405064250518713 0
5679 4.5254657791884636 6.269078967109146 -0.80671994046179363 0
5680 5.1897299067310509 5.7091507899711313 -0.71467656979647809 0
5681 4.8759117696281855 6.0030039574068121 -1.2972223926159641 0
5682 -8.4579006985755285 0.46172614818322077 -0.014026298084040729 0
5683 5.6015546980757023 6.3468555335890962 -0.25956087755006496 0
5684 4.9372905705331149 6.9067837107271108 -0.35160424821538061 0
5685 5.6530964022917951 7.3034442893135472 -1.2422191206479294 0
5686 3.2151201905055293 -3.4357681928825663 -16.627033413594191 0
5687 2.6433677121875148 -3.432103931372513 -17.103643015276148 0
5688 -2.4499858920426769 0.11612036783032109 -16.876732631305341 0
5689 -3.3574684004394322 -0.039392305622497514 -17.170615954162884 0
5690 -2.9284012574501386 0.14340539880892134 -17.712643731820286 0
5691 1.1905672824380027 6.7036729223494325 -13.166261609921445 0
5692 1.7953998925580916 6.079139200980725 -12.527062998564986 0
5693 1.522659736110674 6.9367569108316918 -12.31988736601005 0
5694 0.58254963639408286 6.9153228863515679 -12.724885497202088 0
5695 1.1873822465141717 6.2907891649828613 -12.085686885845631 0
5696 0.85528979284150042 6.057705176500602 -12.932061129757026 0
5697 2.4757915694623134 0.6643902928296691 -16.784862826168325 0
5698 2.9370764783023668 0.2728054003609135 -17.505367635693336 0
5699 1.9814191633492881 0.56470187244278658 -17.151492494738388 0
5700 1.9635855831374784 1.3505003655535355 -16.966454805723508 0
5701 2.4248704919775319 0.95891547308477976 -17.686959615248519 0
5702 2.9192428980905571 1.0586038934716624 -17.320329946678456 0
5703 -0.40051170560872956 -8.4628309368986656 -1.1572581265516628 0
5704 -0.84528512878557882 -8.4269586114462225 -0.26073417795881987 0
5705 -1.5192723202866407 -8.3570834411203734 -0.45171959708774467 0
5706 -4.8191434814277052 0.52452259074306251 -13.557214455953646 0
5707 2.1598048108338141 -3.5070820658769035 -17.358486303174949 0
5708 -5.5758718274379024 2.0499406037530075 -12.896935479376031 0
5709 -6.3295810136075543 2.4401916866130655 -13.05600524374233 0
5710 -5.8858945759291048 2.7249699893722026 -12.040657390608825 0
5711 5.0451850770377922 -6.4406834662499026 -8.9443447264907459 0
5712 4.2100619209232102 -6.7684602381400749 -9.6846851983467523 0
5713 2.6912111298208359 -3.7806264128762486 -15.591743774860245 0
5714 2.4852183960042473 -4.6265298217398261 -15.967766937627237 0
5715 1.8665498412763109 -4.2722462972648492 -15.557669384682931 0
5716 -8.0438119810478312 -2.7238568048738441 0.33257807388824745 0
5717 -7.8410737992141568 -3.1779714730161155 -0.38370369340134991 0
5718 -8.1511728174356577 -2.3767019929553426 -0.45728066962041181 0
5719 -8.3206711190208065 1.6274569764748228 -0.86627784310452216 0
5720 -4.892155319508916 -3.5796547658115063 -14.611432839985202 0
5721 -5.2903460191044278 -2.9400556170042238 -14.506201992984114 0
5722 7.3255926347954539 -2.0211144977824951 -3.2185413114006458 0
5723 7.3699690869543879 -2.0361368779909963 -2.3796283264472962 0
5724 8.8492235624823898 -2.040155927879935 -3.1393936025459208 0
5725 -8.3218014129987701 -1.67259252306402 -0.54928843616057399 0
5726 -1.8182835488991427 -7.5680692425194627 -6.9074508412614373 0
5727 -1.0906999422548131 -7.1583001118443548 -6.3583370901505347 0
5728 -2.0512053623145512 -6.7141964704920847 -7.2010153887610695 0
5729 -2.5334119470613898 -7.495836080703711 -6.4442750597358671 0
5730 -1.8058283404170603 -7.0860669500286022 -5.8951613086249637 0
5731 -1.5729065270016518 -7.9399397220559802 -5.6015967611253323 0
5732 5.0229171908567611 -6.8415416867189185 -0.88162651588440522 0
5733 5.4964293162144457 -6.4643563364458796 -0.3253108040296544 0
5734 0.25922139608189343 1.7610702350700849 -18.378704061162779 0
5735 -0.34961281999265459 1.9018107077696573 -19.086296401761643 0
5736 0.46406426479349594 1.4015557492287474 -19.050986963089116 0
5737 0.31387279856267614 1.1184118371081042 -18.354284367947379 0
5738 -0.29496141751187188 1.2591523098076767 -19.061876708546244 0
5739 -0.49980428622347439 1.6186667956490144 -18.38959380661991 0
5740 -7.3389750932657183 -1.7664240230838641 -3.7025614590072062 0
5741 -8.9246124704226872 2.2791398326234913 -2.4469437896060189 0
5742 -8.2688634318280965 1.412333522999252 -3.1829954702022403 0
5743 6.9643825193829247 4.6781974061022904 -8.3529434429819975 0
5744 6.7718172856809868 5.1066167153585802 -7.8157690644943347 0
5745 6.4566800280901173 5.1752344107184847 -8.6099834264657673 0
5746 6.2641147943881794 5.6036537199747745 -8.0728090479781045 0
5747 6.0661145108346606 4.5710162985126388 -8.4774508850879986 0
5748 7.5710447511397732 -0.26496516454703378 -3.3764768624873858 0
5749 8.9960459989825363 -0.98278053441522961 -3.7042250420347305 0
5750 8.3175062502346506 0.21817973533088963 -3.8629442152503914 0
5751 9.1076280083855181 -0.23467046999027413 -3.1048250833054194 0
5752 7.682626760542755 0.48314489987792175 -2.7770769037580743 0
5753 2.015058784813518 7.3145735155733398 -8.1701900232126441 0
5754 2.373282724284917 8.0614405484698928 -8.0857982554571723 0
5755 1.5281609622426544 8.160845285810213 -8.353421517307698 0
5756 1.3621274369456304 7.623934869410272 -7.3813014609926642 0
5757 1.7203513764170295 8.3708019023068267 -7.2969096932371915 0
5758 -4.9258841491869125 6.9240130883676816 -7.6246554566956384 0
5759 -4.1387860059491661 7.5410545017389552 -6.8894433246786466 0
5760 -3.3803418655095712 7.073390848634717 -6.9529382449501993 0
5761 -4.1794681295923954 7.3235190373653296 -7.7873526862314861 0
5762 -4.1674400087473176 6.4563494352634425 -7.6881503769671911 0
5763 -3.2322996739621326 -8.3375557667631046 -4.8021294894659388 0
5764 0.70962488718163175 -3.5886948950548607 -15.584831012144235 0
5765 0.34996348966723528 -3.3295023481754393 -16.11107798562864 0
5766 -0.14493214871499391 -3.9450303837905318 -15.423288859056957 0
5767 8.4375132170785232 0.81376906443340746 -2.4536585152957793 0
5768 -2.3375996789693971 -0.74517776405636549 -18.719895054344754 0
5769 -1.8447261044508629 -0.58711582045163146 -18.100899702841211 0
5770 -2.1795207017736349 0.017814121490513035 -18.651566589491651 0
5771 -2.8062800616744092 -0.36887128241095934 -18.414384753674309 0
5772 -2.3134064871558748 -0.21080933880622527 -17.79538940217077 0
5773 -2.4714854643516375 -0.97380122435310379 -17.863717867023873 0
5774 3.2105791132070394 -0.35442712084463179 -18.068031794148304 0
5775 3.7049515193200646 -0.25473870045774927 -17.701402125578241 0
5776 2.6884505881811505 -0.72168469529842683 -17.590291258520651 0
5777 3.1828229942941757 -0.62199627491154441 -17.223661589950588 0
5778 3.4563256291988482 -1.2492287961170896 -17.786325748405556 0
5779 -0.65051900709817967 8.4341158660045821 -1.8165754892865065 0
5780 -0.28241921076727561 8.4705180225716141 -1.0297866087186685 0
5781 -1.0572265739043394 8.4014069118460917 -1.0662222880081473 0
5782 -0.68912677757343532 8.4378090684131273 -0.27943340744030931 0
5783 -7.3756814314698609 -1.409612561624356 -4.5001867760089045 0
5784 -6.8577459390222657 -4.8735560218091134 -2.3198265787767784 0
5785 -6.5645038055811771 -5.202806895898215 -3.0053586584549459 0
5786 -7.4770598222489717 -4.0064042921189085 -0.1527493137189978 0
5787 -7.679798004082647 -3.5522896239766375 0.56353245357059956 0
5788 -7.3055916948370072 -4.3355532730987134 0.60584802628471535 0
5789 -4.9159045645425392 -2.5265824378270829 -12.543467281355984 0
5790 -4.6198132568454682 -2.0915147181093037 -13.379820816426369 0
5791 -1.7457602713953659 -0.19293802643371 -18.836003869120034 0
5792 -1.9038392485911282 -0.95592991198058863 -18.904332333973141 0
5793 -1.3928227608685686 -0.38319797168405312 -19.315728155874563 0
5794 -1.4917885939240658 -0.77737576570197464 -18.58062398959574 0
5795 -1.3337096167283033 -0.014383880155096035 -18.512295524742633 0
5796 -6.9821758005772132 -2.208322147754465 3.8508424950262068 0
5797 -7.1420863351040138 -1.961965836168738 3.0631006858527821 0
5798 -7.9444329586776146 -2.3786566169096326 3.5033997173431657 0
5799 -8.1043434932044143 -2.1323003053239056 2.7156579081697405 0
5800 -8.7069468813611639 -1.7465543299980029 3.7131703810052543 0
5801 2.9896863887255796 -4.5434887545269635 -15.678429263798382 0
5802 3.3408246296335373 -3.7840914523368983 -16.171322693693199 0
5803 2.0271517712358516 -1.7994504543103977 -17.574240139941821 0
5804 2.4435653581940309 -1.3592098457995729 -17.816966066088426 0
5805 1.5365200252569235 -1.5421739295390857 -18.082620993252348 0
5806 1.3201203464040805 -1.4693506514904162 -17.135441376156187 0
5807 1.7365339333622596 -1.0291100429795914 -17.378167302302785 0
5808 2.2271656793411876 -1.2863865677509034 -16.869786448992262 0
5809 -1.7572655139838829 -5.6007327529633262 -14.850786998501537 0
5810 -2.0069707731071835 -4.8212516426055068 -14.679160394906347 0
5811 -2.4862207924314168 -5.3126373708331371 -15.044692357362893 0
5812 -2.5592144610641538 -5.6023171529868785 -14.399589863361388 0
5813 -2.0799644417399206 -5.110931424759249 -14.034057900904841 0
5814 -2.1079311171709763 2.3157404558499683 -18.116633242307017 0
5815 -1.9726166616614136 2.4438014632852156 -17.262731372583584 0
5816 -2.3522276406883162 3.0152576421531947 -17.636769282197115 0
5817 -2.7323160965732431 2.4814968103746491 -17.719360532047261 0
5818 -2.5970016410636805 2.6095578178098968 -16.865458662323825 0
5819 -2.3527051175463405 1.9100406315066705 -17.345322622433727 0
5820 5.2265804773471736 2.1366614341529528 -12.10755037535513 0
5821 4.9296886038771088 2.8376827332020822 -12.139030349812572 0
5822 5.2857780443140179 2.8887712282083964 -11.240502543414321 0
5823 5.5868599435928914 4.5894820125644786 -12.064290090132573 0
5824 4.8416306375597946 4.0203345209511898 -12.597907272240107 0
5825 5.9129470296997368 3.8881963434455953 -12.500366752203815 0
5826 6.2690364701366477 3.9392848384519099 -11.601838945805564 0
5827 5.1977200779967045 4.0714230159575049 -11.699379465841854 0
5828 6.1005710632714152 -5.895757062278296 -0.083665669877777404 0
5829 6.6371402654906886 -5.2994574362815676 -0.4194704674806411 0
5830 -6.0592874503212855 -2.6725973831392551 -13.506955165333583 0
5831 -5.3797195201512107 -2.0152754365993681 -13.698075765925312 0
5832 -5.6758108278482817 -2.4503431563171474 -12.861722230854927 0
5833 -3.2786800528973457 -7.6922682307701225 -3.0502825524016552 0
5834 -2.5395166391413322 -7.9944015147918037 -2.8778909394907624 0
5835 -2.4319476217849196 -7.2578633715129639 -1.9343177657061901 0
5836 -3.2034117214131483 -8.5578473557884926 -2.3132994010785302 0
5837 -7.2652174255922786 -1.2830477001578988 3.73628487061473 0
5838 -5.711290393917495 -5.8906792765596583 -4.831129955402333 0
5839 -5.2753054655756504 -6.2993048302832548 -4.4146642662298046 0
5840 -6.0703227135703202 -6.5139613973587895 -5.2968739418680801 0
5841 -4.4886656936145144 -5.8709793446738185 -5.3358241833555811 0
5842 6.3367351806006145 5.8394424214232217 -7.0451110689971745 0
5843 6.1387348970470956 4.8068049999610851 -7.4497529061070686 0
5844 5.6310324057542891 5.3038420045772803 -7.7067928895908384 0
5845 1.3329168098807089 -6.4057334607443899 -13.577366804251046 0
5846 1.385453413105654 -5.7149877948138741 -13.257236702368786 0
5847 1.9452636880492804 -5.9668861911336641 -14.115038374886762 0
5848 1.0312383481729321 -6.1112368598098588 -14.257508802855863 0
5849 1.0837749513978774 -5.420491193879343 -13.937378700973607 0
5850 0.47142807322930569 -5.8593384634900687 -13.399707130337889 0
5851 -0.71384750889929371 6.7616703695743539 -8.5631371068528637 0
5852 -0.58248623539523126 6.9923951914220677 -7.4127629531327139 0
5853 -0.26494325779242872 7.6503186482151975 -8.0390747468114263 0
5854 -1.0991989187518885 7.5942219315867874 -8.1620803231023586 0
5855 -0.96783764524782612 7.8249467534345012 -7.011706169382208 0
5856 -1.4167418963546909 6.9362984747936576 -7.5357685294236472 0
5857 -1.6965859258548532 -8.528261390442097 -6.4633502190288539 0
5858 -2.6570913459145915 -8.0841577490898278 -7.3060285176393887 0
5859 -2.4117143240171002 -8.4560282286263462 -6.0001744375032828 0
5860 0.20079527477305092 8.4332329690296177 -1.7615054855770209 0
5861 0.99807687137904155 1.4946814283457999 -17.331816840219915 0
5862 1.6651460868278807 1.7366307731789767 -16.911080492091607 0
5863 0.75386549266440384 2.0479540657855759 -16.939072529780724 0
5864 -1.9653371614935877 -1.9487075064385757 -18.560612483626237 0
5865 -1.5868837080509919 -2.4834562375529989 -18.323202602141034 0
5866 2.2509571381825797 0.086558489987015236 -17.059892552923845 0
5867 2.7453295442956045 0.18624691037389773 -16.693262884353782 0
5868 -7.6976668098321372 -2.463841350290684 -5.0885459951897545 0
5869 -3.1646053927298556 -7.6273438611298436 -4.2643209369934851 0
5870 -2.731813550734453 -7.8708341240205195 -3.6598382247589787 0
5871 -3.4518303425446621 -6.8475110588823975 -0.67957992910945342 0
5872 -4.6757549233068563 -7.0786056783008711 -0.80164550253968958 0
5873 -1.4170825877339301 2.2952583007200573 -17.513897983377188 0
5874 -1.7966935667608328 2.8667144795880364 -17.887935892990718 0
5875 -1.6613791112512701 2.9947754870232837 -17.034034023267285 0
5876 1.5094754261957544 -2.498157562857994 -17.438875737612364 0
5877 1.7094893343010904 -1.9850936762984994 -16.7344220466628 0
5878 2.4165207591328617 -2.3151934791184807 -17.173220810448441 0
5879 -0.76803207145601871 -2.116730293099363 -18.669686578420308 0
5880 -1.1082604780057761 -2.6745095991578482 -18.359113834861617 0
5881 -5.0409773917608298 -1.9206473062397609 -12.863624508477207 0
5882 2.3375464982747753 6.6832256048480598 -7.3573098410595277 0
5883 1.6846151504068878 6.9925869586849929 -6.5684212788395477 0
5884 2.556467462974358 6.7912057468851437 -6.2928489022412455 0
5885 3.5044550776926844 0.7228463689323944 -17.845683711890381 0
5886 3.0100826715796591 0.62315794854551187 -18.212313380460444 0
5887 2.9922490913678494 1.4089564416562608 -18.02727569144556 0
5888 -0.56305160357004391 -4.4663366623909146 -17.003612775296002 0
5889 -0.379278658595119 -4.9001908136196581 -16.446985389863471 0
5890 8.4409369961824297 0.75131873423990569 -0.17543590611434395 0
5891 8.3597576694331917 1.5068687015039828 0.27111092888464638 0
5892 9.165889162432272 1.0819428987953914 -0.7112285353270178 0
5893 7.6398066815203318 1.086174131819561 -0.66143330985881466 0
5894 7.7209860082695698 0.33062416455548405 -1.107980144857805 0
5895 8.3107452208488244 3.2648129695552948 -5.253814173881624 0
5896 7.0260531530958543 2.4804276332649415 -4.8635944698609697 0
5897 7.8672849406359919 2.1673263585202296 -5.0974810562753152 0
5898 8.4967157863233336 2.9011153103061855 -4.521787761377138 0
5899 7.2120237185703635 2.1167299740158323 -4.1315680573564828 0
5900 7.655483998783196 3.214216585050897 -4.2879011749627924 0
5901 3.5271556985038948 0.18624691037389754 -17.89003780156245 0
5902 3.9152355467328879 0.18624691037389746 -17.54982574278505 0
5903 4.5621235669206257 -5.7690737762245252 -9.3062956999103932 0
5904 4.7248996117994704 -6.3183247985235038 -10.163574675317133 0
5905 4.8831655499054136 -5.3299765863106607 -9.885247605939675 0
5906 5.3662270600225801 -6.0015862763360381 -9.5232966325200259 0
5907 5.2034510151437363 -5.4523352540370587 -8.6660176571132883 0
5908 0.82543574037585543 -6.8603667245941899 -8.0462084553741171 0
5909 1.97252715873466 -6.6593271221314509 -7.5944911792968242 0
5910 6.1079666432592346 1.537983369145079 -12.438344673921055 0
5911 6.6131795794014803 2.1347101650506954 -12.709823015477138 0
5912 1.42033683170059 -5.8368025774776182 -14.760990095119059 0
5913 0.55884809504918675 -5.2904075802232962 -14.583330421205902 0
5914 1.472873434925535 -5.1460569115471024 -14.440859993236799 0
5915 -7.6750219021541799 -3.5018659286484137 -1.9639498115079042 0
5916 -7.8707284241125919 -3.0421985517611922 -1.2618886621401604 0
5917 -7.0887987090346982 1.6218877439751598 -12.146353054976531 0
5918 -6.9003390574851755 2.3731782043952574 -11.872157664847229 0
5919 2.8066987072723606 -0.3435047180541877 -18.380938370155341 0
5920 3.0524452232641686 -1.2383063933266456 -18.09923232441259 0
5921 -3.4290849819091038 2.8519919011627159 -16.945947966422317 0
5922 -3.5329523182282756 2.3851626039938107 -17.193033691177778 0
5923 -3.2378349905342017 2.6277903759501697 -16.337130581275261 0
5924 -3.7936972118138699 2.9371559939126293 -16.582114360279071 0
5925 -3.6898298754946985 3.4039852910815345 -16.33502863552361 0
5926 6.6430637744731014 3.3979995226081647 -11.428683521842959 0
5927 7.0973082544650756 2.7518040377818593 -11.03277056481271 0
5928 -7.2861523298079867 -4.2729648088762664 -1.8844740884207096 0
5929 4.3699658556116585 -7.2539561611713816 -0.5769563049131875 0
5930 3.6878865157923215 -6.7534177324781046 -1.2411246539160916 0
5931 3.8930796683249786 -8.3836112910636285 -1.4119752950500388 0
5932 4.5460310035700822 -7.9711968166111653 -1.7166455060212567 0
5933 6.5293766555139765 -5.4399805443192548 0.27211796481143885 0
5934 6.1074923103027565 -5.8681677263814613 0.83158039688479379 0
5935 -4.3162327477906235 0.68855539700762991 -17.090129994611594 0
5936 -7.2161364911454973 1.6132454887388983 -9.0079640584304812 0
5937 -6.7620045989852375 1.4147546922231828 -8.1422630521221215 0
5938 -6.3198795311823321 1.9782964433287673 -9.0745944998412096 0
5939 -6.874103828878587 2.5876670123963907 -8.970101847403722 0
5940 -6.4199719367183263 2.3891762158806755 -8.1044008410953623 0
5941 -7.3162288966814923 2.0241252612908065 -8.0377703996846321 0
5942 6.7293691367685327 -5.1475346724594813 1.047141447243511 0
5943 6.3074847915573127 -5.5757218545216869 1.606603879316866 0
5944 -3.1475228642076445 4.556323754778135 -12.428938894339971 0
5945 -3.6256395334913565 4.52235022879238 -11.704628859150745 0
5946 -3.4367572176094283 5.5043261688599223 -11.968282053286284 0
5947 -3.6093770067427107 4.9027664917997846 -12.950939771687874 0
5948 -4.0874936760264227 4.8687929658140305 -12.226629736498648 0
5949 -3.7982593226246388 3.9207905517322432 -12.687286577552333 0
5950 3.6878803895829257 5.9952817181717029 -7.6300464789093665 0
5951 2.8959213099340473 6.3683034063903801 -7.7756240477243317 0
5952 -7.9837833823590358 -1.2199000172627792 3.3156459686525586 0
5953 -7.3811799942022862 -1.6056459925886821 2.3181334958170448 0
5954 -8.9460405404594372 -1.390234486417947 2.9682031909695175 0
5955 0.64144631197997071 1.7788252094557602 -18.902085319366108 0
5956 0.39723493326533288 2.3320978468955365 -18.509341008926921 0
5957 -0.17223077280617985 2.2790801679966703 -18.937394758038636 0
5958 0.015010017367255657 2.3143428725098611 -17.985959750723595 0
5959 2.3563592543701279 -7.8310848000416922 -8.7436883931962299 0
5960 1.2092678360113236 -8.0321244025044312 -9.1954056692735229 0
5961 1.8293815641331137 -7.7385481927659177 -9.7805238999344279 0
5962 6.4682172447908339 1.4442824480912777 -13.383077503623614 0
5963 5.7690689137351363 1.2259587924562581 -13.376747118438754 0
5964 6.4757846879191989 0.75323498681348799 -13.788800636665906 0
5965 6.8146824174432972 1.0652595635023088 -12.850398192148205 0
5966 6.1155340863875995 0.84693590786728912 -12.844067806963345 0
5967 -2.9857843038170158 -5.2978782801942925 -14.701207326078393 0
5968 -3.0587779724497528 -5.5875580623480339 -14.056104832076889 0
5969 6.2564626258551579 6.7635605504188945 -1.0596093025466802 0
5970 6.2049209216390651 5.8069717946944426 -0.076951059448815862 0
5971 0.97843205746734507 -7.002166265225906 -7.2744696701462992 0
5972 1.7777587935059507 -7.4502405256295958 -7.5654835234061952 0
5973 0.6306673751471461 -7.6512801280923357 -8.0172007994834882 0
5974 -9.1739433607556222 -1.1538323297983015 -1.775202931685707 0
5975 -2.5525328625088362 2.0373968682849979 -17.990854393529297 0
5976 -3.176917841911103 2.2031532228096786 -17.593581683269534 0
5977 -8.9650076281662461 1.803679776736792 -3.1530647468645192 0
5978 -9.1090127918141768 0.83824459878728008 -3.0939168676111635 0
5979 -5.6567749194839685 0.6674286113605663 -15.356474357096868 0
5980 -4.838307945389035 0.19225775584007251 -15.551180007012796 0
5981 -4.835158387612104 1.1701375810252381 -15.205416933714547 0
5982 -7.6504833881858847 3.5720113398400732 -1.8048535178914782 0
5983 -7.9741613897319947 2.7869862635984828 -1.7693833499355964 0
5984 -8.6778679136731629 3.0569613814256122 -2.5332406905424776 0
5985 5.9997090503878336 4.5861892489351757 -3.6792615173040444 0
5986 7.4666393301923151 5.0792321409720058 -3.6581701263796127 0
5987 7.0568113913080124 4.5127310628601816 -3.0463550400070245 0
5988 6.7156678378806181 3.4351035483125694 -3.3116605966948809 0
5989 8.1825981176850995 3.9281464403494 -3.2905692057704492 0
5990 7.1254957767649207 4.0016046264243936 -3.9234756830674691 0
5991 -7.560629405891091 -3.8434680318219661 -1.1883116859210987 0
5992 -3.5485555795981876 3.8643773180766274 -16.009113032722407 0
5993 -3.0219294288789973 4.4039383305978124 -15.849362118843533 0
5994 3.1373899424725211 -5.1821731578130814 -14.662465809227543 0
5995 2.1689365900935518 -4.9080821201347318 -14.446879308984965 0
5996 2.9662536436531948 -5.5502315628814989 -14.010494773247082 0
5997 3.8080379644242113 -5.1471828058765992 -13.880715480271025 0
5998 2.8395846120452419 -4.8730917681982495 -13.665128980028449 0
5999 3.0107209108645678 -4.505033363129832 -14.317100016008911 0
6000 -1.8675501142455952 -7.4396450276386155 -7.6817712412693613 0
6001 -1.1399665076012659 -7.0298758969635067 -7.1326574901584587 0
6002 -0.9070446941858572 -7.8837486689908847 -6.8390929426588265 0
6003 -4.5886804898067339 1.247590572185449 -14.018412834208545 0
6004 -4.9119012923833107 1.0486563329890732 -13.285366854619891 0
6005 -1.4940137667021403 7.4886127561137528 -2.5780270389311397 0
6006 -2.5651044433667369 8.816509055815569 -2.6425178966914697 0
6007 -1.5592993390941088 8.2698571446975322 -1.8993596309656822 0
6008 -0.37969242604118936 7.6210467256859493 -2.4495489526942764 0
6009 -1.4507831027057863 8.9489430253877664 -2.5140398104546064 0
6010 -1.3854975303138177 8.167698636803987 -3.1927072184200642 0
6011 -7.1773241885620926 -4.0791135867045902 -8.3891780304690418 0
6012 -6.5816843539660912 -3.5682991448925572 -8.5458650204564108 0
6013 -7.3889372171303727 -3.3254174301031982 -9.4367418023139287 0
6014 -7.6316605246410205 -3.4554196779833681 -8.3289730945934011 0
6015 -7.0360206900450182 -2.9446052361713355 -8.4856600845807701 0
6016 -6.8244076614767391 -3.6983013927727271 -7.4380963127358841 0
6017 3.5151110407358832 -4.1777081967083687 -15.595185452784211 0
6018 3.2166357818311395 -3.4148458550576537 -15.508499963846074 0
6019 2.8654975409231818 -4.1742431572477194 -15.015606533951257 0
6020 -7.504311084690551 -0.92672785657784307 2.9913176805789932 0
6021 -7.5574057457140169 -3.8824788456476318 -7.7628456828930776 0
6022 -7.1030694096350899 -4.5061727543688539 -7.8230506187687183 0
6023 -2.7220648169395307 3.2300274063649184 -17.256214313637582 0
6024 -3.1021532728244576 2.6962665745863732 -17.338805563487725 0
6025 -3.2584940798435338 6.3163252059084307 -6.9106026886071987 0
6026 0.52399234120726879 -6.3403172916241406 -14.010878381302286 0
6027 0.82567080291504547 -6.6348138925586717 -13.330736382697467 0
6028 5.5990552888956948 3.9282144206824694 -13.077978543541118 0
6029 5.2729682027888494 4.6295000898013523 -12.641901881469876 0
6030 -1.6236270408368254 2.5433463295542382 -18.172972025422332 0
6031 -1.3123894904266822 3.0943203532923063 -17.944274676106033 0
6032 3.633118815532506 -7.6655584401919565 -0.90971903245680719 0
6033 2.951039475713169 -7.1650200114986795 -1.5738873814597114 0
6034 -9.0587169239992313 -1.6323705280635452 -2.4652231600597183 0
6035 3.3913227908856145 7.8828220865249827 -7.3429848080616775 0
6036 3.6102437555851976 7.9908022285620675 -6.2785238692433953 0
6037 3.7531352995356793 -4.8447539462453406 -14.391801914632943 0
6038 3.5361455628748715 -4.1392528053112372 -14.233856204994741 0
6039 3.6079119295942927 -4.513963740363228 -15.090308432575291 0
6040 3.0824872775839891 -4.8797442981818229 -15.173552243589461 0
6041 -4.9559293440076502 -4.4691747994041222 -13.523952330181555 0
6042 -4.8901833688581853 -3.9835123849662084 -14.152882337118699 0
6043 -5.584465376150769 -3.7789809558767047 -13.211297955047225 0
6044 -4.9222019684868723 -3.7464721314318874 -12.854219378868031 0
6045 -1.7458524912013058 -8.3998371755612506 -7.2376706190367779 0
6046 7.0836794484288976 1.8999089362211607 -5.7747948846128487 0
6047 8.3683715161818668 2.6842942725115142 -6.165014588633503 0
6048 8.630957126849486 1.9441638695655061 -5.7539300647005813 0
6049 7.8473516346423908 1.6767464472664373 -6.4312438930381148 0
6050 4.1140852677047395 -5.0525066199811048 -9.6799483046381667 0
6051 4.7554127159278501 -4.7357680977936383 -9.03967026184106 0
6052 4.4343707329430622 -5.1748652877075028 -8.4607183558117818 0
6053 -8.3086314207716256 -2.8064210585350282 -5.9230781604098874 0
6054 -7.9888619305325843 -1.4810918994782374 -5.4944059807589918 0
6055 -8.5197179470404958 -2.4687918335766228 -5.036895582049886 0
6056 -8.0174363000711786 -3.7891705093474748 -5.5172181748406501 0
6057 -7.4865802835632671 -2.8014705752490894 -5.974728573549756 0
6058 -0.32870509368991879 -3.5111762325617883 -15.979916244489484 0
6059 7.4158805550352227 5.2246323210105263 -2.5881253613264565 0
6060 6.3294111203218444 4.1183222528600458 -2.2052332241835875 0
6061 7.4372722363991137 3.8994638867465303 -2.6423715119397237 0
6062 7.8797690386996262 4.7425765569119704 -1.8855329678095458 0
6063 6.7932996039862479 3.6362664887614899 -1.5026408306666768 0
6064 6.7719079226223569 4.9614349230254859 -1.4483946800534095 0
6065 -0.69001908009757273 8.2043929012330583 -8.8639978971438147 0
6066 -0.55865780659351028 8.4351177230807721 -7.7136237434236632 0
6067 -1.3929134675529702 8.379021006452362 -7.8366293197145964 0
6068 7.5077237007527735 -0.26496516454703378 -4.2005602128661055 0
6069 7.6193057101557553 0.48314489987792175 -3.6011602541367944 0
6070 8.9857666995049357 2.0697386141016736 -0.50970868881144671 0
6071 8.2658157115920776 1.6490440444172518 -1.4422529275549079 0
6072 -2.5145607443933971 4.6453488115157313 -15.949873977580609 0
6073 -4.022830358891639 -8.1889042431388539 -2.1966904215743761 0
6074 7.5058405662603267 1.1746154109928608 -3.9854028043878698 0
6075 9.0358864698780561 1.1618877230034259 -3.9068248485355817 0
6076 0.15861106166880884 8.4934674314650067 -0.25956666514992521 0
6077 -2.220340643931622 -7.1574946546069675 -4.6006124271273086 0
6078 7.5271397286417301 2.9973955472562257 -5.9311280022191575 0
6079 -8.8031431808080036 -0.7939445028045109 3.6882497549207418 0
6080 -9.0422368399062769 -0.43762465922445515 2.9432825648850045 0
6081 -1.6727123184048005 3.3235130857007942 -17.616910839327055 0
6082 -2.2282463923322839 3.4720562482659525 -17.365744228533451 0
6083 0.64182554720913543 8.4561823779230103 -0.99128554200827768 0
6084 -6.7799451536415507 -5.0652251704624787 0.7315848101526935 0
6085 -7.0153363625769458 -4.7678407068441118 -0.079988503728556204 0
6086 0.46281695293547359 -7.6679829810808391 -1.4834253575989622 0
6087 -0.84332356362755001 0.087938032547623557 -17.516285618994054 0
6088 -1.0659000054988961 0.57594223139114042 -18.198872675696308 0
6089 -0.22257644187134565 0.48800419884351687 -17.682587056702253 0
6090 -0.49038605310075284 -0.10232191270271959 -17.996009905748579 0
6091 -0.71296249497209896 0.38568228614079725 -18.678596962450836 0
6092 8.4339484719202744 0.75131873423990569 0.7188718961042071 0
6093 -5.3366958703033243 3.6302701548515355 -12.227963853335453 0
6094 -6.2107092523291652 3.8678492822696233 -11.84022017284363 0
6095 -6.3986526541506983 3.2392194051783569 -12.223317293963948 0
6096 -6.7599079579549457 2.9625491167902904 -11.652913710117002 0
6097 -5.6979511741075726 3.353599866463469 -11.657560269488506 0
6098 -3.4957903748570072 -3.2347960558236357 -14.078069050106022 0
6099 -2.7826664076119538 -3.7687036130195564 -14.302235043051546 0
6100 -2.8556600762446909 -4.0583833951732977 -13.657132549050043 0
6101 6.7143402885646353 5.1536758520750636 0.73303107441138515 0
6102 6.3215114163838972 5.665785871165026 0.76175546889952606 0
6103 7.3703155182697984 5.5291944335051513 0.25486348898058353 0
6104 6.1869923044008592 4.6159705965868048 -0.23891030661755613 0
6105 6.5798211765815982 4.1038605774968424 -0.26763470110569704 0
6106 -3.8224854602110092 -7.3796084808685762 -8.1204396860086483 0
6107 -3.088425629211649 -6.8590079467130973 -8.5844662336506143 0
6108 -4.1321221204637775 -7.114650826414481 -8.9547767797872915 0
6109 -4.9721492325301444 -6.715533516546877 -8.3079019357981601 0
6110 -4.2380894015307851 -6.1949329823913981 -8.7719284834401279 0
6111 -3.9284527412780164 -6.4598906368454934 -7.9375913896614847 0
6112 -2.9682530242340182 -4.9893458761537097 -15.189108635336989 0
6113 -3.5615363500064721 -3.7204584702615504 -13.449139043168877 0
6114 1.9250701503157921 -2.1818893015324736 -18.240678207720599 0
6115 2.3144391382128022 -2.6976323263405568 -17.839658878227215 0
6116 2.8321154832528994 -1.9989252177929606 -17.975023280556677 0
6117 -6.4931804916660534 -5.1842708690772117 -3.8797804335437998 0
6118 3.7270004108060437 -6.0968505481146975 -10.0466361717664 0
6119 3.5992475768284793 -5.5026420595976759 -9.2010588276677865 0
6120 5.0876604765225952 2.5718586576347717 -13.788840472687749 0
6121 5.6914981539634804 3.0438888779729805 -13.845324135907349 0
6122 5.6114409068194355 2.2966986837754462 -14.600180674283749 0
6123 4.7936926555944526 2.5641705252074813 -14.449795782308069 0
6124 5.3975303330353377 3.0362007455456901 -14.506279445527667 0
6125 4.8737499027384974 3.3113607194050161 -13.694939243931668 0
6126 -1.4343399891585777 -8.3770477278997966 0.21945857016023795 0
6127 -3.0489965260241769 3.3857527329412616 -16.86335671657217 0
6128 6.9391662367024001 -4.8626443571899598 -1.02872285762178 0
6129 -0.325897605955282 8.4745713166785066 0.62201197459586266 0
6130 0.52692980656043165 8.4739601998852443 0.45410070807672909 0
6131 0.042421138936340752 8.4550640850987424 1.3356793478225168 0
6132 2.9241694912539966 -7.9673492102750636 -0.65690462275593642 0
6133 3.1841303440464692 -8.6854020611467355 -1.1591608853491682 0
6134 1.757801276528693 0.71696612825160289 -18.107695963376827 0
6135 1.9468687632419195 1.5025222293260576 -18.605706620068183 0
6136 2.6317715589025683 0.95867308104848559 -18.370007960954759 0
6137 2.0875785832989058 0.27314019361351943 -18.346915810636673 0
6138 2.276646070012132 1.0586962946879739 -18.84492646732803 0
6139 1.4026757876382567 0.8169893418910914 -18.582614469750098 0
6140 -4.5924913028600747 -0.4730180590213493 -16.76737627007369 0
6141 -3.7856583628743774 -0.20887287156239454 -16.734836167530716 0
6142 -4.5816038938079124 0.25456494400374785 -16.815564444515317 0
6143 -5.1876993634726318 -0.2346152428435202 -16.094266318564195 0
6144 -4.3808664234869354 0.029529944615434595 -16.061726216021221 0
6145 -4.3917538325390968 -0.69805305840966259 -16.013538041579594 0
6146 -6.1770011948119423 -3.7244935384603099 -12.13761326032135 0
6147 -5.9843825044337642 -2.5796391203742015 -11.970189404716244 0
6148 -6.6106456986157145 -3.2478543709300416 -11.566237661303891 0
6149 -6.3750739826644089 -4.1316812241883909 -11.067544049159041 0
6150 -6.1824552922862299 -2.9868268061022825 -10.900120193553935 0
6151 -5.7488107884824569 -3.4634659736325499 -11.471495792571393 0
6152 1.6729555814967938 -3.5288901784958941 -17.549600063642465 0
6153 1.1499738720689023 -4.1123563277478841 -17.18901183760498 0
6154 1.0603853737558873 -3.7649817775151271 -17.5651630452676 0
6155 1.2862742063518575 -3.2499921866853096 -17.053419389744114 0
6156 7.0961286829717203 2.821836372198919 -2.9076770686275806 0
6157 -2.3514816865243056 5.9277033917459647 -9.9250717518807434 0
6158 -3.2313397386618226 5.3157281177937525 -10.459615010350479 0
6159 -3.1553972425826911 5.7832199677745386 -9.7028691260076432 0
6160 1.1746048662922126 -7.6978225067276709 0.64786370569629781 0
6161 1.2902526271708532 -7.6958492568181587 -0.21024716833857945 0
6162 0.64090046482164242 -7.761042448855676 0.10990082344812915 0
6163 -4.5767639669796534 -4.8796865937083309 -13.515285785812349 0
6164 -6.2522383654851268 3.0032375168584755 -12.805748724909865 0
6165 -6.6134936692893742 2.726567228470409 -12.235345141062918 0
6166 -4.0484066107808809 2.3417087156057415 -16.633944040290924 0
6167 -3.7532892830868074 2.5843364875621004 -15.778040930388407 0
6168 -9.0769632443150279 -0.010282364785380249 2.0999447163217981 0
6169 -7.5975896392515434 -0.54312921173703788 1.9906877569607677 0
6170 -8.4516758421092621 0.31016859716030531 1.5199536946657441 0
6171 -8.3626384477762912 0.92474435282005563 2.4552329314850185 0
6172 -7.5085522449185724 0.071446543922712491 2.9259669937800421 0
6173 2.9244408388112086 0.64276042172667425 -16.468985901434966 0
6174 2.4122348524863737 1.3288704944505407 -16.650577880990149 0
6175 -6.1796195852388145 -4.1107347045849698 -4.7594429265492568 0
6176 1.6921459391509419 -3.3128941173971063 -15.509694898360834 0
6177 1.9450547493774524 -2.8176099714984524 -16.020378890220108 0
6178 2.5168072276954669 -2.8212742330085057 -15.543769288538147 0
6179 -4.2975135720408915 -2.1338970736658895 -13.916107270151869 0
6180 2.6139379786907586 1.7444715741592343 -18.184970271939875 0
6181 -2.9759069615744518 -3.1171590064854127 -17.101925570595352 0
6182 -3.1472233745704719 -2.5460519926047267 -16.468071650887094 0
6183 -3.3889843084775508 -3.4598458453798848 -16.500676404850566 0
6184 -2.6172410293318791 -3.6545473266192969 -17.048292193908733 0
6185 -2.7885574423278991 -3.0834403127386105 -16.414438274200474 0
6186 -2.3754800954248001 -2.7407534738441384 -17.01568743994526 0
6187 -2.4166504476473394 8.0996720634322781 -1.8956170439418623 0
6188 -2.3513648752553706 7.3184276748485004 -2.57428445190732 0
6189 -9.0703532450037585 -0.90684663440407021 2.1420447855453433 0
6190 4.138422447232676 -7.8537236984875651 -4.9925156632779553 0
6191 3.7137609890170458 -7.1590933334919491 -5.3060118877737636 0
6192 3.3627772843405532 -8.2103567605796393 -5.3559210636870898 0
6193 3.0231527858454745 -8.4324672014195308 -4.3755192257997626 0
6194 2.5984913276298438 -7.7378368364239147 -4.6890154502955719 0
6195 3.3741364905219671 -7.3812037743318406 -4.3256100498864374 0
6196 3.03278329239087 0.086558489987015041 -18.256667470132513 0
6197 -6.6090049459696827 3.9996873254763461 -10.537695952642931 0
6198 -6.2170555463880408 3.1848089868849376 -10.17978435204272 0
6199 -7.1659608229242338 2.9916655784358905 -10.29820710674978 0
6200 -6.9025300511196139 3.1274218090057175 -11.063186257055936 0
6201 -6.5105806515379729 2.3125434704143091 -10.705274656455725 0
6202 -5.953624774583421 3.3205652174547646 -10.944763502348875 0
6203 -3.3368915928363947 -3.8930604971990199 -16.252950282090488 0
6204 -7.2240626058919659 -5.0496514108862449 -5.5262386389593434 0
6205 3.2975038027113506 1.6038276127496069 -17.713142859334795 0
6206 3.8097097890361855 0.91771754002574046 -17.531550879779616 0
6207 3.8740843979748689 1.5870252078929652 -17.303141144895939 0
6208 3.4958234933540755 1.0418014886150209 -16.910328232239596 0
6209 2.9836175070292406 1.7279115613388871 -17.091920211794779 0
6210 -2.7867733072884113 4.6181109392882966 -12.827401754520658 0
6211 -3.4375097657054057 3.9825777362424049 -13.085749437733021 0
6212 1.1421867601990749 5.3135202687938143 -12.814715853496832 0
6213 1.4742792138717464 5.5466042572760728 -11.968341609585437 0
6214 0.53416911415515533 5.5251702327959498 -12.373339740777475 0
6215 -4.0115723637163399 0.59001267788425771 -17.420021596899183 0
6216 2.8733428521262434 -6.1534868487214043 -8.3402146648815432 0
6217 3.9286204208190849 -5.5455023794292959 -8.4409950241451881 0
6218 3.0934972647045029 -5.8732791513194682 -9.1813354960011928 0
6219 -6.98131732061095 -4.1990818720474028 -9.144057281967731 0
6220 -6.9070625416839464 -4.6261410397116665 -8.5779298702674076 0
6221 -6.1740644574466685 -4.4419635868367617 -8.2531805001102132 0
6222 -2.7501940142965431 -1.0564998954950693 -18.421900049045313 0
6223 -3.2188743970015548 -0.68019341384966314 -18.116389748374871 0
6224 8.3902977264074874 0.8660858557680633 1.6023072510793823 0
6225 8.3161069239204046 1.6216358230321404 1.1545462838598215 0
6226 0.79169439153540855 -5.1398655315283293 -16.022147944710021 0
6227 1.1704866861082941 -4.5102210886772198 -15.551650068934766 0
6228 0.31592965021166852 -4.8665565774128918 -15.390107915847487 0
6229 -3.5825052207270462 0.77281038231567656 -17.962049374556582 0
6230 5.948950275230743 4.7315894289736962 -2.6092167522508882 0
6231 -6.6658670909590221 -2.7724356466469726 -12.051900491385119 0
6232 -6.2322225871552499 -3.2490748141772405 -12.623276090402578 0
6233 -5.0663262752634957 -7.1659831777318814 -6.0220098826055271 0
6234 -4.5682658754827692 -6.4804220454030306 -6.4400563280235472 0
6235 -6.2082970282679604 -5.3761660894096783 -4.7168129775280825 0
6236 -6.3856774860149477 -3.6882674302353697 -9.3007442719551001 0
6237 -5.3361212212930509 6.6136043296056899 0.056321971958752298 0
6238 -5.8548214902882378 6.1311683564990398 0.26213871902753416 0
6239 -5.7733137523725553 7.1920185014571603 -0.42372701954429198 0
6240 -6.2920140213677422 6.7095825283505102 -0.21791027247551009 0
6241 -4.8737000842672913 5.9911981432469865 -0.81630230796717063 0
6242 -2.2532486739080135 -2.1395563939892699 -18.312422830568053 0
6243 -2.3684755546569995 -1.776736429854382 -17.6192744921631 0
6244 -2.6189191469183877 -2.566185117845142 -17.762469155036833 0
6245 -1.8747952204654177 -2.6743051251036931 -18.075012949082847 0
6246 -1.9900221012144035 -2.3114851609688047 -17.381864610677894 0
6247 -5.4845924332900076 3.3543941849929819 -9.8308786883406221 0
6248 -6.0415483102445595 2.3463724379525268 -9.5913898424474713 0
6249 -5.9375551736889864 3.1775107963440465 -9.2594501540116525 0
6250 -6.6700182867870188 3.0079255982360023 -9.6083558177137505 0
6251 -6.1130624098324677 4.0159473452764569 -9.847844663606903 0
6252 -2.4423138765024284 8.1062979243226891 -0.15298617391795785 0
6253 -2.892957418249499 7.9688217972159237 -0.89959678817249711 0
6254 -3.2796450245949931 7.8339611123021307 -0.25511545851373657 0
6255 5.7696064635290281 3.9141455732182244 -7.9978139063533105 0
6256 5.2619039722362206 4.4111825778344187 -8.2548538898370794 0
6257 5.3345243584486557 4.6469712792828659 -7.2271559108561512 0
6258 7.2182480251752388 2.7149967891597919 -1.7501062279180957 0
6259 8.304717459888618 3.8213068573102729 -2.1329983650609647 0
6260 7.6607448274757513 3.558109459325232 -0.99326768378791763 0
6261 1.9125765256358396 -5.665176091942735 -14.64389222651528 0
6262 1.3876496692871489 -5.535092478286689 -15.289843946747578 0
6263 0.4162582064982972 8.0624573703675164 -9.3599512932126778 0
6264 0.096289220696616828 7.9151366724324053 -9.9718693136301368 0
6265 1.0162314586719923 7.832151260617505 -10.070203647652807 0
6266 0.69626247287031173 7.6848305626823947 -10.682121668070266 0
6267 0.20366872087720383 7.1892877166174713 -9.8997012549717063 0
6268 0.89690521845484772 -2.7342491618772264 -17.454438719237498 0
6269 0.8849048127333784 -3.3583812789781486 -17.934558585724737 0
6270 1.1081060325772751 -2.6065466551508329 -18.320014933592986 0
6271 1.497475020474285 -3.1222896799589162 -17.918995604099607 0
6272 6.7838403611202587 -3.5648403990512589 -0.97492502962559302 0
6273 7.7458984582062964 -4.8145468601737447 -0.86232771148960896 0
6274 7.5908347458156804 -5.2064717237484022 -1.6742270175941836 0
6275 7.435508870233539 -3.9086677656097013 -1.6204291895979965 0
6276 6.6287766487296418 -3.9567652626259155 -1.7868243357301674 0
6277 3.7794139284030916 0.52584273151416339 -17.652509493942539 0
6278 -8.2137762414931785 2.0820930232320607 -0.086960533332130968 0
6279 -8.1140110689538911 2.4638007615535997 -0.90376913922674695 0
6280 1.1993789835321704 8.0596495836406046 -8.9841334854784751 0
6281 0.3868162457373821 7.4167860396405709 -8.8136310927973724 0
6282 0.98678949791107706 7.1864799298905595 -9.5238834472375018 0
6283 -3.3945262493818804 6.9368910690988184 -2.2763044300066451 0
6284 -4.5145971354311198 8.0994493684098678 -2.1196993180579957 0
6285 -3.3229817655852125 7.764148981776259 -1.670778487209063 0
6286 -3.4714357613046101 8.4809859741595499 -2.4176793399586707 0
6287 -3.542980245101278 7.6537280614821102 -3.0232052827562526 0
6288 -0.54200277070985714 9.1132017466948163 -2.4312556687754308 0
6289 2.5765136669483875 -7.5508771026397561 -9.5848092243158796 0
6290 2.4650306171145102 -6.7346570778574302 -9.7634613704145679 0
6291 5.7231038207364557 5.0980263606853606 -0.94150270013446691 0
6292 5.4092856836335903 5.3918795281210414 -1.5240485229539531 0
6293 5.7746455249525486 6.0546151164098116 -1.9241609432323314 0
6294 -2.7995078319667299 -8.5810460296537805 -4.1976467772314319 0
6295 -2.7362682303686756 7.1132491448031541 -3.3039552599682684 0
6296 -3.7794296044951849 6.731712539053472 -3.0059752380675935 0
6297 -6.4663828528050145 3.834814633260919 -11.127423405704 0
6298 -5.4044260689576404 4.2258653829340975 -11.132069965075504 0
6299 7.4724150712956021 -0.96373910431778964 -3.7833727508894555 0
6300 8.0591018043315223 -1.5873057225587714 -3.8975127344908929 0
6301 0.30931151116137356 9.1123188497198537 -2.376185665065945 0
6302 3.5665588860413795 7.6573229873948918 -1.625024317978859 0
6303 4.102780678043155 7.4170677751744023 -1.3252466337391253 0
6304 3.0441546102323933 7.0188276191673502 -2.7193581555167983 0
6305 3.5803764022341689 6.7785724069468589 -2.4195804712770643 0
6306 4.1667429200337107 8.1769552829257144 -2.189282955629047 0
6307 6.9395252112904116 4.3653022856735033 -4.6555020955719559 0
6308 7.9966275522105903 4.2918440995985092 -4.0225956182749361 0
6309 1.944394019009188 -6.3299716579828704 -9.0735520997383148 0
6310 2.4713717092462026 -6.4225082652586458 -8.036716593000115 0
6311 0.20610586338807352 -9.2287894006002524 -1.1195492024956419 0
6312 0.59793509273072154 -7.7623355643916154 -0.50875785311075816 0
6313 1.0694345219322767 -8.433941444782425 -1.4457164335429413 0
6314 -3.2235532774692306 5.1024552325062418 -11.075705309005174 0
6315 -2.3943968593295741 5.6241791205564482 -11.293091777393375 0
6316 -2.3436952253317136 5.714430506458454 -10.541162050535439 0
6317 6.7898365398605627 6.1524361211331238 -1.2864354328846692 0
6318 -7.3876333620142951 3.4110944160083569 -9.5074296411206465 0
6319 -7.4916264985698682 2.5799560576168377 -9.8393693295564653 0
6320 -7.5917189041058624 2.9908358301687459 -8.8691756708106162 0
6321 -6.7701106923230139 3.4188053707879105 -8.6381621589679014 0
6322 4.7538644603057865 6.977339115008184 1.0768051348258323 0
6323 4.3835763793167608 7.2770713708003232 0.26761820852132301 0
6324 5.056840017352549 6.8121453683665205 0.45158857266457225 0
6325 5.4271280983415746 6.5124131125743814 1.2607754989690816 0
6326 3.2429650024652528 -6.5822032253923055 -11.670043197021254 0
6327 3.2597933518154085 -6.8176124524883868 -11.049462145409166 0
6328 4.1674549190719183 -6.2793619869627104 -11.21850771518047 0
6329 4.1842832684220745 -6.5147712140587926 -10.59792666356838 0
6330 3.3173481850756383 -5.9495563469277206 -10.977061130577564 0
6331 5.9958443941571788 5.680170002213158 -8.72844688400669 0
6332 2.3414837372739714 -1.7416486930216486 -18.4834041338672 0
6333 2.8974782719224388 -7.7820728267089301 -8.3409710999856816 0
6334 3.1176326845006983 -7.501865129306994 -9.1820919311053313 0
6335 3.2711473313553259 -1.5817972840585821 -15.83825155475148 0
6336 3.4498149285964077 -2.1555319720112509 -16.367710419307819 0
6337 2.8636817734877118 -2.4474944227335143 -15.55517834019872 0
6338 2.8096056402097944 -1.745123052675865 -16.167152344210137 0
6339 2.9882732374508763 -2.318857740628534 -16.69661120876648 0
6340 3.3957387953184903 -1.4531606019536016 -16.979684423319242 0
6341 3.4669827019565727 4.9253692729226088 -14.756145660368954 0
6342 3.9956190874060988 4.610599381626912 -14.670555934803003 0
6343 3.6537011647684268 4.5192870790714261 -15.171008694901754 0
6344 -0.00060069074213534024 6.8530607297561854 -8.3024666558820535 0
6345 0.13076058276192709 7.0837855516039001 -7.1520925021619028 0
6346 0.78252008629173786 6.8502529430292736 -7.9266488481478499 0
6347 0.51817751924144451 7.6475108614882856 -7.6632569390772227 0
6348 7.9635739064612228 2.7436793427626611 -2.3983039217488216 0
6349 -6.1088391443931194 -5.6217107826485044 -3.3738830804873903 0
6350 4.4819090856030677 3.2977124660006947 -12.447752991015118 0
6351 4.1558219994962213 3.998998135119578 -12.011676328943876 0
6352 4.8379985260399776 3.3488009610070093 -11.549225184616867 0
6353 -5.1331632088143397 3.6165699466684602 -10.438006744815159 0
6354 -5.6901190857688899 2.6085481996280051 -10.198517898922008 0
6355 -5.426688313964271 2.7443044301978317 -10.963497049228163 0
6356 -2.9030169653563691 1.4824720377514902 -16.173639588300858 0
6357 -3.3018573937931728 0.70392861046716593 -16.091126803200048 0
6358 6.0684647803696139 5.9159587036616053 -7.70074890502576 0
6359 -1.7282983814851089 3.6619682769413613 -17.390634702172438 0
6360 -1.1727643075576257 3.5134251143762034 -17.641801312966042 0
6361 -1.3193669197346543 4.0901354548658864 -17.130992893038258 0
6362 -1.2524476495008154 3.4229426649478083 -16.774392214133105 0
6363 -1.8079817234282987 3.5714858275129666 -16.523225603339501 0
6364 7.2091156943507784 -2.47216777099678 -1.1175526206929656 0
6365 7.00780367860159 -3.0782087213683882 -1.4566006050902793 0
6366 7.0760830754532007 -2.969326768044116 -0.74737044422183763 0
6367 -4.4460658502156916 -1.0220891330668902 -16.87608176578248 0
6368 -5.0412739108282487 -0.7836863168890611 -16.202971814272985 0
6369 -4.7810303931886375 -1.4184784633540721 -16.364900096067359 0
6370 -4.7267183755120428 -1.0944423886968444 -15.502356371864471 0
6371 -4.1315103148994856 -1.3328452048746735 -16.175466323373968 0
6372 2.9109544087771129 4.4687600086733417 -14.637490901515406 0
6373 3.0172248133807607 5.0366185812449009 -14.956293427733623 0
6374 2.830506350568907 5.4427007750960836 -14.541430393200823 0
6375 7.2537250235249662 5.6703803570345679 -0.58384303936775828 0
6376 7.206830511869283 1.479367714764847 4.5183456491882641 0
6377 7.0176261775261368 2.4696150708072135 4.5755021924548682 0
6378 7.8050796292380848 2.0640836407051379 4.0938478416431323 0
6379 7.3415971273802505 1.2522019295797651 3.8243096189305827 0
6380 7.1523927930371052 2.2424492856221319 3.8814661621971878 0
6381 3.174189222693415 4.120254088206484 -16.062264667455622 0
6382 2.672286563484529 3.4737183740761939 -16.063310644581463 0
6383 3.5364848291609068 3.5504428774576224 -16.258573119410556 0
6384 3.7929091242672861 4.0742035490438901 -15.554866655484126 0
6385 3.2910064650583997 3.4276678349136001 -15.555912632609967 0
6386 2.9287108585909083 3.9974790456624616 -15.359604180655031 0
6387 -1.0974069276333223 -4.3247074412042403 -14.490540199636296 0
6388 -1.8263622060808562 -4.0366120590740513 -14.68444555849765 0
6389 -1.249864969717682 -3.9845335390221077 -15.10627760355303 0
6390 -2.1594288151915433 -4.4810777404233741 -15.294897798823079 0
6391 -1.4304735367440093 -4.7691731225535632 -15.100992439961725 0
6392 -8.4580706149199845 0.19702862179153624 0.71352508946228399 0
6393 -8.4450658427979928 -0.58639567245838453 1.5620537638892891 0
6394 -8.4514606156087151 -0.69953564782715372 0.7556251586858288 0
6395 -3.5706745038497245 5.1841482537486314 -14.425790374961487 0
6396 -3.8497129080108516 5.3177255988113572 -13.889737086336535 0
6397 -3.4040418100027852 5.5280420841032587 -14.011681936291286 0
6398 6.0579813774643068 -2.5128438051116246 -13.641488815429557 0
6399 5.4462598239356934 -2.6320114789308913 -13.213269929528554 0
6400 6.2638723101581624 -3.0679174746383855 -12.842965482316012 0
6401 6.6104243928070705 -2.396467240094041 -12.706178747584858 0
6402 5.9987028392784563 -2.5156349139133076 -12.277959861683856 0
6403 5.7928119065846015 -1.9605612443865468 -13.076483194797401 0
6404 1.1504254364734321 -4.8279180513196254 -13.517976266339804 0
6405 1.571153672277819 -4.9002059991052249 -13.232846135624268 0
6406 1.5826013200046987 -4.6381720839247489 -13.727262677962681 0
6407 3.7305017741069433 4.1644793578303565 -14.161153079629344 0
6408 3.0940254227192776 4.6818108600038304 -13.946437812461214 0
6409 3.650053715898737 5.1384201242530985 -14.065092571314764 0
6410 -4.0018287199103195 7.4680191816276578 1.1898717648632036 0
6411 -4.8263869486458955 6.9551101970571985 1.2204408305209462 0
6412 -4.5864090760925302 7.0625815038559221 1.8647517177453579 0
6413 -3.7618508473569552 7.5754904884263805 1.8341826520876152 0
6414 -1.9440918195040566 -8.8752969928084759 -1.5688878516152522 0
6415 -2.2262497816624705 -7.3389679862739916 -1.1490819213592933 0
6416 -6.0775157798872925 6.9257882246112104 -1.0097838060302031 0
6417 3.5800949432232057 1.9172577767825034 -17.425627895736817 0
6418 3.0035143479596869 1.9340601816391447 -17.835629610175673 0
6419 1.1503639587922612 -8.2116955424310856 -8.5440075173605852 0
6420 2.2974553771510657 -8.0106559399683466 -8.0922902412832922 0
6421 -3.7936266806042189 -7.5706073447872928 0.030794535234393988 0
6422 -4.1063865957829275 -8.2064539966537033 -0.64674781758052002 0
6423 -9.0503830664190215 0.57681134386678656 2.764656332364428 0
6424 -8.1962968635613027 -0.27648646503055668 3.2353903946594516 0
6425 -7.481972067022566 0.65854025257487925 3.590678609822672 0
6426 1.3033602758837508 -8.3534950830628016 -7.7722687321327673 0
6427 1.428302885555732 2.4207371546091769 -16.708979570502699 0
6428 7.9141753714710568 -2.8233721906279943 2.4972704443712361 0
6429 7.8216945815326895 -2.9195475963946755 3.306778696930424 0
6430 8.0856466915812959 -2.2367915669390075 2.7823495916494485 0
6431 -3.4799103110840988 -5.7927065585819371 -8.8093335302755307 0
6432 -3.1702736508313301 -6.0576642130360323 -7.9749964364968893 0
6433 -4.3199374231504661 -5.3935892487143331 -8.1624586862864028 0
6434 -6.6704995554333433 -5.2054956594800155 -1.550903366286726 0
6435 -7.0989059462190642 -4.6049044465471685 -1.1155508759306569 0
6436 1.0609678431186889 2.0538146169021521 -18.700347332859646 0
6437 0.81675646440405103 2.6070872543419283 -18.307603022420459 0
6438 -6.6159701518427934 -4.7840936814289083 -9.22828553472349 0
6439 -8.2575381083737902 3.8220309752264141 -2.674008765459194 0
6440 -1.2813588801538711 7.3055143498800312 -8.9900825549091721 0
6441 -1.5989018577566738 6.6475908930869032 -8.3637707612304588 0
6442 -1.9842532676092686 7.4801424550993358 -7.9627139774799538 0
6443 -8.2268607242868246 1.4957748736417005 3.3000392489773667 0
6444 -8.9146053429295549 1.1478418646884312 3.6094626498567761 0
6445 6.4818143899085463 -4.0016534781428676 -0.36567263948445416 0
6446 1.6139720247636959 -2.6104494855551126 -18.14324624830325 0
6447 2.0033410126607061 -3.1261925103631953 -17.742226918809862 0
6448 -4.6218237166971576 5.4800853516373031 -6.7887812920134021 0
6449 -4.7630418152547112 5.6268006152989365 -5.5739033617246525 0
6450 -7.9572032044630294 -0.63280630861061249 3.9803575846951884 0
6451 -9.0156566620102687 0.14946904942771161 3.6079941809276344 0
6452 -8.6887352506621269 -1.2778889619891205 4.5303065793441473 0
6453 -8.9012487318643938 -0.33447540975689799 4.4500510053510407 0
6454 8.4966504817047372 -2.0810791631787044e-15 -0.51986737391206361 0
6455 9.2216026479545796 0.33062416455548366 -1.0556600031247374 0
6456 1.2965163676886391 1.1085510207203586 -17.387191153851816 0
6457 -5.7192373179465932 -6.7102793414656681 -5.9930153935687507 0
6458 -5.4481345342610634 -7.0301391131057693 -5.3235048893588779 0
6459 -1.8440630375863891 1.2870098776751646 -16.96892651447537 0
6460 -1.707483632699587 0.96008017103861831 -17.887583285340796 0
6461 -1.8232265321419026 0.50280577173179353 -17.113914467122683 0
6462 -2.3016418975493642 0.53009080271039366 -17.949825567637625 0
6463 -2.322478402993851 1.314294908653765 -17.804837614990312 0
6464 7.6014473302454757 -5.2987614443053683 0.71936340573887314 0
6465 6.6451193531789938 -4.0528990823770297 1.2994535278840202 0
6466 6.4451268719244377 -4.3453449542368041 0.52443004545194793 0
6467 0.023990922552269645 5.534757256908887 -15.46168088800524 0
6468 0.24766533291730597 4.8750347806988303 -15.27069834665498 0
6469 0.92260279819585245 5.5256541519015947 -15.461827439876028 0
6470 0.16968236385016131 5.8827109159451734 -14.880872568766932 0
6471 0.39335677421519766 5.2229884397351167 -14.68989002741667 0
6472 -0.50525510142838514 5.2320915447424099 -14.689743475545882 0
6473 1.0652750148522716 8.383680516461995 -1.8123526043754228 0
6474 0.48478731403803138 7.5714942731183257 -2.5003960714926787 0
6475 -2.9542925537222708 -2.7012986236584711 -17.461465578141279 0
6476 -2.5956266214796981 -3.2386869437923558 -17.40783220145466 0
6477 -7.9457944071078312 2.918622568732216 1.3569376418234889 0
6478 -7.88150571909385 2.9327765008916451 2.3334839163886589 0
6479 -7.7132003329780954 3.3539169688191373 1.8653306171224631 0
6480 1.4924247362325125 6.78263034218838 -7.6249331029100524 0
6481 -8.3986897483418534 1.3081674195189086 -0.048425888526166472 0
6482 -1.5824276862827726 8.3504111577169962 -0.27618104971117552 0
6483 0.46033867341687218 8.3818053163056963 1.9413539200484555 0
6484 1.3624734039297377 8.3426794390785517 1.8349675497894804 0
6485 0.94455586944920622 8.4159382078715979 1.2292929775635419 0
6486 -3.6730154588351627 -8.4208157925399689 -1.4396375460226865 0
6487 -3.1941212661133287 -7.9597790380345863 -6.7620033462300206 0
6488 -3.3158188891576179 -6.9995868901119511 -7.2061039684626049 0
6489 6.5160972657507505 -2.0299478191463121 -13.168154006228413 0
6490 5.9636542504079877 -2.1463243841638957 -14.103464074073111 0
6491 0.036777839074694174 -8.4980148599041883 -0.28681215575535923 0
6492 5.7211041448951372 6.2522171912285058 0.54363194332988796 0
6493 4.1832818705344934 7.5098003983063055 -7.1974072392467114 0
6494 4.8410603407571458 7.1697366851793829 -7.0646548202693289 0
6495 4.26802222580785 7.6507385154351448 -6.1457714502660128 0
6496 -3.3498548243396087 -2.6692583931397449 -17.162819505626665 0
6497 -3.7629321712427073 -3.0119452320342175 -16.561570339881879 0
6498 0.66857598012835029 -4.7825227526009417 -13.869733105931783 0
6499 0.23640009659708366 -4.9722687199958191 -13.660446694308906 0
6500 3.5307235725524713 2.7392277847899935 -15.931111670511886 0
6501 4.0326262317613573 3.3857634989202836 -15.930065693386045 0
6502 3.7871478676588506 3.2629884563762612 -15.227405206585454 0
6503 2.8025104941993781 -6.3996917865442917 -10.498171653607184 0
6504 3.6694455775458144 -6.9649066536753637 -10.119037186598 0
6505 -3.8993228724453797 -2.7734962224731725 -14.021338117152958 0
6506 6.9788293356941375 -3.4365546831107272 1.2509220769399549 0
6507 6.8863485457557694 -3.5327300888774085 2.0604303294991424 0
6508 8.4525435824328561 -3.5909433617401847 2.2180238538106636 0
6509 -1.7434647216066232 -7.4280999349566779 -3.5124966631592596 0
6510 -2.3226319096417312 -8.8516513100034899 -3.1095310132633833 0
6511 -1.8111590028389002 -8.1383118405899388 -4.0503052156317132 0
6512 -5.5946184572466082 -2.4286044848611388 -14.458599391730182 0
6513 -7.1700860529271555 2.1371610628818836 4.4606340019730428 0
6514 -7.2945468370286104 1.0977531912128089 4.4500510053510407 0
6515 -8.0452559015638414 1.3500151152906847 3.9106850073240831 0
6516 -7.357511282921112 1.697948124243954 3.6012616064446732 0
6517 -3.2515994184380217 7.8014882887199146 1.3726165543544728 0
6518 -8.0720590380979917 4.1214368902499299 -3.408016718044685 0
6519 -8.4923888433973644 3.3563672964491289 -3.2672486431279681 0
6520 4.216697187500003 -5.5011659418931504 -7.9347852925787627 0
6521 3.161419618807161 -6.1091504111852597 -7.8340049333151187 0
6522 -1.9660069059002685 8.2371481905390418 -1.149006429687323 0
6523 -7.6589318727284921 3.3708534769312033 3.2556527312099783 0
6524 -7.4906264866127374 3.791993944858695 2.7874994319437825 0
6525 3.4965747633097264 -6.8515072325407971 -2.140083563706126 0
6526 3.7968690703243446 -7.5355764090008162 -2.6820717058354875 0
6527 8.4735153754473949 -1.7605070086579637 -6.7471669124001892 0
6528 7.5043203078657399 -2.0307675172770847 -6.6999073940459191 0
6529 8.0872704282647412 -2.7963682626561281 -6.7642637584283145 0
6530 8.454408773419253 -2.5329636768124129 -6.0163504190124186 0
6531 7.485213705837598 -2.8032241854315338 -5.9690909006581485 0
6532 7.8714586530202517 -1.7673629314333694 -5.9519940546300223 0
6533 -7.7142008267689537 -2.9075166289011607 -8.8320380994772005 0
6534 -7.1185609921729514 -2.3967021870891281 -8.9887250894645696 0
6535 -7.3612842996835992 -2.526704434969298 -7.880956381744042 0
6536 -2.9262949344847442 -3.9416585267995443 -16.561089731154592 0
6537 -2.325868068335093 -3.56525299415827 -16.4748516005045 0
6538 4.8442906541037409 1.8813959252267356 -13.155370147469753 0
6539 5.3845523499926617 1.8708373585856426 -13.757360498230307 0
6540 4.4673415334896305 1.8352270300783302 -13.941706660303597 0
6541 4.5473987806336753 2.582417224275865 -13.186850121927197 0
6542 -7.1313813289367554 1.0278140117671137 -12.366873981526716 0
6543 1.4414543354205631 -2.2170962793390325 -18.453116619775368 0
6544 1.8578679223787424 -1.7768556708282079 -18.69584254592197 0
6545 -3.1781300680609288 5.9514928011324599 -13.270669982473823 0
6546 -3.6238011660689953 5.7411763158405593 -13.148725132519072 0
6547 -3.1845522902675727 5.1148489778164752 -13.433604042292973 0
6548 -4.3595153804097464 -7.2552297698133348 -7.5764145145992803 0
6549 -4.465482661476754 -6.335511925790251 -7.3935662182521185 0
6550 5.4864489493197119 6.4271329558613823 1.97946208067596 0
6551 5.8040157238501999 6.0372301999340356 2.8124501666851272 0
6552 5.0667379147285665 6.6783478495250197 2.7909693920845564 0
6553 2.290347817434816 6.8160346538768204 -12.196573324521557 0
6554 1.9582553637621447 6.5829506653945611 -13.042947568432952 0
6555 6.8465056755747327 3.1752053491812959 -4.4609007949148856 0
6556 6.3165174535564574 3.962593390554793 -4.0964753030195622 0
6557 7.0324762410492418 2.8115076899321867 -3.7288743824103987 0
6558 8.3992678173857271 -0.94796269807109035 0.81366489263690223 0
6559 8.309530700173493 -1.7700880672445234 0.38271176137464241 0
6560 8.2999413031144265 -1.695873830381371 1.2556143292693929 0
6561 -3.1079616131348917 5.4163218081547591 -14.463926748793163 0
6562 -2.6702125300316588 4.9651739547375042 -14.197313014318047 0
6563 -2.3677101109571215 5.6900975021049902 -14.486623767000776 0
6564 -2.6637903078250149 5.8018177780534899 -14.034378954498896 0
6565 5.6710145834885317 3.5004536054358186 -13.468380118092018 0
6566 5.3770467625603882 3.4927654730085282 -14.129335427712334 0
6567 -7.3013115057363311 4.2486562283212024 1.9160576507522016 0
6568 -1.7954650761930133 -3.7027852717989633 -15.154996047073709 0
6569 -2.3719623125561871 -3.7548637918509069 -14.733164002018329 0
6570 -2.321460273522808 -3.4144677587825072 -15.290455694009658 0
6571 -2.1089267761581638 -4.1406817073549735 -15.852189490814409 0
6572 -3.5519159720097977 -0.53662992646456831 -15.832931858985958 0
6573 -4.1471240326223553 -0.29822711028673921 -15.159821907476463 0
6574 -3.8868805149827437 -0.93301925675175013 -15.321750189270835 0
6575 -4.8679676035451616 5.3102520673710991 -12.126282797054277 0
6576 -4.2510283127508357 5.9159783728367819 -11.825835439995238 0
6577 -4.5318131776874662 4.8646263374084846 -11.544419375156096 0
6578 -4.7044329668207485 4.2630666603483469 -12.527077093557686 0
6579 -4.4236481018841181 5.3144186957766451 -12.808493158396827 0
6580 3.7429629920103151 -7.6220939723956374 -0.036189268859113277 0
6581 3.0340136677318057 -7.9238847424787444 0.21662514084175744 0
6582 -4.2745376244859896 5.1056431127946675 -13.407072815731436 0
6583 -4.6948926480898461 4.8734003867020821 -13.212276214748691 0
6584 0.73444050227015811 9.0119779250546337 -3.0875767114274577 0
6585 1.4904040059610564 8.2833395917967749 -2.5237436507369355 0
6586 1.5609410486785134 7.5143381071764708 -2.9892145072760643 0
6587 1.8105942369106403 8.9548217591127788 -3.5763951472108437 0
6588 0.80497754498761531 8.2429764404343295 -3.5530475679665869 0
6589 -3.3482368021278104 -1.4457417399253538 -17.7584003985619 0
6590 -3.3683558094915944 -0.76697530864759467 -17.122427779721257 0
6591 -3.7764267645627556 -1.6152223058652508 -17.322620611929729 0
6592 -3.2452268924331724 -2.2486769454266318 -17.513957023701124 0
6593 -3.2653458997969564 -1.5699105141488729 -16.877984404860484 0
6594 -2.8371559373620112 -1.4004299482089759 -17.313764191492652 0
6595 -6.1416407157805537 2.757252210504435 -8.621196183701624 0
6596 -7.8070350635506696 -1.4437814731985315 4.5303065793441473 0
6597 -8.0195485447529364 -0.50036792096630878 4.4500510053510407 0
6598 -7.0619676863686607 3.8228039368274098 -9.9662674183139615 0
6599 -1.5511678100135025 -7.5516673257279621 -2.7305493778910432 0
6600 -6.6267399412542183 6.3201220323886416 -0.89865052534768275 0
6601 -5.4238647433284903 5.4262319300120208 -0.67841367128429808 0
6602 -6.7397120692359129 5.1767416473022054 -0.28071289716176601 0
6603 -6.4049861493494369 5.566202143264074 0.40002735571040665 0
6604 -0.26984158953633069 -2.0261409750746928 -18.118777721321507 0
6605 -0.47243229933043052 -2.83882471206367 -18.472910407900521 0
6606 -0.61006999608608803 -2.5839202811331781 -17.808204977762813 0
6607 -1.4085592631900825 5.3428792640987055 -15.486957045901118 0
6608 -0.8578748969878035 5.4831138967201456 -15.501302619338002 0
6609 -1.4973821395516094 5.6605197782109524 -14.976031738208736 0
6610 -1.2904537852900826 5.0615437671969286 -14.745280913654923 0
6611 -2.048066505753888 5.5202851455895114 -14.96168616477185 0
6612 0.079743211165615113 -8.4967217443682497 0.33184652080352811 0
6613 0.64339540807149731 -9.2639733236057751 -0.24910323169933848 0
6614 5.5730456499996368 1.7576385495639837 -11.574871063879721 0
6615 -8.1275914482956431 4.3202258083661134 -1.8792440356267641 0
6616 -7.1542519975032732 4.4061027216900666 -2.7289147694565994 0
6617 -6.5471972773153659 4.1560830863037266 -1.8597595218888836 0
6618 -6.953880071078661 -2.6677635301956801 -11.483407774359975 0
6619 -3.7096693719307061 7.629288296862466 -1.0262971575503024 0
6620 -2.2150628922853186 -8.115113166724651 -2.165957839478811 0
6621 -6.903863615569195 0.85901546427557762 -12.922974800718798 0
6622 -6.40538121552847 0.9352765390764799 -13.505057499356703 0
6623 5.4100194158314503 -1.2792203652330172 -15.456731222218876 0
6624 5.6856013691261262 -1.3445451865085312 -15.011909561369638 0
6625 4.7987437120514418 -1.3753827697939545 -15.164799092764554 0
6626 5.2778531119522025 -1.9814220286718893 -15.409568259828603 0
6627 5.0022711586575266 -1.9160972073963753 -15.854389920677843 0
6628 -5.863255297582219 5.0004057869371428 -10.637897558332245 0
6629 -4.7874867781633146 4.8315916883997803 -10.831622608016467 0
6630 -4.9906424063120447 5.6391667414115298 -11.050246968412839 0
6631 -5.5768842905889997 5.6395095118581189 -10.08437887331567 0
6632 -4.5011157711700953 5.4706954133207564 -10.27810392299989 0
6633 -5.3737286624402705 4.8319344588463693 -9.8657545129192972 0
6634 -6.3563662432480648 -5.6356015595592144 0.18007128412295362 0
6635 -6.5917574521834599 -5.3382170959408466 -0.63150202975829606 0
6636 -0.84306400647510016 8.4348948275667421 1.3384115705363175 0
6637 0.069661419848038336 1.6716844745478805 -17.961540057508195 0
6638 -2.5392892008259196 -1.8763969869553967 -18.291498311528631 0
6639 -2.9049596738362933 -2.3030257108112688 -17.741544635997414 0
6640 -8.274140977372884 -1.9030172865244217 0.25502842972349338 0
6641 -8.321015826106418 -1.4461294941992164 0.9960790216426062 0
6642 -8.1467681278632096 -2.343448256460186 1.0849897398822959 0
6643 -0.57638344320989077 2.887128122929365 -16.363058515577805 0
6644 -0.66352526505924792 2.4564788800374253 -16.759236475594115 0
6645 -0.51624848999501649 3.2393750959004839 -17.352922149032551 0
6646 -0.073928717730477489 2.8496216514797839 -16.826957990565781 0
6647 0.013213104118879646 3.280270894371724 -16.430780030549464 0
6648 -7.5339055798660661 3.8133618282342816 1.4076646754532274 0
6649 9.1853868960636067 0.48314489987792136 -2.7101453350342393 0
6650 9.1938118535044975 0.33062416455548366 -1.9002595938089386 0
6651 5.1243227161788667 5.0804338437407424 -12.20840496114014 0
6652 5.6382603386588777 -1.4817635647666556 -13.640947708206735 0
6653 6.3615456978250275 -1.5511501395264209 -13.732618519637747 0
6654 6.1907033540016414 -1.3653869997490717 -12.705637640362035 0
6655 -2.4443007880898024 5.3886246717667063 -13.456301060500584 0
6656 7.7092109402221878 -5.1582383362676811 0.027774973446793194 0
6657 7.5538850646400455 -3.8604343781289812 0.081572801442980125 0
6658 -4.4190651231168836 7.2569869231620014 0.39965618042663936 0
6659 -4.1066544764047777 7.425411713006838 -0.2373926772794023 0
6660 -4.1435893537868775 6.4507408138680393 -0.91738611965520311 0
6661 -5.2739577379646949 7.5442832142372556 -0.61635785709441404 0
6662 -4.4560000004989844 6.2823160240232028 -0.28033726194916153 0
6663 -1.0867365109433826 1.3601463373345117 -18.053884723048998 0
6664 -1.0166642123696861 1.1033167388025227 -18.544431866847582 0
6665 -1.658247839570377 1.4874546784500007 -18.23314247649207 0
6666 -1.1413879134241653 2.0028047352964924 -18.078304416264398 0
6667 -1.0713156148504688 1.7459751367645033 -18.568851560062981 0
6668 -1.2062931780932535 8.3981325793013628 0.43696618850014551 0
6669 -5.6260668993001985 -6.1272080466096064 -3.6569682918737403 0
6670 5.0797980950717267 7.1912320317460878 -6.1586971894546778 0
6671 4.6828364604681196 6.4906207483623692 -6.705453992917537 0
6672 4.1097983455188238 6.9716225786181312 -5.7865706229142209 0
6673 2.0553783913841048 -6.5873628766704533 -10.693886329225734 0
6674 2.4014943077994326 -7.2665083927662906 -10.685693335186428 0
6675 2.7389741848843006 -6.9315431014531521 -11.420403618379044 0
6676 3.1486264106147064 -7.078837302640129 -10.48997865956788 0
6677 4.9104202449597754 -6.9344353732163739 -0.038465812552659101 0
6678 5.4386877374630203 6.3807060515465741 -8.1669072615868998 0
6679 5.0012553628476955 5.7685893524622482 -8.1729512461519782 0
6680 5.0738757490601305 6.0043780539106955 -7.1452532671710483 0
6681 -1.7585350106511846 -5.8825986246099031 -14.362058156490404 0
6682 -2.5604839577314555 -5.8841830246334563 -13.910861021350254 0
6683 -0.55227702129830458 -8.4481039763577641 0.19338059236369859 0
6684 -0.95494817249713981 -8.4194269783632372 0.99930933252250298 0
6685 -0.32292794003322001 -8.4680447463737227 1.1377752609623326 0
6686 6.2265977405504787 6.5391881386004007 3.2184957675626138 0
6687 5.6079516751690894 4.9951063037501022 3.7742905574755952 0
6688 4.870673866047456 5.6362239533410863 3.752809782875024 0
6689 6.3587782141150448 5.2980905070855204 -3.2210318386234764 0
6690 8.1608393095030145 2.2743034175756716 1.3360606396497987 0
6691 -7.4300506811683373 0.15530361780102475 4.4500510053510407 0
6692 8.4062563416478824 -0.94796269807109035 -0.080642909581648825 0
6693 5.7400225243059921 2.2425757433820914 -10.844589586384071 0
6694 -7.9588657660340907 -2.7237441099831021 -8.2120993719918651 0
6695 -7.8763254639061575 -3.27164715906531 -7.7090343671080657 0
6696 4.1960353596983282 -0.87126195657163819 -14.853553114634487 0
6697 3.7882871025244045 -1.5081387987349963 -15.251211813093452 0
6698 3.8769400668767089 -0.81673116590661032 -15.543282980044317 0
6699 4.4796484192298225 -1.3208519791289266 -15.854528958174384 0
6700 4.8873966764037462 -0.68397513696556844 -15.456870259715419 0
6701 0.77486015496449701 1.0485131686221683 -19.125259086070688 0
6702 0.015834472659129156 0.90610972920109778 -19.136148831527819 0
6703 0.27661345483435906 0.38146893254650566 -19.479506661221304 0
6704 -0.18437390156746183 0.45136760103244167 -18.708531943097995 0
6705 0.57465178073790601 0.59377104045351226 -18.697642197640867 0
6706 -2.2162027915102316 -1.6661090863330439 -18.580312030899329 0
6707 -2.9201085124348651 -4.2906717526942542 -16.201311291937767 0
6708 0.7981639550948727 8.3460044683545611 2.7792960085702969 0
6709 8.742069622188092 2.1040022860263976 -4.0529901015041947 0
6710 4.1786901013482627 4.8236502329574016 -13.979502845748812 0
6711 -2.373420444438636 -7.0010374456070306 -5.3709753684309298 0
6712 -3.1558273865348641 -6.5047882550152707 -6.1328042771576676 0
6713 -1.8894459998930282 -1.4185887743851415 -18.812622026994241 0
6714 -1.1707641399006752 -1.3955581994410795 -18.885784889067729 0
6715 -1.3784295121704686 -0.84585683408860612 -19.224017848895663 0
6716 -0.77310673393171259 -0.75434519075791262 -18.653786851669228 0
6717 8.489661957442582 -2.079367468405022e-15 0.37444042830648749 0
6718 -7.9421123780198428 4.61963172338963 -2.6132519882122547 0
6719 7.1686570712051996 -2.6421778283626045 -2.7186763108446099 0
6720 7.7514259752277646 -3.0807120090292606 -2.0706055892477524 0
6721 -0.78786055668464194 -8.4235143050758943 1.7311649166922756 0
6722 0.10151753013875131 -8.4101749922803037 1.6911970707741664 0
6723 0.56645014679017325 -8.4547054335781322 1.0978074150442234 0
6724 5.9686676962199705 4.7853132316366818 -1.715218367371723 0
6725 6.432556179884374 4.3032574675381259 -1.012625973854812 0
6726 2.6368639578442163 -5.2563837337894768 -15.014008231883668 0
6727 -1.5750734289549526 8.0903134247456077 -8.6646315515214098 0
6728 7.7720408150390812 3.4343861005191685 0.42953014506669318 0
6729 7.8513825968466735 3.1889498410289985 1.2490701341570642 0
6730 3.1837288951028455 3.4352063082635755 -16.683099826848419 0
6731 2.8214332886353546 4.0050175190124371 -16.486791374893482 0
6732 -4.5046024719451765 6.0063630173799041 -11.211721376922439 0
6733 -5.0908443562221315 6.0067057878264931 -10.245853281825269 0
6734 3.1786654783552319 -1.0777887266534889 -16.194884902046631 0
6735 2.7171237872097005 -1.2411144952707718 -16.523785691505292 0
6736 1.1001545482607433 -8.3914854914501262 1.6357702972923922 0
6737 5.090924123009831 -1.2246895745679893 -16.146461087628708 0
6738 0.91535298954000954 8.1994961683905281 4.1505004363178006 0
6739 1.9048801595794298 7.537180726010984 3.6826212567022689 0
6740 0.97802994678425714 7.2499661486472711 3.6636218848577347 0
6741 0.24513713274650897 8.8760734877802978 3.7760939443422918 0
6742 1.2346643027859292 8.2137580454007555 3.3082147647267606 0
6743 1.1719873455416816 9.1632880651440125 3.7950933161868257 0
6744 8.146704698282571 -2.2317088282504969 -1.8010984288544434 0
6745 8.689014979159559 -2.8402530662829775 -2.7541513974092302 0
6746 8.5281615865559495 -3.2762839592887611 -1.4920756916548998 0
6747 0.17294448726152226 -3.9864231412099715 -17.465420566664548 0
6748 -0.50572409609563185 -4.168097025596321 -17.334258825525389 0
6749 -3.835288748684567 4.4793157747705834 -13.691951725505337 0
6750 -3.0787296276486051 -1.1725302018097139 -18.084749240967053 0
6751 -2.6100492449435935 -1.5488366834551202 -18.390259541637498 0
6752 -2.9757197179539672 -1.9754654073109923 -17.840305866106277 0
6753 -2.6187974663361269 -6.6291669660705121 -6.6768294485670356 0
6754 2.7622015706750762 0.47261409653059627 -18.417927523503732 0
6755 0.49711884550207197 -6.0607911084761188 -14.545214387777104 0
6756 -3.853343170009313 -6.5754780987217449 -10.869537433701698 0
6757 -3.8504342438329209 -5.7335153098601577 -10.645946015468809 0
6758 -4.5684683453167771 -6.3156424085631668 -10.335044417797029 0
6759 -3.9847197804787937 -6.8758277448418781 -9.9887195817295868 0
6760 -3.9818108543024016 -6.0338649559802908 -9.7651281634966995 0
6761 -3.266685678994937 -6.2937006461388689 -10.299621179401367 0
6762 -2.6530449345026303 -8.554318436825044 -4.9136829888191098 0
6763 -2.8418263698348012 7.999005429549551 0.56467818868357411 0
6764 -3.592055671307099 7.6655363224572941 0.38193339919230507 0
6765 2.6160771739282289 8.0309152213742383 -1.9618804857667245 0
6766 3.2162612079205601 8.5505475169050609 -2.5261391234169124 0
6767 5.8166170817545559 4.7300426966787432 -11.349706570954293 0
6768 4.7453006896146128 4.8621808741843378 -11.447247090990585 0
6769 5.4274772161583691 4.2119837000717695 -10.984795946663576 0
6770 -7.6392433598356586 -0.97850756505711001 -2.6115695113792343 0
6771 -7.5209748176505808 -0.96605801816465142 -3.8232048471376401 0
6772 8.3514036670004739 -1.4302185286190596 -1.3678092044288288 0
6773 9.1605433512214809 -0.38579804408431656 -1.4764079125178138 0
6774 6.8716036647331658 -2.9868208800578104 -8.7995627129125147 0
6775 7.2014648533208216 -4.0661228511963063 -8.9553351451105456 0
6776 7.5107024033515017 -3.482463443948614 -8.2622698244013506 0
6777 6.8064135671315604 -3.3552537764448394 -7.8731663883973289 0
6778 7.1362747557192154 -4.4345557475833353 -8.0289388205953607 0
6779 6.4971760171008803 -3.9389131836925317 -8.566231709106523 0
6780 5.6266061213773444 -0.84922713941726524 -15.290255539109328 0
6781 5.3075108285557251 -0.79469634875223738 -15.979985404519159 0
6782 2.1886510831876693 -6.7435411859625152 -6.847461594688653 0
6783 1.1945559819203544 -7.0863803290569711 -6.527440085538128 0
6784 1.9791049170083312 -7.5784715574450034 -6.8285668378388875 0
6785 0.98500981574101654 -7.9213107005394594 -6.5085453286883634 0
6786 1.395902105422735 -7.2146113608723788 -5.7905233999708203 0
6787 -3.3308457507416875 4.5720893814865207 -15.342489694582618 0
6788 -2.9278958074454224 4.4751520258493152 -14.790662709364625 0
6789 -3.8134139755056942 4.7883356164244777 -14.726442981328429 0
6790 -3.8574719014608778 4.0325283689653357 -15.50224060846149 0
6791 -3.4545219581646127 3.9355910133281307 -14.950413623243497 0
6792 -6.7183083551273546 -3.5515903834540286 -10.984714162215123 0
6793 4.0989419794156294 -0.31472217315027073 -15.341399098625109 0
6794 4.4180372722372487 -0.3692529638152986 -14.651669233215278 0
6795 1.1046374617347097 0.60468723398408475 -19.364478933330535 0
6796 0.90442908750811868 0.14994510581542875 -18.936862044900714 0
6797 2.3613521338355672 -5.608742056445565 -10.996055005556666 0
6798 2.771004359565973 -5.7560362576325419 -10.065630046745502 0
6799 3.2858420504422328 -5.3059008180159708 -10.544519523715882 0
6800 7.8332659578543851 -3.2259073559388387 1.5199392026571146 0
6801 8.0047372779646224 -2.6393267322498515 1.8050183499353269 0
6802 4.8515888333079644 6.8897423589942361 1.893308254110599 0
6803 -5.3627673163445966 -6.4616890172404169 -2.8816945787335433 0
6804 0.5532481135335694 1.6579496088144952 -17.176664435533127 0
6805 0.79745949224820722 1.1046769713747189 -17.569408745972311 0
6806 0.03843380994283932 0.9622735319536484 -17.580298491429442 0
6807 -0.5335339808508921 -7.0357293031007222 -12.559111011553743 0
6808 -0.043801544108421298 -6.384046189612989 -12.259496822784541 0
6809 0.28337409819461162 -6.805518177912333 -13.019179320502271 0
6810 -0.65631886374208115 -6.7434490199174242 -13.308002012359367 0
6811 -0.1665864269996104 -6.091765906429691 -13.008387823590166 0
6812 -0.98349450604511413 -6.321977031618081 -12.548319514641637 0
6813 3.1740382871099584 -6.7110942698461322 -4.7492304738753646 0
6814 3.9496834500020817 -6.3544612077540581 -4.385825073466231 0
6815 2.8344137886148797 -6.9332047106860237 -3.7688286359880383 0
6816 6.6171874686871641 -5.1746312184195045 2.4740614541770762 0
6817 6.0136490412004511 -5.8714598813044967 2.4771105744456237 0
6818 6.3233517183303025 -5.4703692452023143 3.3445681493058341 0
6819 -7.1851177365376815 4.2285793105618081 3.2640399019519393 0
6820 -6.9958027556612752 4.6852415940243155 2.3925981207603577 0
6821 7.1138352895938413 0.46871474668181501 -12.494380956512259 0
6822 7.0225922317987575 -0.062345135859484535 -12.794754579731801 0
6823 6.867403935774183 0.42343418536477018 -13.061321672084681 0
6824 -0.40700942001487894 -1.7718137645746417 -18.900594110501459 0
6825 -0.11140964788929066 -2.4939081835389487 -18.703817939981668 0
6826 -7.3326899683961422 1.1878147201165283 -11.779302957465067 0
6827 -6.6990403030874957 1.5612530099942119 -10.979470046585025 0
6828 -7.4076610886512384 1.8033489499667987 -10.740128417029611 0
6829 -7.6431156856887412 0.95654854554743918 -10.719541838893276 0
6830 -7.0094660203800947 1.3299868354251227 -9.9197089280132342 0
6831 -6.9344949001249985 0.71445260557485235 -10.95888346844869 0
6832 -7.8343175267098815 3.2421456023317621 -0.97890713255230877 0
6833 -7.9741672059317779 2.9189601002868786 -0.11329292184345922 0
6834 -2.6208883474499949 -8.0313986577802634 1.5896896193416672 0
6835 -3.0648714972190709 -7.9103459596572332 0.78927618939214117 0
6836 1.057674463656008 -4.5080884702687012 -14.373214398194978 0
6837 0.5380785583048604 -5.2667653209303502 -12.980304695704087 0
6838 6.6309729839437725 0.26745566558923317 -13.522233544313028 0
6839 6.1682556047184853 0.2051105297297505 -13.054991286899821 0
6840 -8.5651059670912346 -1.999504242299508 -5.9792507118039033 0
6841 -8.7761924933601048 -1.6618750173411025 -5.0930681334439019 0
6842 -3.781213855727374 6.8020303841850254 -1.6318231003478845 0
6843 -4.1688252049193748 6.5666330025181754 -2.2825788573616208 0
6844 -5.4050675638984922 6.5366328248599634 1.010884217099056 0
6845 -5.9237678328936791 6.0541968517533133 1.2167009641678379 0
6846 0.02278570827178672 8.2379122634891999 -8.8124763566766795 0
6847 0.15414698177584912 8.4686370853369155 -7.662102202956528 0
6848 0.80590648530565989 8.2351044767622881 -8.436658548942475 0
6849 0.0021133452989278156 -1.3926909981895181 -18.598161810843258 0
6850 0.16054528694596781 -1.8604582066537736 -19.18320202950342 0
6851 0.29771311742451606 -2.1147854171538247 -18.401385640323468 0
6852 -1.1088414057013365 1.5239616180866848 -17.201425965273813 0
6853 -0.52190918098142824 1.7824820764011875 -17.537135048844725 0
6854 -0.46725777850064554 1.1398236784392068 -17.512715355629325 0
6855 1.5762157833328041 1.4188852092175956 -18.825129583006785 0
6856 1.9059930901030167 0.97505927457951225 -19.064349430266631 0
6857 3.0349812631945561 4.56533761823402 -15.67840670687325 0
6858 2.2922345072032426 4.5148105478359355 -15.144888913486902 0
6859 0.68018255298777219 6.7026895979922756 -8.6083188774972843 0
6860 -0.10293822404610103 6.7054973847191874 -8.984136685231487 0
6861 -4.2425788242856823 3.9166239233266977 -12.005076216209783 0
6862 -5.2562214977376538 -4.6721666395311052 -10.256439790486613 0
6863 -5.5883170336648504 -5.3703531955025836 -10.399144973609458 0
6864 -6.2789791122621201 -4.5688402153321093 -10.544131764531929 0
6865 -5.5132724612593984 -4.2215322321630975 -10.996912830475715 0
6866 -5.8453679971865951 -4.9197187881345759 -11.139618013598559 0
6867 -4.8226103826621287 -5.0230452123335727 -10.851926039553243 0
6868 -6.4477714468111262 -2.7631950556297071 -7.796092259738538 0
6869 -6.2050481393004784 -2.6331928077495372 -8.9038609674590639 0
6870 -5.9934351107321993 -3.3868889643509288 -7.8562971956141787 0
6871 -7.0866832379081508 4.6442041295127297 1.4727085982175754 0
6872 -7.4716865108518569 1.6485065750788019 -3.1869100290889611 0
6873 -7.6156916744997876 0.68307139712928988 -3.1277621498356054 0
6874 -1.4262650917569184 -4.756020004647981 -13.568251717166763 0
6875 -1.1921474417979763 -5.5695218865852389 -13.891232775746126 0
6876 -1.3403970388952451 -5.2161948664975242 -12.974229456867898 0
6877 -2.2282140388371894 -4.7576044046715333 -13.117054582026615 0
6878 -1.9940963888782473 -5.5711062866087921 -13.440035640605977 0
6879 -6.3477680531055398 -5.5559928640993457 -2.2597104771906347 0
6880 -5.3863678358938571 -0.68199158330119636 -15.776199718865641 0
6881 -5.1261243182542451 -1.3167837297662073 -15.938128000660013 0
6882 -6.0104082465731326 -5.6897681330383145 -4.1628656449301502 0
6883 -0.28272068083095925 -0.652023278055193 -17.657776945920645 0
6884 0.038202540303884251 -0.0366365978110752 -18.025944886395742 0
6885 -0.45218351279686902 -0.13895851051379479 -19.021954792144321 0
6886 -0.24451814052707543 -0.6886598758662682 -18.683721832316387 0
6887 1.0066409652559656 8.4277707243700952 -0.22660266942244597 0
6888 1.4300904328991018 8.3552688629090817 -1.0476697317895911 0
6889 -0.27762354631060648 8.0876815998449256 -9.4228959409431337 0
6890 2.9493375283213537 2.3917821880931971 -17.615150223897427 0
6891 2.712494327049205 3.0758885695233973 -17.413049302308519 0
6892 2.4839663395867224 3.0084169461916312 -16.678669589796108 0
6893 3.2631101574145029 2.9713787866590993 -16.993998809048811 0
6894 2.7208095408588715 2.3243105647614306 -16.880770511385016 0
6895 -8.7913907313569872 2.6030537156950828 -3.2173764301503107 0
6896 -3.9513515708238538 0.10754635533510151 -17.4946980042264 0
6897 -3.5222844278345602 0.29034405976652033 -18.036725781883799 0
6898 -3.5340490174410708 -0.45055608175009865 -17.882289616416941 0
6899 -2.1259336283017505 2.9410853249074798 -15.813258020683953 0
6900 -2.2401408270530814 3.4988788955689376 -15.125179025756518 0
6901 -1.7170021665512956 3.3692525028320039 -15.553616211549773 0
6902 -1.9221889221796298 4.1292793981744245 -15.835146608412067 0
6903 2.4657276590248904 -5.6244421388578942 -14.362037195903206 0
6904 1.7824749022363888 7.8072545420418429 -9.6790359176300775 0
6905 1.5698854166152956 6.9340848882917996 -10.218785879389102 0
6906 1.7530329414754737 7.1615832113148983 -9.1327157172147722 0
6907 2.6156206129589248 0.086558489987015139 -18.539334559110884 0
6908 2.3707353829718052 -0.55096666051413079 -18.766009366678659 0
6909 2.1978188422022225 -0.46440817052711497 -18.098672111831174 0
6910 2.5618134772852406 -0.98102986855533358 -18.607613177723117 0
6911 4.7232117270288221 -7.6248108676923216 -4.48958039699186 0
6912 4.6698775571457602 -7.8176207098080237 -3.6622770371185607 0
6913 4.0850882773496151 -8.046533540603269 -4.1652123034046564 0
6914 4.4360719820261085 -6.995270113515577 -4.1153031274913303 0
6915 5.3540798543405321 5.220994527855007 -11.493821441961863 0
6916 -4.5552350964942505 -2.87806476472129 -15.741976374707235 0
6917 -4.0133877896730015 -2.3089866833305273 -15.765553569400574 0
6918 -5.0083221646936806 -2.2983126165526184 -15.640707458965505 0
6919 -4.8561717287798771 -3.166365922013429 -15.020932016074408 0
6920 -4.3143244219586281 -2.5972878406226663 -15.044509210767746 0
6921 -4.1430744357587423 7.3042422609860225 2.6817686546617705 0
6922 -4.8805630405220839 6.843616199698431 2.5367249391770126 0
6923 -4.437228400188296 7.0852769568285323 3.3537418760934248 0
6924 0.5364492404340222 0.63040763826458746 -17.671697311245126 0
6925 -1.6726669577895112 -6.3427734864594463 -13.768035896191538 0
6926 -1.8987315519586898 -1.7072560370943179 -16.806297680681531 0
6927 -1.5330610789483159 -1.2806273132384458 -17.356251356212749 0
6928 -1.15460762550572 -1.8153760443528688 -17.118841474727546 0
6929 3.8963492801190203 -6.5472710498697602 -3.5585217135929312 0
6930 3.3208023206389061 -7.5740136164475427 -3.4983066900131385 0
6931 -3.7729116434671237 5.9499518988225368 -12.550145475184465 0
6932 -3.2928717631734372 6.3018540264861524 -12.422818793289586 0
6933 -3.7709884324571488 6.2678805005003984 -11.698508758100362 0
6934 -7.6536527886398549 3.6812874883173548 -0.26187980936996286 0
6935 -7.3745373359205448 4.1343051533322086 0.60138075005333713 0
6936 -7.821759677878461 3.3034628520537597 0.53633682728898913 0
6937 -5.1392121497508896 4.8692337582965362 -12.530065853406141 0
6938 2.2604951240684885 0.18658170362650361 -19.014253065484155 0
6939 1.842693353311786 -0.36438495688762651 -18.573590618204449 0
6940 -6.0157825921619699 -2.2577370729915955 -13.94240308378102 0
6941 -3.9439998215182674 -3.6902468924111167 -12.941314778288181 0
6942 4.2834173813584329 -7.3025731844406296 0.50230122350141515 0
6943 1.4300620878733248 -2.811128208216616 -16.319938635445805 0
6944 1.1771532776468145 -3.3064123541152695 -15.809254643586534 0
6945 -1.6937894028272886 -8.2713664406469825 1.7651736299926939 0
6946 -1.1960138644067204 -8.3232217795206989 2.5908534366558258 0
6947 -1.7362209520475371 -8.1625064980593809 3.336160983276983 0
6948 -2.2339964904681051 -8.1106511591856645 2.5104811766138511 0
6949 -4.2322124757243147 0.68143794268734048 -16.272478132963919 0
6950 -4.7799020248439144 1.3793194669709696 -16.402493460809875 0
6951 -4.3488263398401159 1.4165274815835955 -15.795901267177877 0
6952 2.7207350329911293 6.3485153716888583 -12.780294719756396 0
6953 2.5578795617870762 5.8447039072750222 -12.26441014988843 0
6954 2.2257871081144049 5.6116199187927638 -13.110784393799825 0
6955 -2.7945154720678986 0.37202885910565964 -18.568820919141167 0
6956 -2.2631718507887473 -1.2586742787447305 -18.690305190078305 0
6957 -5.0652150074713376 -0.21915424873453437 -13.454873308481188 0
6958 -5.0820593662759759 0.62466395919291862 -13.061699218197063 0
6959 0.40578828853256105 -2.6179199354898581 -18.614720960759861 0
6960 0.67774322336781956 -1.9844699586046832 -19.094105050281613 0
6961 2.841100860554294 -7.9599952720485279 -7.6667487299266366 0
6962 1.8470057592869793 -8.3028344151429838 -7.3467272207761116 0
6963 2.0483518827893601 -8.4310654469583906 -6.609810535208803 0
6964 -5.5592572613511742 -6.3916362092650107 -1.1870879072595681 0
6965 -5.3286399935514845 -6.5750421093272511 -0.36793355803605016 0
6966 -4.4155297805289901 4.8681509633379081 -9.6320559036253002 0
6967 -3.8292878962520343 4.8678081928913191 -10.597923998722468 0
6968 -3.7533454001729032 5.3353000428721051 -9.841178114379634 0
6969 -4.4251732750909643 5.9381872633015425 -9.5213580386570555 0
6970 1.5404040664417413 -4.6994820151805063 -16.257536073799162 0
6971 1.3178639589102916 -5.2052342243943421 -15.792697718333493 0
6972 -4.9366772486318506 -6.2349448017352254 -9.839068142573506 0
6973 -4.3529286837938672 -6.7951301380139366 -9.492743306506064 0
6974 -5.1929557958602341 -6.3960128281463327 -8.8458684625169344 0
6975 -4.8218379663687685 -5.634747646112686 -9.1182533195075699 0
6976 7.0731861592444893 -2.2255943870155317 -9.055845958603058 0
6977 7.6462528253003406 -2.6680389655538739 -9.4579556039805404 0
6978 7.7539078808196962 -2.8456060513484598 -8.5086070375808021 0
6979 7.4446703307890161 -3.4292654585961522 -9.2016723582899971 0
6980 6.7639486092138092 -2.8092537942632241 -9.748911279312253 0
6981 -3.7073035710300672 -5.9332855019807909 -7.4309712650875213 0
6982 -5.8921033919174803 -5.9748967508496342 -2.6282348992230795 0
6983 1.0106168797931181 -1.2309522982961894 -18.106521538553899 0
6984 1.427030466751297 -0.79071168978536455 -18.349247464700497 0
6985 0.84488724527925951 -1.7318749891592804 -18.360332398475485 0
6986 1.2613008322374386 -1.2916343806484556 -18.603058324622083 0
6987 0.73539768677363304 -0.98041274940555911 -18.626958869923634 0
6988 -7.2031924771681455 4.4486446893996154 -0.22537971418152408 0
6989 -6.2805711043676542 4.5935745498776761 -0.9973130413612753 0
6990 -7.483446302293383 5.487464652254296 -1.21754989542466 0
6991 -7.9469267102256156 4.759367694351706 -1.162216712444418 0
6992 4.8730304190307887 4.9415183188015881 -7.8612526923249924 0
6993 4.315873762336631 5.6420543681350033 -7.2997130699052022 0
6994 4.9456508052432238 5.1773070202500353 -6.8335547133440624 0
6995 8.1352714119476683 1.9084043627788168 -3.409709509489693 0
6996 -2.7934641772493904 1.405956556404119 -18.375672724382735 0
6997 -2.81513770492323 0.89050286336457218 -18.516446269463209 0
6998 -2.150907141499756 1.0636626331608079 -18.944751130964967 0
6999 -2.252406104420154 1.0574653101217761 -18.295384758788899 0
7000 -2.1292336138259165 1.5791163262003547 -18.803977585884493 0
7001 3.1040914538892457 2.7010496983830654 -15.111948314841056 0
7002 2.6079500512887943 2.8657290769204042 -15.44045574086557 0
7003 2.8643743463951736 3.389489748506672 -14.736749276939138 0
7004 2.5339755709232348 8.6223343183190426 -4.8104572475882676 0
7005 1.8084631771993092 8.8006147454857846 -4.9083340382124794 0
7006 2.3705688566691885 8.4463699240262482 -5.9519190641743611 0
7007 1.6450564629452633 8.6246503511929902 -6.0497958547985728 0
7008 1.7177245653740516 8.0098558801996802 -5.183327820336066 0
7009 0.45056366064374598 -0.23974502927123409 -17.686574005001024 0
7010 0.16784297981278629 -0.89176830732642709 -18.344350950921672 0
7011 0.48876620094762979 -0.27638162708230929 -18.712518891396765 0
7012 0.8527047561138309 -5.479415032594761 -15.550196933534288 0
7013 0.22068782774865495 -5.3299983121165972 -15.853493135912679 0
7014 2.0928868905260263 5.4635421352498685 -11.722619958804888 0
7015 2.5232741060823396 4.9960228530619064 -12.306341354039727 0
7016 1.760794436853355 5.2304581467676092 -12.568994202716283 0
7017 8.8214499870361713 -0.92733469816063008 -5.2624350933930586 0
7018 8.0482447479400321 -0.76241829618649293 -5.5725773609987481 0
7019 8.6637704941445346 -1.1598226652530572 -6.3726682804121033 0
7020 8.6446638921163927 -1.9322793334075063 -5.6418517870243337 0
7021 8.0291381459118902 -1.5348749643409423 -4.8417608676109776 0
7022 -0.92710706561832978 -9.2150939594219921 4.6514345991846291 0
7023 -0.23262141266444572 -9.3230999328537152 4.6427703541654708 0
7024 -0.66931996837169772 -8.8681628950785552 4.2942049533500999 0
7025 -0.60980290382524927 -8.368962037967755 4.6514345991846291 0
7026 0.084682749128634813 -8.4769680113994799 4.6427703541654708 0
7027 2.633113064737548 3.5397160911278736 -17.102150320108127 0
7028 2.2747468774323258 3.3954155371691837 -17.472357906447691 0
7029 2.1683000264005741 3.8116742825420893 -17.144235920008349 0
7030 -6.7310314158393645 3.826217348795415 -1.0338131365497141 0
7031 -2.4359992567808533 -0.88269393851879419 -16.824976702515485 0
7032 -1.9673188740758414 -1.2590004201642004 -17.130487003185934 0
7033 -2.3329893470862153 -1.6856291440200724 -16.580533327654713 0
7034 -2.2832567808734923 -4.1293261518010143 -14.280800053950712 0
7035 -1.5543015024259583 -4.4174215339312033 -14.086894695089356 0
7036 3.9442385706117138 -2.1210727974445511 -16.987569066206376 0
7037 3.5367730127440997 -2.986769936119483 -16.704495851653618 0
7038 3.4826968794661823 -2.2843985660618342 -17.316469855665034 0
7039 1.6719156967384168 -0.1531865392842186 -18.122572657132721 0
7040 0.99191174817656191 -0.23974502927123423 -17.584285439730106 0
7041 1.7627001236274871 0.086558489987015347 -17.333710086860783 0
7042 1.077797327966838 0.63040763826458734 -17.569408745974208 0
7043 0.98701290107776773 0.39066260899335337 -18.358271316246149 0
7044 -2.6789660592331619 -7.9154037671233493 3.3435341466221016 0
7045 1.6579284459020989 -5.6190522750764869 -11.574507035655557 0
7046 1.5829824017030276 -6.2031163248909573 -12.074080872075708 0
7047 0.84805257913615373 -5.5697710146101294 -12.219991295312919 0
7048 1.7370136410745853 -5.2549645451752589 -12.237957142611766 0
7049 1.6620675968755141 -5.8390285949897294 -12.737530979031916 0
7050 2.471943463641459 -5.8883098554560869 -12.092046719374554 0
7051 5.6264898465107045 -6.3471917753303542 0.62066455576503821 0
7052 -4.3736039859126068 2.4672028127618555 -16.213358549963999 0
7053 -4.1188945869455953 3.0626500910687433 -16.16152886995215 0
7054 8.3716341688161844 -3.9934785270510291 1.2406926120965418 0
7055 -5.2618669389180779 1.3943941680691796 -12.308236994825402 0
7056 -5.7603493389588039 1.3181330932682773 -11.726154296187497 0
7057 -5.5718896874092803 2.0694235536883747 -11.451958906058195 0
7058 1.9769700416230349 -6.2393853131319092 -13.552950867893465 0
7059 1.3646231634544632 -6.6782325827426341 -13.015279297257747 0
7060 2.2535842253928946 -6.3634261133077636 -13.033245144556592 0
7061 2.2744144750440856 -5.4001813253790036 -13.275202549667632 0
7062 3.2424211692366591 8.2449887122263998 -5.6763466875760589 0
7063 2.5895768779415222 7.8084746683998318 -4.9077554437377637 0
7064 -7.4777309067945446 -0.33963414792567631 3.656029296621623 0
7065 2.9657496773309173 -0.24662439961143148 -16.438862068677977 0
7066 3.6443646854397072 -0.45867050629426143 -16.894760800491927 0
7067 5.2165098760402158 -7.5035643709787987 -3.1461864648689124 0
7068 6.103912613174197 -6.7657322574249203 -2.9908352716671098 0
7069 -4.9885317655261883 3.8604721625842364 -14.230183153704701 0
7070 -4.3471236662595407 3.7150158712419916 -13.870687525998186 0
7071 -4.9015215644263517 4.4126895800961368 -13.568783082606751 0
7072 -5.4676129949320327 3.5629495557697863 -13.84552103508611 0
7073 -4.826204895665386 3.4174932644275424 -13.486025407379595 0
7074 -4.9132150967652208 2.8652758469156412 -14.147425478477544 0
7075 -3.1908071891934742 0.59025331630667588 -18.309370278719165 0
7076 -3.2025717787999848 -0.15064682520994313 -18.15493411325231 0
7077 -1.1260442444585097 -0.56408524550756944 -18.174062564914699 0
7078 -3.3047088501532862 -1.0501142296758854 -15.99750393765785 0
7079 -3.6396733931262322 -1.4465035599630673 -15.486322267942727 0
7080 -5.2106343836050328 2.3460938420764412 -12.022362489905142 0
7081 -7.1645949052009907 -1.7472417865827614 -5.386369354368906 0
7082 -2.7745915378292727 -4.4441584088788053 -13.174116142694102 0
7083 -3.4804678115910535 -4.106233483967058 -12.966122636812935 0
7084 -1.1261644121370076 -8.7782715327111411 3.5854068256889131 0
7085 -0.75712253942208541 -9.3589412202645903 3.7948088471158554 0
7086 -0.34387618813273579 -8.3954991809568273 4.0761386869039988 0
7087 -1.03836184108662 -8.2874932075251024 4.0848029319231571 0
7088 -1.4516081923759696 -9.2509352468328672 3.8034730921350137 0
7089 -1.8608770186397863 -8.2672791139343254 1.0333180458229214 0
7090 6.0565948906194302 5.3461605165363633 -5.4850857571432705 0
7091 6.7307822919504439 5.9107498619029659 -4.5530033658204312 0
7092 6.3778401932977378 6.1042200513923284 -5.74701251928707 0
7093 5.3126135033747133 6.0258734004774013 -6.2392956363563972 0
7094 5.9868009047057269 6.590462745844003 -5.3072132450335578 0
7095 5.6655556020274194 5.832403210988037 -5.0452864828897592 0
7096 -8.4240125062745754 0.95870921638169504 0.77419959878708633 0
7097 3.447301345703865 7.7279579749553626 -0.79089772841988015 0
7098 8.3813730220990124 -2.052844328794707e-15 3.0934178966897097 0
7099 8.4301157979351302 -2.0647828656765585e-15 2.1643832426924705 0
7100 8.3415549505713713 0.8660858557680633 2.5313419050766215 0
7101 1.9814191633493792 -0.39158489247844547 -17.15149249473501 0
7102 -0.15102842074932443 -3.6174989453772004 -17.891930156380781 0
7103 0.34973109060010427 -3.117159589871771 -17.495491961085484 0
7104 -0.32893749275704981 -3.29883347425812 -17.364330219946325 0
7105 -0.40976806062864307 -1.4174177671007118 -17.446299547827735 0
7106 0.27733253831841276 -1.6432305470801483 -18.07772447947352 0
7107 0.43300583935168863 -1.7566017580704743 -17.208470135459962 0
7108 -0.1141682885030548 -2.1395121860650188 -17.249523377307948 0
7109 0.57293231044400106 -2.3653249660444553 -17.880948308953734 0
7110 2.3908831866480771 -7.4866405603047061 -10.058453082969539 0
7111 3.1380152894633508 -7.2989694701785446 -9.8627384073509887 0
7112 -3.0701528672922604 1.9007302063298708 -15.706057052840737 0
7113 -2.5546985747396551 1.9441840947179401 -16.265146703727591 0
7114 -2.8154434683252498 2.4961774846367586 -15.654227372828888 0
7115 4.2534309597055326 2.5747290918485746 -13.847805431547513 0
7116 -4.8774896083384904 3.6496045956771646 -11.150803511954791 0
7117 3.6327120667178452 3.1130454378050825 -16.559701105214131 0
7118 4.1288534693182966 2.9483660592677436 -16.231193679189616 0
7119 -4.3252488930806674 4.0240357128958868 -14.905178781821279 0
7120 -3.9222989497844027 3.9270983572586822 -14.353351796603286 0
7121 -3.9663568757395864 3.1712911097995393 -15.129149423736347 0
7122 2.2046813826055223 -7.1900157316089164 -11.18012643761552 0
7123 1.8672015055206543 -7.5249810229220548 -10.445416154422904 0
7124 0.96401511028036113 -1.8545626798440238 -17.098657966633159 0
7125 1.353384098177371 -2.3703057046521065 -16.697638637139775 0
7126 -3.1407515268893045 0.17770406876697986 -16.325327071085681 0
7127 4.815260561187058 -1.9957680940784024 -13.204807533804274 0
7128 5.3677035765298218 -1.8793915290608187 -12.269497465959576 0
7129 5.0211514938809145 -2.5508417636051632 -12.406284200690731 0
7130 -1.7403576165761581 2.3871085683881486 -16.513813859315142 0
7131 -1.4960610930588181 1.6875913820849224 -16.993677819425045 0
7132 -2.120446072461085 1.8533477366096034 -16.596405109165282 0
7133 0.66526391741681312 5.7426257446222078 -11.759454233997268 0
7134 1.6053740171334043 5.7640597691023308 -11.354456102805228 0
7135 1.4655671596408308 6.6356023981652221 -11.145321182032713 0
7136 0.94344883054347217 6.0874389778045686 -10.819088530184349 0
7137 0.52545705992423974 6.6141683736850991 -11.550319313224751 0
7138 -1.5481370627038462 4.5715218383087404 -15.338630608701502 0
7139 -2.3057497831676521 5.0302632167013233 -15.555035859818428 0
7140 -2.1876443052676522 4.7489277197995463 -14.813359727572234 0
7141 0.84732399416639637 -7.6866412376058921 -10.793482502958103 0
7142 0.29072702137734296 -7.6085871536802934 -11.108199596210488 0
7143 -0.30739562489822603 -7.7260859952402718 -10.606255859772503 0
7144 0.21935684358859101 -6.9719759302156881 -10.75825406743915 0
7145 0.2492013478908274 -7.8041400791658706 -10.291538766520119 0
7146 -3.5410285629576355 0.19095307656052884 -15.881120033427585 0
7147 0.41684098242561773 -2.2374731078385683 -17.139711208481145 0
7148 -0.046036462773313809 -2.5506850742453802 -16.965057208073873 0
7149 0.27793644523753291 -2.9196092700781513 -16.53854761835764 0
7150 0.74081389043646451 -2.6063973036713395 -16.713201618764909 0
7151 -5.7974282427810557 -3.5068572496937414 -8.611176447112868 0
7152 5.6334110935420467 -6.3196024394335195 1.5359106225276093 0
7153 2.1744990302204084 -6.7275138432089925 -12.369795037600387 0
7154 -1.6157933226577406 -9.0006707620193822 -3.5752850834210967 0
7155 -2.0926692449827393 -8.730065481669671 -4.6634008473891457 0
7156 -3.0850862798012408 -3.2209562346549867 -14.508998009072805 0
7157 -2.7841496475156138 -2.9326550773628477 -15.230042367705632 0
7158 5.7155483815967436 4.3412011227229526 -10.267462327251035 0
7159 6.1679677699788353 3.5504432644961197 -10.519594702102303 0
7160 5.6496146335805921 5.2157722467957939 -10.891995030714192 0
7161 6.1020340219626839 4.425014388568961 -11.144127405565461 0
7162 6.3901051874010584 4.554231811220145 -10.426793786152921 0
7163 0.9588067941092473 -5.3390532687159498 -12.695174564988552 0
7164 -1.5684309336560922 8.8632444539041124 -4.1841167717755683 0
7165 -0.96837622368313947 8.1373192698622212 -4.0627057950252867 0
7166 -0.87123089962581957 9.0260577904180757 -3.1856401089334829 0
7167 -1.9855522402867707 8.8936238208458782 -3.3141181951703462 0
7168 -2.0826975643440901 8.0048853002900255 -4.19118388126215 0
7169 -5.4492157185186674 7.4213504614626329 -1.2273257193607368 0
7170 -4.8769726334906238 7.7481597980928827 -1.4052623373653141 0
7171 0.59214405211373455 3.8655828411583193 -15.522426217269572 0
7172 0.64678752016015695 4.7314853971853426 -15.662459050603932 0
7173 1.0916337405144665 4.0000291196645144 -15.130812065191408 0
7174 1.0222657805756628 3.4692267176661584 -15.721629968595593 0
7175 1.0769092486220853 4.3351292736931821 -15.861662801929953 0
7176 0.57741956022135332 4.2006829951869866 -16.253276954008115 0
7177 0.49703502812759393 6.4751912749691769 -9.6943890396716164 0
7178 6.9569286718599788 -4.820505731346449 1.7008011962601617 0
7179 5.0404807752560341 -6.8172708121008494 0.90750954724203348 0
7180 1.5178148936403675 -0.55096666051413057 -17.560384894428559 0
7181 -0.5831677602288553 3.906567885818562 -17.709522827937704 0
7182 -0.6628511021720449 3.8160854363901668 -16.842113729104767 0
7183 5.2131520086040979 -1.4005938494409276 -12.83396197936891 0
7184 5.2394367537974897 -0.94012005219445482 -13.091909812401557 0
7185 4.8415453063804499 -1.5352942968319299 -13.462755366836921 0
7186 1.3816665928183092 -6.9196800869546973 -12.44021854286062 0
7187 2.1915424595842543 -6.9689613474210548 -11.794734283203258 0
7188 -2.199305912399613 1.8359459247323437 -18.31343044208591 0
7189 7.8290068653369218 -4.9717325031923369 1.3730231547555238 0
7190 3.8923474136173182 -6.0860280702215235 -11.94535048226151 0
7191 3.0422406796210382 -5.7562224301865328 -11.703903897658604 0
7192 3.9667305962277037 -5.4533811917569395 -11.25236841581782 0
7193 -4.0091183431302433 3.5673049160879771 -15.858857820955874 0
7194 -4.4768953347500338 3.5588122600185286 -15.261795994315664 0
7195 2.5203976572165212 4.8481652307162655 -15.717365805501338 0
7196 2.5026412074027258 5.3194461937271464 -14.99525252636171 0
7197 -2.7667669777722717 2.9593178830477527 -15.28492993963539 0
7198 6.6820157720421287 5.1722434472841705 1.4786255437756164 0
7199 -7.1442303168466195 1.9391051805366257 -11.505107567335767 0
7200 -4.918421137524744 6.9047222103819061 0.59228701797676142 0
7201 4.8156821730596775 -2.0445987106807215 -14.78712552693281 0
7202 5.7025398301343628 -2.0137611273952984 -14.634235995537892 0
7203 5.2234304302336012 -1.4077218685173634 -14.389466828473843 0
7204 -4.675801838472017 2.6103704093760136 -15.72525033295523 0
7205 -4.4210924395050055 3.2058176876829014 -15.673420652943381 0
7206 2.8549848604490942 -7.311563889059582 -6.7774611603698087 0
7207 2.2717820488634977 -6.9477036924869573 -5.7394177225017415 0
7208 2.0622358826841598 -7.7826340639694447 -5.7205229656519769 0
7209 7.5592954252097098 -2.4214083691379695 -10.07376761749433 0
7210 7.3577129306983853 -3.1826348621802483 -9.8174843718037863 0
7211 8.1134304274671845 -2.4183948275540699 -0.89322254676746671 0
7212 8.4948873157405611 -3.4629699585923341 -0.58419980956792317 0
7213 0.48708477965018204 -4.0944471042686965 -15.119992656678566 0
7214 -2.099870923779974 3.8856353967297244 -17.03148286406455 0
7215 -1.6909394620295191 4.3138025746542485 -16.77184105493037 0
7216 3.153481240349655 -1.6562664518032713 -17.914307718292534 0
7217 2.662849494370727 -1.3989899270319592 -18.422688571603061 0
7218 3.9444434140353399 7.5038064297109672 0.98405387762614061 0
7219 4.042167787037517 7.4162096736970193 1.8005569969109074 0
7220 -5.6141168457953565 -1.5039152372108688 -11.776078122498959 0
7221 -6.3937519956322948 -1.2957094378449614 -11.980047015721267 0
7222 -5.5898418331901141 -0.69662472221189653 -12.357311332521441 0
7223 -5.305545169209875 -1.3746192731538147 -12.667610948637641 0
7224 -6.0851803190468123 -1.1664134737879073 -12.871579841859949 0
7225 -6.1094553316520539 -1.9737039887868795 -12.290346631837467 0
7226 0.79600850606102491 3.0858437115517763 -17.005193353473004 0
7227 1.4704458989523532 3.4586268003753773 -16.775100394194979 0
7228 0.32891189038626112 2.9999392093757851 -17.489274832808043 0
7229 1.0033492832775892 3.3727222981993861 -17.259181873530018 0
7230 0.54044467300851773 3.7184223695188345 -16.936562184669175 0
7231 -4.0658640770594969 -2.5340068210759905 -16.556218936571476 0
7232 -3.6527867301563979 -2.1913199821815184 -17.157468102316265 0
7233 -4.1839866022859811 -1.557865342620137 -16.96613169054487 0
7234 -3.6784232467000555 -1.9125973530433453 -16.276735239115698 0
7235 1.0667262584629353 6.2754101831628386 -10.156491709301259 0
7236 1.2498737833231135 6.5029085061859373 -9.0704215471269265 0
7237 1.8329697020273321 6.2505134645871774 -9.7653239792785271 0
7238 -5.3130333750196428 6.5870208115352558 1.639038029643241 0
7239 5.6107824986152384 -6.1456349299685824 3.3435341149201374 0
7240 2.0144672946726625 8.2027455294862079 -1.8526122322344976 0
7241 -1.0366948161169174 2.8018667878687409 -18.508681108993244 0
7242 -0.83015036301402201 2.55377875903456 -17.849607066948099 0
7243 -1.9819401796151452 8.2431186629438589 0.44148331289035647 0
7244 -1.6058056714256259 8.2908400845282255 1.1546305511016774 0
7245 2.3482944082845512 2.9241590047509245 -17.762010892331709 0
7246 2.5851376095566998 2.2400526233207243 -17.964111813920617 0
7247 -3.5025591626048644 -7.0029586376343396 -10.370971638656595 0
7248 -3.3711825521353838 -6.7026089915142073 -11.251789490628704 0
7249 5.4067915101065243 5.0524976158472867 -4.8821446512213988 0
7250 5.0538494114538182 5.2459678053366501 -6.0761538046880368 0
7251 4.6628101228618064 5.7322104997883248 -5.6363545304345255 0
7252 8.3598180788770478 -1.6344338974565824 -7.4495199203695783 0
7253 7.7568500749970815 -0.95639451177262136 -7.6441948752366669 0
7254 8.2261028988257348 -1.5959221459502837 -8.4109042475884515 0
7255 8.0049560587347734 -2.3385615022221815 -8.1613633424623409 0
7256 7.401988054854808 -1.6605221165382205 -8.3560382973294303 0
7257 7.5357032349061193 -1.6990338680445189 -7.3946539701105563 0
7258 8.0750791983067742 -4.6248353911310662 0.60610137957593202 0
7259 8.1117667162908837 -4.2811439150371298 -0.28400130536047008 0
7260 -4.462374234270853 -7.2326558430264489 0.043398480603984685 0
7261 -2.6076007994697719 6.0260500569101287 -12.185668521674486 0
7262 -2.9418320143174923 6.7896043885506057 -11.915895226488562 0
7263 -0.24055381568525161 2.946921530476919 -17.917328581919762 0
7264 -0.26068465694250925 2.6067964379334265 -17.421553317836384 0
7265 2.1809065106574104 -9.0080126440081614 -0.35661352785006534 0
7266 1.9478156423241106 -7.4876305943601045 -0.77134002396060852 0
7267 2.2077764951165832 -8.2056834452317773 -1.2735962865538402 0
7268 8.3395567314484165 -0.84317572475838876 2.6432150036296651 0
7269 8.2889729930132319 -1.5910868570686696 2.1561297862649162 0
7270 8.3882995072845326 -0.84317572475838876 1.7141803496324255 0
7271 4.2110960548184622 -2.4822851867550479 -16.443406144887845 0
7272 3.7166724128031556 -2.5167443613217477 -15.823547497989292 0
7273 4.1241379706707697 -1.6510472226468158 -16.10662071254205 0
7274 -2.8641892192157985 -1.0521745044586912 -16.389196915883318 0
7275 -4.888869431124796 3.1973250316134525 -15.076358826303171 0
7276 -4.2210662747065975 2.5758438314926515 -15.180979103748196 0
7277 4.659913398992682 -2.317252811814364 -16.077640616679552 0
7278 4.3930559147859336 -1.9560404225038672 -16.621803537998083 0
7279 2.2666064761007387 -8.1755678727331187 -0.09581176713390735 0
7280 -1.753407101159032 2.0763456535447582 -18.412604413382319 0
7281 -1.1664748764391235 2.3348661118592609 -18.74831349695323 0
7282 8.2614380830191276 1.7453849014063585 2.003206169323839 0
7283 8.7434388421906455 -1.9741471087087596 -4.8892100897675821 0
7284 8.9202249371104241 -0.96920247346188315 -4.509793396136307 0
7285 4.4579130661533881 -4.8769038468387436 -11.485364455164769 0
7286 4.3496253155784119 -5.6702692258111647 -12.150067706258675 0
7287 5.1159152909586965 -5.2871257976341575 -11.656220978524583 0
7288 4.7330205716079892 -5.0702377635799314 -10.758521688083729 0
7289 4.6247328210330121 -5.8636031425523525 -11.423224939177633 0
7290 -4.9485171172872917 6.9209018854154429 -2.0107882801628962 0
7291 8.0004394937626113 2.6863008421106107 1.9497277536464122 0
7292 -7.6813461055643497 4.4372128275363369 -5.3727961763439813 0
7293 -7.2320753448984361 5.0766478986007169 -5.4003108914534428 0
7294 -6.8284134836961741 5.8320870894821057 -4.3486593786067269 0
7295 -6.5659454409069777 4.7393152221420127 -4.9447724549462251 0
7296 -7.2776842443620886 5.1926520184177249 -4.3211446634972654 0
7297 -4.773674269692723 0.85128320823226789 -16.57958378560317 0
7298 0.7456794073081523 -9.2734861366072252 4.6427703541654708 0
7299 3.4530073021322485 -7.6464318678814056 -7.9311007071954194 0
7300 3.4641077917606076 -7.4564280184613967 -8.6117497480837422 0
7301 -2.9706105514682446 -4.6310677857626548 -15.644019599946439 0
7302 -6.4761432150411826 4.7128584719293194 -6.1182835071506503 0
7303 -6.738611257830379 5.8056303392694133 -5.5221704308111521 0
7304 -6.0724813538389206 5.4682976628107092 -5.0666319943039344 0
7305 3.84299698443278 5.8056215609260367 -12.67449566921235 0
7306 3.7519051643981687 5.0494024075785671 -12.504981077646066 0
7307 4.6066353714875596 5.4778393434175428 -12.331345201735147 0
7308 4.1246324058818313 6.0730609130783897 -11.819284450618133 0
7309 4.03354058584722 5.3168417597309201 -11.649769859051849 0
7310 3.2699021987924408 5.644623977239414 -11.992920326529052 0
7311 2.9242318262301223 -8.1641577785729691 -6.5587048577397251 0
7312 -5.7451948389717931 -6.2305770911625409 0.2276221983840824 0
7313 -6.1407405327533162 -5.8307740862836654 1.1525680130481006 0
7314 -5.5295691284770445 -6.4257496178869919 1.2001189273092294 0
7315 2.6915261218244617 -6.1423005678567097 -8.8778374241197646 0
7316 0.25504824176821822 -8.3536999228034432 3.3585951035541752 0
7317 -0.1765737425905298 -8.3767147795255354 2.598226579878578 0
7318 0.82206327553146219 -8.3580252786953579 2.5427998063968036 0
7319 -0.56154910067227304 -1.3584413530774613 -19.041749470279591 0
7320 0.0060056062885736616 -1.4470857951565934 -19.324357389281555 0
7321 -0.24062587953742959 -0.74305467283334348 -19.409917410754687 0
7322 0.32303656643377132 -0.77730431794540022 -18.966329751318352 0
7323 -0.72298605538691918 3.463838463419048 -15.852250095650019 0
7324 0.05018799133171524 3.7625315200398761 -15.747494799888406 0
7325 -0.62587621495920931 4.2983460620583189 -16.158828498443707 0
7326 0.11032294454658947 4.114778493010995 -16.737358433343154 0
7327 -3.2791174939846117 7.7294085360042946 2.638539243662537 0
7328 -3.5732714584141654 7.5104432318468044 3.3105124650941917 0
7329 -7.0662679574239498 -4.6726988938979659 1.2527473201780746 0
7330 -0.018304363513165084 -6.5110215769778019 -13.699321319107092 0
7331 -4.9597713699095998 1.4709196095258221 -12.921563688714656 0
7332 -4.9085388145965538 2.4226192835330833 -12.635689183794396 0
7333 5.5699219814884176 -4.283706162581109 4.6540502973975846 0
7334 5.3484519753841226 -4.7217328664499547 3.8381727772206711 0
7335 5.9846173567302667 -4.5202483991798985 3.692373152705331 0
7336 6.1476996731260609 -4.7488329015330919 4.1623009702798281 0
7337 6.2060873628345616 -4.0822216953110519 4.5082506728822445 0
7338 2.4070760817846399 0.57263731017008479 -18.892846029877006 0
7339 2.0276906931350522 0.61083320577674449 -19.100295198532198 0
7340 -7.6545857457202136 -4.4724257017754061 -5.5293122876104137 0
7341 -0.72576775939664584 8.6643693865057436 -6.4450255444739089 0
7342 0.078445601611153368 8.0718365117052251 -5.9154373487300012 0
7343 -0.5137401734971262 8.8551624281480574 -5.4717623001126343 0
7344 -1.4917648961091687 8.7111006181484179 -5.5312664768619566 0
7345 -0.68755153510136957 8.1185677433478993 -5.0016782811180498 0
7346 -0.89957912100088921 7.9277747017055855 -5.9749415254793234 0
7347 1.2676890020816982 -6.8884026283196498 -10.609686924955126 0
7348 1.2975335063839348 -7.7205667772698332 -10.142971624036097 0
7349 0.66956635580612933 -7.00590146987963 -10.107743188517141 0
7350 -1.3197831303434318 0.46099072627867804 -17.388279009297129 0
7351 -1.3406196357879183 1.2451948322220492 -17.24329105664982 0
7352 4.8403114988739837 -1.1887789216442513 -16.488064878942303 0
7353 4.7516585345216793 -1.8801865544726373 -16.195993711991438 0
7354 8.7734025006102776 -2.0265778669265888 -3.9449619566474974 0
7355 1.1301023436960556 -9.2219570128156576 0.5168576625413569 0
7356 5.0136280125457624 -0.7805602154510245 -16.399871619651687 0
7357 7.5273636633067529 -1.1561959774690587 3.0300906175307736 0
7358 7.4852285498456492 -1.0981353695132776 3.7883711533037348 0
7359 7.5779474017419375 -0.40828484515877794 3.5171758348955224 0
7360 -7.0280718921244709 5.8949015784161514 -2.7399429400368494 0
7361 -6.5932944585649205 5.1995259839265842 -2.9136354908618394 0
7362 -6.5970610132642662 6.1901300075129697 -3.7194283912745192 0
7363 -6.1713655310853062 6.7275589585504969 -2.4210435699598722 0
7364 -5.7365880975257557 6.0321833640609288 -2.5947361207848623 0
7365 -6.1675989763859604 5.7369549349641122 -1.615250669547192 0
7366 3.365478041542123 3.1044160951063482 -14.482481835532099 0
7367 3.6051951490361946 2.4159760449827417 -14.857680873434017 0
7368 -0.81437921895596266 -1.2575967382943838 -17.429414218286237 0
7369 6.5584649969268476 -5.2989914239705662 4.0735144340832097 0
7370 5.7592172991849093 -5.271891388887429 3.7493862410240517 0
7371 5.9222996155807035 -5.5004758912406224 4.2193140585985498 0
7372 -6.9240770244488354 4.9016623544144693 0.63788084524177591 0
7373 -0.21420753901156167 3.6508391382356589 -17.999320467381541 0
7374 -0.80380408634033207 3.2576963667932999 -17.931598952409878 0
7375 -0.52810941203056716 2.9652428013697349 -18.496005385297089 0
7376 -5.3439787959790808 0.68304737793131443 -12.454785610686077 0
7377 -5.8424611960198067 0.60678630313041215 -11.872702912048172 0
7378 -5.1517671397538685 3.3478096525320886 -14.550912749617247 0
7379 -5.6308483691597138 3.0502870457176394 -14.166250630998654 0
7380 2.3346575256222466 8.8742276968022118 -2.9052637287084058 0
7381 -3.1466911273586131 1.6074074999567733 -18.053096675826122 0
7382 6.834101081787229 0.89612700690255132 -10.781317347502462 0
7383 7.6448234487699427 0.89230157018055722 -10.612488826937339 0
7384 7.2651541828944106 1.1551350478341158 -11.736836841880525 0
7385 7.4321310572007668 1.6400722416522235 -11.006555364384873 0
7386 7.0010779560935852 1.3810642007206591 -10.05103587000681 0
7387 2.2456544448213029 3.4355402876692658 -15.244147288910634 0
7388 -2.1746101188547282 2.4779449264964857 -16.182555453877448 0
7389 8.4806310557538627 -2.077155535435721e-15 1.2527768582123464 0
7390 3.497173272718463 -2.4326610917798508 -14.89351793103647 0
7391 3.8634724673212038 -2.3331902783116329 -14.514512735005674 0
7392 4.3501639120339064 -2.5019110303680847 -15.161887088827042 0
7393 3.9043040101648145 -1.8435388599008609 -14.915083437402153 0
7394 3.5380048155620738 -1.9430096733690791 -15.294088633432949 0
7395 0.48030971979364345 3.3661753965477152 -15.946698551214427 0
7396 -1.7998728710052982 -3.8535705071747266 -16.339391953568551 0
7397 -1.3502236656427922 -3.5637866742276314 -16.884356476174787 0
7398 -1.1332823734658632 -4.1392153874243354 -16.261694366484697 0
7399 -1.9373896021638806 -4.5534501187643741 -16.39444578701843 0
7400 -1.4877403968013745 -4.2636662858172789 -16.93941030962467 0
7401 -2.1543308943408097 -3.9780214055676701 -17.017107896708524 0
7402 -5.2483592805568851 -2.7111203797368395 -11.555297272551222 0
7403 -5.6820037843606581 -2.2344812122065716 -10.983921673533763 0
7404 -5.4464320684093508 -3.1183080654649205 -10.485228061388913 0
7405 1.4242670281447403 8.3697487323564506 0.54858960006436686 0
7406 1.6663309918361824 8.3171285300490343 1.1473833710479098 0
7407 -5.5060326561841659 -0.11461164271602545 -15.647997710021427 0
7408 -5.3573787084215461 0.53729635535588049 -15.858749626964126 0
7409 2.121670733119231 3.5782281569404923 -16.482361137841174 0
7410 1.9701544949212391 4.4007854192936353 -16.576596984902089 0
7411 1.7818342710234325 3.9354839914090727 -17.191955930116734 0
7412 1.318929660754361 4.2811840627285207 -16.869336241255894 0
7413 1.6587661228501596 3.9239282282599408 -16.159741448980331 0
7414 0.99877977763840409 9.0285110935559576 -3.6164947389844406 0
7415 -0.07737395700207797 9.0856672594978125 -3.1276763032010546 0
7416 4.7942517236362754 -5.658168292604361 3.7433571539627799 0
7417 4.3922019669042021 -5.9397217511477143 4.5592346741396934 0
7418 4.9573340400320705 -5.8867527949575535 4.213284971537278 0
7419 4.9464022186520484 -5.0032863249933079 4.6540502973975846 0
7420 -0.055245333177122546 8.4051764346100395 2.718215191082356 0
7421 -0.39307061485512307 8.4409772825611746 1.8802731025605146 0
7422 1.0663601246821244 1.5344174629686331 -18.949623613195648 0
7423 -6.2690259498556546 -5.6887143005601768 -1.340309140662205 0
7424 -5.8290439936989955 -6.0722826982894729 -1.9729947844064835 0
7425 -5.8750495247702794 4.5161305423156382 -11.722196083445278 0
7426 -6.1307231252461278 4.4830958933069329 -11.009399316305647 0
7427 -1.6922351297142433 2.8437617418810515 -16.182175044452173 0
7428 -1.2833036679637884 3.2719289198055757 -15.922533235317992 0
7429 -3.4184712579089744 1.4390181493634209 -15.614549937414004 0
7430 5.9503362348829825 3.0639595973463116 -13.356404791658836 0
7431 7.0792915130511203 3.2454280720544446 -7.5313696592876322 0
7432 7.8594463328371011 3.2967005614735472 -7.4699453554547954 0
7433 7.3539718219134489 4.1252517833155462 -8.158986597771392 0
7434 6.7553973411502852 4.1503406244372574 -7.2622025281233569 0
7435 7.5355521609362661 4.2016131138563608 -7.2007782242905201 0
7436 7.2608718520739366 3.3217894025952583 -6.5731612858067603 0
7437 1.9124427718171533 8.2540735423575811 -0.32281139576283924 0
7438 -1.1848235426486748 2.2385654058229902 -16.764980470108746 0
7439 7.7787908812102753 5.012131869331121 -0.41919891698029077 0
7440 -2.3562504495062293 -4.4190059339547556 -13.635697559949207 0
7441 3.6784582905313714 -3.3186784363851629 -16.307191849790065 0
7442 4.3527813326057334 -2.8141936870207278 -16.046102143024296 0
7443 4.3119497897621226 -3.3038451054314999 -15.645531440627817 0
7444 3.6758408699595444 -3.0063957797325198 -15.422976795592813 0
7445 1.4038530702818479 -7.2700010990702513 -11.710534878932652 0
7446 0.79529301240062122 -6.5041560765401538 -11.989881467805102 0
7447 1.6051688791665664 -6.5534373370065122 -11.34439720814774 0
7448 2.4725120074555358 -2.3829815105724297 -15.943179693863495 0
7449 2.4184358741776184 -1.6806101405147809 -16.555153697874914 0
7450 -3.1056572002946483 -5.4773593289526588 -10.281045018704454 0
7451 -3.237033810764129 -5.7777089750727928 -9.4002271667323445 0
7452 -3.8207823756021129 -5.2175236387940807 -9.7465520027997865 0
7453 -2.2602532146758145 -3.1035734379790263 -17.708835778350213 0
7454 -1.6313561689718306 -2.8488734811026895 -17.328231233991275 0
7455 7.5678691973189727 3.6897403897148009 1.7914757025327539 0
7456 7.2366918289629192 4.2733704431378268 2.564133852692879 0
7457 7.4199137845133496 3.8251304113480513 3.4349279028716388 0
7458 7.7510911528694031 3.241500357925025 2.6622697527115138 0
7459 -2.4568022201353612 -4.6246444425106823 -16.098194383899333 0
7460 -2.5073042591687402 -4.965040475579082 -15.540902691908006 0
7461 -1.9308070228055665 -4.9129619555271393 -15.962734736963384 0
7462 -5.2928082441961752 6.0798527336740777 -9.6592049385287559 0
7463 -7.4735396225599695 -1.4028630334778698 1.4247130147140847 0
7464 -3.0126850492302677 4.1946602222590954 -13.56841370833812 0
7465 4.3788428855953789 6.3422122224455642 -1.6264394811407425 0
7466 4.9652094033949208 7.7405950984244196 -1.3961419654927252 0
7467 4.4428051275859346 7.102099730196878 -2.4904758030306642 0
7468 7.2613995594733165 4.3854705904411855 0.89911643166983768 0
7469 7.5125884424785108 3.9032476369644904 1.1023053326583794 0
7470 6.8310100595867915 3.6216376240201469 -0.064445800117155172 0
7471 7.9173747891784796 4.7609891718712731 0.42094884623903606 0
7472 3.8911376219153557 8.2727437518991227 -2.9650372909291893 0
7473 6.9965791716251244 -1.908236603339617 -12.204072621433763 0
7474 7.0060259881349829 -1.4477911765341558 -12.404210001861619 0
7475 7.216676141025463 -1.4820375842138422 -11.84367294648484 0
7476 2.3566202502983806 4.2769757104266528 -16.5288769747937 0
7477 -6.2634095406306596 2.223248167783527 -13.63185643644392 0
7478 -5.5097003544610068 1.8329970849234689 -13.472786672077621 0
7479 -5.4584677991479609 2.7846967589307301 -13.186912167157363 0
7480 -5.2298289771890873 6.4693090562616025 3.4376507976926107 0
7481 3.3068399004894786 6.0892452481161046 -12.795770321203243 0
7482 3.5884753219385299 6.3566846002684567 -11.940559102609026 0
7483 0.13373239039613977 3.4484759418143405 -18.160495864843494 0
7484 -0.18016948262286572 2.7628796049484166 -18.657180782759042 0
7485 -4.2660796287236966 0.11331064401171337 -17.182526938125889 0
7486 -5.1199471189671932 -3.3267186647048774 -11.002175295029296 0
7487 -4.9218743311147266 -2.9195309789767969 -12.072244506191605 0
7488 -4.6863360038916682 -3.6775972375073449 -11.597661544095926 0
7489 -5.3151996734069318 -3.8143445464350174 -12.066982041638024 0
7490 5.8746363001492803 1.8498097432132603 -14.41568870213435 0
7491 5.988390027433546 2.3428675789238516 -13.813844161449907 0
7492 6.2515854207633916 1.8959786383616657 -13.629352189300505 0
7493 -1.9097235560682426 -5.2605588507811927 -15.466524402418273 0
7494 2.0255761476175991 3.2209313918428335 -15.634059853135186 0
7495 2.3878717540850909 2.6511201810939724 -15.830368305090122 0
7496 1.837255923719793 2.7556299639582704 -16.249418798349833 0
7497 -7.4684005682650092 -3.9871212953531234 1.3308195716510944 0
7498 6.0049796881685307 -5.8232542826682456 -8.0531619018066589 0
7499 5.6571974758291113 -5.0993892620152419 -7.8634505678376732 0
7500 6.7797681318386935 -5.0312111007325644 -7.8295467185603238 0
7501 6.3260216711533186 -5.3841570927543811 -8.632113807835939 0
7502 5.9782394588138992 -4.6602920721013774 -8.4424024738669523 0
7503 7.1370284463902856 -3.820062267964158 -9.6420081486941598 0
7504 -6.2945661188424209 -4.914479321741581 -9.8474483496318381 0
7505 -5.9624705829152242 -4.2162927657701026 -9.7047431665089938 0
7506 -5.2718085043179546 -5.0178057459405769 -9.559756375586522 0
7507 2.227897995007508 3.9068212506801463 -14.522034009771009 0
7508 4.3688879840225958 4.0908272122509892 -11.401775712608419 0
7509 5.0510645105663521 3.4406300381384201 -10.93932456828141 0
7510 5.368099363832858 -6.4369113173950279 4.1244984353406586 0
7511 -7.1269029798453314 3.9458919599054956 -4.7600517335409851 0
7512 -7.8386417833004414 4.3992287561812082 -4.1364239420920255 0
7513 -6.7232411186430694 4.7013311507868849 -3.7084002206942692 0
7514 1.5813336754162544 -9.0334259734672848 -1.8542454035256801 0
7515 2.7196756486005613 -8.8051679739166353 -1.6821252565365792 0
7516 2.0726583553213356 -8.1113308619210009 -2.248263791042044 0
7517 1.7164518152115025 -9.1277785567780612 -0.8795778990374763 0
7518 -3.0658579162150512 -7.8361512657179482 2.4227425893499177 0
7519 -3.9028322346867488 -7.4325113267637066 2.4259433334598981 0
7520 -3.4855552541842729 -7.7160069863793774 1.5914483940162261 0
7521 -2.952085441130583 7.8926923772910111 1.764538541218001 0
7522 3.167152208424997 0.18624691037389762 -16.304038217815105 0
7523 3.3800680094493121 -0.64491741666815972 -16.060061051183759 0
7524 -1.6288156135097493 -0.014832199184723796 -17.295698629345679 0
7525 -2.2555749734105239 -0.40151760308619616 -17.058516793528337 0
7526 -8.4246770683238186 -0.36073171162750473 -2.6544001609155319 0
7527 -5.5487456343975614 1.4250353821851227 -15.118756447858946 0
7528 -5.4032412444118716 1.0990635550718633 -15.675271438099895 0
7529 -0.78276751311737081 -7.3597797402129341 2.8721832764439692 0
7530 -0.35114552875862276 -7.3367648834908419 3.6325518001195665 0
7531 -0.10672429032081696 -8.8317645327159759 3.5927799689116653 0
7532 4.431877798716819 7.1409572526578735 2.7048155655191954 0
7533 -0.28435912358628734 -7.8962983238460289 4.433368332738528 0
7534 4.5172341022657365 2.1996084348449458 -15.07315062777576 0
7535 4.8254416084810039 2.1353897644113742 -15.894090195251852 0
7536 5.3158107355938178 1.7604497930036653 -15.364636578540242 0
7537 4.6561171078655219 1.3308517515210689 -15.352881403117815 0
7538 4.9643246140807893 1.2666330810874968 -16.173820970593908 0
7539 4.165747980752708 1.7057917229287776 -15.882335019829426 0
7540 7.882315709411742 -2.5922503578056477 -4.2769294281221679 0
7541 8.1328037626209611 0.12863329717260857 3.9982727856905615 0
7542 7.3423342660524815 0.53691814233138491 4.5183456491882659 0
7543 7.4808540650922115 -0.40828484515877794 4.4799271365023001 0
7544 8.0927806343477613 0.10497663074477942 4.4799271365022975 0
7545 7.9542608353080304 1.0501796182349423 4.5183456491882641 0
7546 3.1433623023678203 -5.6821554881853702 -9.6924195234436699 0
7547 3.6581999932440805 -5.2320200485687991 -10.17130900041405 0
7548 -5.2895063327817446 -1.8454543046667835 -12.383975889151598 0
7549 -5.5980780093672262 -1.9747502687238376 -11.492443063012916 0
7550 -0.46826488870738708 -5.7972693054951598 -13.688529822194983 0
7551 -1.5600234203561056 8.6082726698773335 -6.5680311207648412 0
7552 -1.733834781960349 7.8716779850771754 -6.0979471017702567 0
7553 -4.157075328003903 -2.9538492257771862 -16.19699361418246 0
7554 -0.40073213811962116 -3.1012831544645003 -16.407385877218481 0
7555 -0.96476567143239544 -3.1345183613522982 -17.250533646907421 0
7556 -0.68186464144865944 -2.3863699613395579 -16.851260635034969 0
7557 8.1186533553051206 -2.4646346134235628 -7.4590103344929517 0
7558 8.9804208882930858 2.0348420885087011 -1.2748880660029716 0
7559 9.1605433512204222 1.0470463732024187 -1.4764079125185425 0
7560 5.7410469715255719 -2.773754588017542 -14.005611108836359 0
7561 -4.2810283554475657 -0.79986376954748351 -14.845699562129305 0
7562 -4.0207848378079536 -1.4346559160124945 -15.007627843923675 0
7563 6.072805683716175 0.39481695256329052 -10.669998386766085 0
7564 6.6165410412248065 0.37863515226896205 -11.361108776058465 0
7565 5.9106964584030646 1.1751422848504385 -11.214554973153266 0
7566 6.2903657242785975 0.9123088071968799 -10.090206958210082 0
7567 6.9962103071003394 0.1158016746154035 -10.23676076111528 0
7568 1.9007595291375212 -2.3793172490623768 -16.419789295545456 0
7569 7.218871429040882 4.5628010309086484 -7.665451932085392 0
7570 -6.4270633365357162 -5.4382478097191527 1.6737305230734818 0
7571 -6.0435097790305363 0.75132609140938023 -11.280776771099344 0
7572 -6.1184808992856325 1.3668603212596508 -10.241602230663887 0
7573 -6.3539354963231354 0.52005991684029107 -10.221015652527552 0
7574 -8.283115442009823 1.7601942132521828 0.74584253749700513 0
7575 -8.0982019351611481 2.5341198169653349 0.70730789269104066 0
7576 -2.773508978023703 -1.6835688692372666 -16.188840349429245 0
7577 -3.186586324926802 -2.0262557081317389 -15.587591183684459 0
7578 1.3167902078479803 -0.053163325644730142 -18.597491163505996 0
7579 3.9998751339987595 -0.12847526277637231 -16.642669046124261 0
7580 3.7355784580083644 -0.31472217315027062 -15.807969296816093 0
7581 4.2127909350230741 -0.95963958981842967 -16.398691879492915 0
7582 -5.1621338862440052 2.3639805088176562 -15.134765999491901 0
7583 -4.4943307298258066 1.7424993086968552 -15.239386276936928 0
7584 -4.7073983224785856 2.3294539309342941 -14.590494770284867 0
7585 3.0107345449876326 -5.1125669012747839 -11.271362290796922 0
7586 -5.9414628675888839 -4.4825597969908575 -11.663030298225671 0
7587 4.2494035716362397 7.3439345198379833 -0.5055270930601764 0
7588 7.1346337972126177 -2.0664947863657446 -11.724911927851204 0
7589 -2.3495017640230573 8.7493459200919865 -4.0285312043885106 0
7590 -1.9323804573923788 8.7189665531502207 -4.8985297809937327 0
7591 0.9529624163873045 -2.2350095074953136 -18.573667718911878 0
7592 -4.3504182888654377 0.39748500282617877 -14.84677542578325 0
7593 5.9469379042194284 -3.3288282575443029 -13.207087775722815 0
7594 -0.90094977410577171 -1.2029713970532008 -19.019673104043818 0
7595 -1.1086151463755654 -0.65327003170072739 -19.357906063871752 0
7596 8.1008923039639562 -2.5267238767482461 -0.0026739546874864906 0
7597 8.3220688236767195 -1.6617590180503474 -0.50783683070533781 0
7598 1.2550860773545072 -3.6904772976295566 -15.329423476594815 0
7599 1.0325459698230575 -4.1962295068433928 -14.864585121129146 0
7600 -0.76921447294206668 -0.8087399877249879 -19.379982430107525 0
7601 1.0650741085007569 4.483225160089698 -16.716954997919117 0
7602 1.499466627633637 4.5393455488303784 -16.485504245247053 0
7603 1.5688345875724408 5.0701479508287344 -15.894686341842871 0
7604 1.1344420684395606 5.0140275620880539 -16.126137094514934 0
7605 0.16397574161653661 4.1359100862864642 -15.258242962626156 0
7606 6.9280582904650814 3.2151924697610434 -8.403019266311107 0
7607 7.7082131102510623 3.266464959180146 -8.3415949624782701 0
7608 7.4335328013887345 2.3866412479190444 -7.7139780239945104 0
7609 -5.9992392175078351 -6.0080678115357156 -0.55440226351528965 0
7610 -5.0745956150154425 -6.7975513889540755 0.41409090386332192 0
7611 3.9838351757621391 -8.1791545227113058 -3.3919006615508187 0
7612 0.81749188013241825 -3.047219807235849 -16.335501617070939 0
7613 1.1146921835610906 5.7265490075277343 -15.08096598218404 0
7614 0.36177174921539934 6.0836057715713139 -14.500011111074942 0
7615 2.496819633590714 8.1015502089347073 -1.1277538962077456 0
7616 3.1874007105458779 5.6382473322162063 -13.754108348588822 0
7617 2.6313724173664186 5.1816380679669383 -13.635453589735272 0
7618 3.4509197826962486 4.8773574171239531 -13.159115767849212 0
7619 0.68371384742005781 -0.70723804391162837 -17.591358086667441 0
7620 1.2096169928838634 -1.0184596751545247 -17.567457541365894 0
7621 1.3047923237231545 5.3559934440950023 -14.322141070501075 0
7622 0.55187188937746334 5.713050208138581 -13.741186199391976 0
7623 1.273207298723356 6.2166107759311986 -14.132262154159346 0
7624 4.6116358435515679 7.8772020362441069 -2.8138867639101424 0
7625 5.4101023269127779 7.4408418517428121 -2.0207457737738208 0
7626 5.33603137391973 2.2388906486227853 -15.074084765400082 0
7627 4.8456622468069162 2.6138306200304942 -15.603538382111694 0
7628 6.5418556855103738 3.9144405208357336 -10.973613873854406 0
7629 6.8299268509487483 4.0436579434869175 -10.256280254441865 0
7630 -4.7481906878547724 2.0824727840097537 -15.986021609500302 0
7631 -5.2345227356267605 1.8360828834513963 -15.395537276036972 0
7632 -5.8550501274810127 1.5026165518294774 -11.006581380970042 0
7633 8.309923029512019 0.69118464259869028 3.3575452107553465 0
7634 8.0209159985584932 2.2887313715929904 -8.5750442135466649 0
7635 7.527839586241754 1.5660655706294193 -8.1914923489516731 0
7636 8.2664560059975507 1.4983912965967665 -8.1809089314803529 0
7637 8.1721492211445312 2.3189669738863916 -7.7033946065231902 0
7638 7.6790728088277929 1.5963011729228205 -7.3198427419282002 0
7639 -7.0250300257278111 -0.40114202475561567 -7.8336865533662907 0
7640 -7.1452586178377056 -0.15574806731430507 -6.7699545836028445 0
7641 -7.8147464491423655 -0.20656407349891306 -7.5297186003736334 0
7642 -7.7361466306480935 -1.1353395776884332 -7.4870195646280369 0
7643 -7.8563752227579879 -0.88994562024712265 -6.4232875948645898 0
7644 -7.0666587993434327 -1.0845235715038253 -6.7272555478572471 0
7645 -2.4418340122116495 8.1186901775845453 1.3029724434848586 0
7646 -6.4058029652891122 -5.3817944685572723 2.4507228533203502 0
7647 -6.9920693879680336 -4.642588978371788 2.8550300167963254 0
7648 -7.0133297592146366 -4.6990423195336692 2.0780376865494565 0
7649 1.7103776329751681 4.9260115932691768 -14.84681026643652 0
7650 1.6787926079753697 5.786628925105374 -14.656931350094794 0
7651 1.8688927481374336 5.4160733616726411 -13.898106438411828 0
7652 1.4286122303816495 5.4459750610907598 -15.430277238336476 0
7653 1.9927126547959286 5.5060549786683985 -15.00624260624723 0
7654 -5.6622993116866462 6.2127136680984272 2.5399638881588391 0
7655 -7.5691712294220022 -1.2153797084136571 -8.4887359783824614 0
7656 -6.8996833981173413 -1.1645637022290489 -7.7289719616116717 0
7657 -7.6108000030376237 -1.8987612551618667 -7.3823049728734169 0
7658 -2.8318682003746884 -7.1345543887294545 -10.904174255963877 0
7659 -2.7273713272342421 -6.7256460433541161 -9.9520059447365412 0
7660 -2.5959947167647615 -6.4252963972339838 -10.832823796708652 0
7661 -2.4633847994936753 -4.2651326057479171 -16.529905433954379 0
7662 2.0977756450922982 -4.615350818386208 -13.383528851911041 0
7663 2.0559799816117668 -4.3042237631020068 -13.91788024991309 0
7664 2.9395599658633143 -4.2123020613813082 -13.253749558934985 0
7665 2.8977643023827828 -3.9011750060971067 -13.788100956937036 0
7666 -4.0636588759220826 -5.2325212223032258 -9.1556583663429727 0
7667 6.0275353698303347 5.9259817925109015 1.4788990245387197 0
7668 3.5685705592419747 7.6512594388043169 0.074716689678751946 0
7669 3.129437593960553 7.8779944977149601 0.7911523587835696 0
7670 2.7664683333095996 8.0352828939216945 -0.21065394568095178 0
7671 5.2860791857351419 0.95850312686702344 -12.660197258017993 0
7672 5.3488936449562692 1.541412884321683 -12.343600214217728 0
7673 5.6325443583876034 0.57948024227805439 -12.127517946542584 0
7674 5.6953588176087315 1.1623899997327141 -11.810920902742319 0
7675 -1.108031600374104 -7.1037235488283201 -12.26418482415648 0
7676 -1.230816483265293 -6.811443265645023 -13.013075824962103 0
7677 0.18163511532202978 2.2170429935127265 -16.89558915936961 0
7678 0.3931678979442863 2.9355261536557755 -16.342876511230742 0
7679 -3.8627182229549097 -6.3242122944620318 -11.475856795169848 0
7680 -3.6284781220318845 7.3532818306596592 -5.2769624040353786 0
7681 -4.7821747905696608 7.5387629651057253 -5.316409794860208 0
7682 -4.5567943638271835 6.882955680950019 -4.7972966057636217 0
7683 1.5965916056358969 -8.1497680693677275 -3.064498775219695 0
7684 1.4696398194942617 -9.0186106957255312 -2.6016105444846929 0
7685 2.1319150429931302 -8.8287899036216082 -3.245725381673243 0
7686 2.7349335788202036 -7.9215100698170788 -2.8923786282305941 0
7687 2.6079817926785687 -8.7903526961748817 -2.4294903974955919 0
7688 1.8477678560476789 -5.0242467992810793 -12.713140412287398 0
7689 4.1780839031205659 -4.4115987612519074 -10.986528874541467 0
7690 3.6869014331948806 -4.9880761061701016 -10.753532835194518 0
7691 3.4117939277402805 -4.7947421894289146 -11.480375602275558 0
7692 -1.9904747424354214 -2.0707585620891735 -16.560808649228264 0
7693 -1.2463508159824517 -2.1788785693477242 -16.873352443274278 0
7694 4.0765647523545168 0.63864833541329535 -17.33789587936533 0
7695 4.2749376004598414 0.18624691037389735 -17.160161266146304 0
7696 4.7115286514283925 0.41851751980244967 -16.671825180170408 0
7697 3.8680399353839428 0.60476443017634829 -16.650401881147374 0
7698 4.5131558033230679 0.87091894484184773 -16.849559793389432 0
7699 4.5877171160724801 -7.0452829645498269 2.6343110466069994 0
7700 4.9464414243798158 -6.8548570872504708 1.6778153217463241 0
7701 4.1759937404037553 -7.3176781694688655 2.0225924701377656 0
7702 2.9888154477498921 1.312068089593899 -16.240576166551289 0
7703 8.5380632604130735 -1.1250034912691285 -7.0897631034000659 0
7704 1.8681819107072366 7.8209151685357661 4.2232272585905353 0
7705 0.94133169791206395 7.5337005911720523 4.2042278867460006 0
7706 2.0211736291519569 7.4218219409315562 4.6384773545093676 0
7707 1.0683447079847297 7.8004029407863174 4.565750532236633 0
7708 1.9951949207799022 8.0876175181500312 4.5847499040811677 0
7709 -7.6408688360889716 -3.3384171780060434 3.5983832696596272 0
7710 -7.8007793706157713 -3.092060866420316 2.810641460486202 0
7711 4.082210372741633 -4.3662219529003403 -14.744101370874294 0
7712 4.2274337426830195 -4.6970121587824529 -14.045594852931945 0
7713 4.5414154608700379 -3.9577718775752064 -14.65857820262103 0
7714 3.9953506510032768 -3.7308027299861033 -14.148333036741478 0
7715 3.8501272810618907 -3.4000125241039902 -14.846839554683825 0
7716 -3.595545852611322 -0.95128991425943399 -17.736021906458234 0
7717 7.3239861063485154 -0.62229038038884443 -11.936842544167789 0
7718 7.1133359534580354 -0.58804397270915809 -12.497379599544566 0
7719 6.4525648872504169 -0.9844374755439651 -12.234342724635649 0
7720 -8.4915517239658111 -2.2373954400090579 4.5303065793441473 0
7721 0.86348233943573949 -7.9862957215960417 4.5778251045953517 0
7722 0.80396527488929104 -8.4854965787068402 4.2205954587608225 0
7723 1.5244789976152568 -8.7828138468037871 4.5778251045953517 0
7724 -3.9536078078720109 1.7011272822868282 -14.690862902579052 0
7725 -3.4672757601000228 1.9475171828451856 -15.281347236042382 0
7726 -3.6803433527528018 2.5344718050826249 -14.632455729390323 0
7727 0.38929622344864701 2.8158972838472827 -18.229127033647323 0
7728 -6.0216996200003878 1.9963193473681007 -10.11279262398217 0
7729 -5.7582688481957689 2.1320755779379277 -10.877771774288325 0
7730 -2.8435639244017157 -8.4019303369688618 -5.5003053283731687 0
7731 -3.6259708664979442 -7.905681146377102 -6.2621342370999065 0
7732 -2.2001429346289663 0.53628812574942553 -18.599191939813693 0
7733 -1.6374113341258905 0.70325057250662948 -18.378130429139382 0
7734 -1.1666931670669167 -3.6373740628449123 -17.652411608638772 0
7735 -1.4478256703959551 -2.9224608697199699 -18.096286366455256 0
7736 -1.8332836646063519 -3.3517291825953035 -17.730109195722623 0
7737 -3.9412383476779507 -2.1597853609069455 -14.382640100385734 0
7738 -3.543047648082438 -2.799384509714228 -14.487870947386822 0
7739 -3.6951980839962415 -1.9313312042534174 -15.107646390277917 0
7740 -4.7125151215541408 -1.9576886918153833 -14.939278363766658 0
7741 3.6111225829827731 -7.6852124196850795 0.81109447052888495 0
7742 -0.64844595708528119 -0.89624038436266007 -17.590413102469967 0
7743 -1.3671278170776344 -0.91927095930672209 -17.517250240396478 0
7744 -1.209048839881872 -0.15627907375984351 -17.448921775543376 0
7745 -6.0271832691821965 5.9008324766424955 1.9006879681878006 0
7746 -6.5675923628087514 5.3087439183623353 1.2348551086862063 0
7747 -6.6710077990972696 5.1553795432515184 1.918842112706169 0
7748 -2.6586958505555609 3.5539286692901806 -14.640181487996514 0
7749 -3.1853220012747512 3.0143676567689957 -14.799932401875388 0
7750 -3.1412640753195675 3.7701749042281385 -14.024134774742326 0
7751 3.3082107683283528 -8.6200023044865013 -1.9605330323190162 0
7752 -0.74999646717840052 -1.9751970731591966 -17.135726804269044 0
7753 7.1946537274172186 -4.3479549928546604 2.4795210176735987 0
7754 8.0667319208941617 -4.4991817647005483 2.1517429761689608 0
7755 6.6670400007724657 4.523922626024941 -9.7873505087432289 0
7756 -2.8360505595536827 4.8073474504025171 -15.507421315008111 0
7757 -7.4485529514129496 3.690416218794816 -8.886615945364829 0
7758 -7.6526384935045169 3.2701576329552045 -8.2483619750547987 0
7759 -1.776659497994026 7.2216633263977599 -11.792609625262639 0
7760 -1.8179226754584352 6.3254425385807069 -12.205014413010606 0
7761 -1.3380211228386343 7.0333054460038849 -12.318879083399782 0
7762 -1.0653063696035594 7.3035645792093442 -11.550682290266824 0
7763 -1.1065695470679686 6.4073437913922913 -11.963087078014793 0
7764 -1.5452079222233603 6.5957016717861663 -11.436817619877647 0
7765 -1.8652252106068443 -3.3245331190709959 -15.671555919412366 0
7766 -1.3392300132770498 -3.6128506320874525 -15.536096272476417 0
7767 7.3654364539528387 -5.0393145668349124 4.5082506728822445 0
7768 7.0354501010723283 -3.9376129513574454 4.5082506728822445 0
7769 8.0158186114201353 -4.7343908492443774 4.680478898848051 0
7770 7.6858322585396248 -3.6326892337669108 4.680478898848051 0
7771 7.4342472119395016 -4.2424247166724998 4.1887295717302955 0
7772 7.196577570847551 -2.5804968201909562 -0.22700402861298535 0
7773 7.1598900528634424 -2.9241882962848926 0.6630986563234168 0
7774 8.4581997977564516 -3.8066614346862711 0.30590287536847899 0
7775 -5.1536810374627571 1.038526312109751 -12.799376500563856 0
7776 2.4690412568332452 -6.9933612401644893 -4.9817439800820615 0
7777 2.1294167583381665 -7.2154716810043809 -4.0013421421947344 0
7778 -5.161530992226198 -6.6788099971553434 1.7340278244373621 0
7779 -4.7065574787645961 -7.050611768222427 0.94799980099145476 0
7780 4.293552566949308 7.0927730340982 -3.6356605697300637 0
7781 5.2608497662761522 7.4315151556441341 -3.1659305404732199 0
7782 5.0920190503105172 6.6564128495969044 -2.8425195795937417 0
7783 -1.1451893616051765 8.8421565972444789 -4.8391112809601537 0
7784 -0.16716463899313397 8.9862184072441202 -4.7796071042108306 0
7785 -0.44798932757490384 9.0049699337584421 -3.8406346181180675 0
7786 0.0096484989289031542 8.2813810798618626 -4.0032016182759635 0
7787 0.85907525214525893 -7.4755669962433835 -11.429490137699178 0
7788 7.8159140350417609 2.9046805705537078 3.4180926851770366 0
7789 1.9385407829884467 5.2593662761495068 -15.419287158450958 0
7790 1.7281340827889631 4.4547306302582967 -15.568923545576148 0
7791 2.9662969857717023 6.0031616377621955 -13.307775392147009 0
7792 2.2038173165427173 6.2375969314678983 -13.570428240823565 0
7793 5.230544550956834 -6.5937774880976052 2.4023341630021235 0
7794 -1.0572880853185236 8.3458905068446469 2.3864026822565778 0
7795 -0.71946280364052317 8.3100896588935118 3.2243447707784192 0
7796 -7.141515258227078 -3.0235650479192961 -10.58071526766123 0
7797 -6.6056621953859533 -2.4588014705675496 -10.496121299000041 0
7798 -6.3700904794346469 -3.342628323825898 -9.9974276868551897 0
7799 4.0477083220123662 6.1034199472563699 -5.9948300502916911 0
7800 -6.9312206691379767 -2.1974899768285572 -11.970572899583257 0
7801 -6.9069456565327352 -1.390199461829585 -12.551806109605739 0
7802 -6.6226489925524952 -2.0681940127715031 -12.862105725721939 0
7803 -6.3885368567238316 0.091458331149026906 -13.898231589640826 0
7804 -1.6954603510161863 -7.0895288237676954 -11.930620310090127 0
7805 -1.9183510889619413 -6.7950979238864857 -12.644981535684938 0
7806 -1.6710291117417622 -6.3056316898595437 -12.18022522536447 0
7807 -2.5057798396040236 -6.780903198825861 -12.311417021618585 0
7808 3.5596186769715157 -7.6224504381647833 2.6111734374530817 0
7809 3.9713420526402405 -7.3500552332457438 3.2228920139223156 0
7810 4.1893780304822137 -7.340159459590252 1.2726069980057058 0
7811 2.4967036541743877 -0.80824318528544259 -16.778186507181097 0
7812 -6.6186752811567171 2.0890754220231194 -7.5153966196624493 0
7813 -6.9607079434236274 1.1146538983656267 -7.5532588306892086 0
7814 -6.9627094538360259 1.5818066274182394 -6.6688431470658012 0
7815 -7.6602630693608011 1.5168564666859266 -7.191216927087984 0
7816 -7.3182304070938908 2.491277990343419 -7.1533547160612247 0
7817 6.8997782012816131 4.6372060324372111 3.3973954194651492 0
7818 -4.2438784838196728 4.4821765973948544 -14.568147027189429 0
7819 -4.6687032002948108 4.2700941113781647 -14.085482756584328 0
7820 -4.7557134013946465 3.7178766938662635 -14.746882827682278 0
7821 -1.7993194626421554 0.31629749512349958 -18.821166810914598 0
7822 -1.4463819521153582 0.12603754987315641 -19.300891097669126 0
7823 -4.0237358150462672 -1.120770480199331 -17.300242119826066 0
7824 3.5977382929043147 -7.6627311295636931 1.5610799426609445 0
7825 5.9973970421513219 6.6579477751285792 -4.4013172371286853 0
7826 5.6761517394730134 5.8998882402726132 -4.1393904749848867 0
7827 4.9321703522282965 6.5796011242136512 -4.8936003541980133 0
7828 1.9835538136198965 -9.0535264290393513 0.54912153176541589 0
7829 1.4509403533722258 -9.1915948914294461 -0.22517215559968354 0
7830 -3.3186187843176893 5.023593685340475 -14.891374601753924 0
7831 -2.5783672821399191 5.2973693792907062 -14.914071619961533 0
7832 8.2298061619597771 1.5704836882369855 2.8294094750025636 0
7833 -1.7938139946329512 -6.0133514066762457 -12.929116226170095 0
7834 -3.9101080121503871 3.5526978695294096 -13.061002545924993 0
7835 -4.5423709156329632 2.9199013640325973 -12.761889305702761 0
7836 -4.8923763686422808 3.6344367832570805 -12.910174214678005 0
7837 -4.4761994426560676 2.7029578452030592 -13.337740498404351 0
7838 4.9607822936585464 -5.1854184433218933 -12.397890084931685 0
7839 5.0690700442335235 -4.3920530643494722 -11.733186833837781 0
7840 5.5147413632313782 -4.8179836435004173 -11.808954275149699 0
7841 5.3596083659312281 -4.7162762891881531 -12.5506233815568 0
7842 7.1494582877234656 -2.7348951220426834 -7.4117508161386816 0
7843 -4.6696962050633744 3.5484613594161978 -11.794376090930976 0
7844 -5.2188949106891549 2.6431611939368649 -11.607069628204348 0
7845 -4.8576396068849066 2.9198314823249314 -12.177473212051295 0
7846 8.4355911849716367 -0.71642220863980233 -0.94061528330513977 0
7847 -4.9727586391937519 -1.3228965453503725 -14.777350081972287 0
7848 -4.2668251014896628 -1.6631100726660226 -14.282621554031492 0
7849 -4.5842552414425732 -0.86473639148614678 -14.160064599526525 0
7850 -5.2759855251887604 -1.3877691672890355 -14.091715119369507 0
7851 -2.832760073701952 -6.7790756663763743 -11.621125568858858 0
7852 -1.9980093458396906 -6.303804157410057 -11.489933772604745 0
7853 -2.8083288344275279 -5.9951785324682216 -11.870730484133203 0
7854 7.8549379112122253 0.89531179603759115 -9.9740438086278402 0
7855 7.6422455196430494 1.6430824675092572 -10.368110346075376 0
7856 -4.4800542946741144 -5.4116621340870079 -7.6347347418709051 0
7857 -3.867420442553716 -5.9513583873534657 -6.9032473206720244 0
7858 0.79320340592568428 -1.4587002836653498 -17.324731615219292 0
7859 -0.04957049405464739 -1.1195162926955873 -17.562561027587066 0
7860 4.8433638500432092 -0.3147221731502709 -16.664092345147296 0
7861 4.4364661849673102 0.10379534665217999 -16.154332960148366 0
7862 -0.67169313315783818 -3.8214834935459381 -17.632295517237282 0
7863 -0.95282563648687635 -3.1065703004209957 -18.076170275053769 0
7864 -0.31699745781153077 -3.2708854133268179 -18.189966848092674 0
7865 -5.0624360971895292 -5.8589521863869001 -10.542410261416983 0
7866 -5.3194870607112739 -5.4083177790188923 -11.282883301406084 0
7867 -1.808979162621865 5.8515392390926824 -14.550818385758276 0
7868 -8.1715715145182504 2.2086604899424689 1.6416614486460519 0
7869 -5.439437784801445 -5.7862937683969156 -9.8458581684461812 0
7870 -5.6957163320298285 -5.9473617948080229 -8.8526584883896078 0
7871 -5.5280870515463381 -5.1788737723516842 -8.5665566955299504 0
7872 -6.1456868699790155 -5.3304198946359129 -9.2941615444685617 0
7873 -6.4975761653342046 -2.6741291443588251 -12.541948498600714 0
7874 -7.0069018766857774 0.34968885953115303 -7.5747775736534466 0
7875 -7.6763897079904364 0.29887285334654506 -8.3345415904242355 0
7876 -7.7966183001003309 0.54426681078785566 -7.2708096206607893 0
7877 6.2784531070871274 -4.2245103723970887 2.8218664575765731 0
7878 7.1225994160722408 -5.4974692802854506 3.6686963423649912 0
7879 5.465520119539665 4.7043116245673691 -6.483895044079568 0
7880 5.9006022246200374 3.971485918502728 -7.2545530395767273 0
7881 6.0821825636428537 4.0478472490435422 -6.2963446660958553 0
7882 6.3203152360699129 4.8831663305018989 -6.4915445326261967 0
7883 -6.1860668925082312 2.786293998028937 -13.381599917611455 0
7884 7.4272634082075211 0.37480971554696785 -11.192280255493342 0
7885 -2.7289419769992342 4.9185426452524093 -12.32894568917067 0
7886 4.4686874510412444 3.0159701518962967 -15.79713438188692 0
7887 5.1221208001356322 2.9783927103930297 -14.980183536643999 0
7888 4.3033235284816387 2.9391104966151902 -14.979249399019679 0
7889 4.7451460043699605 3.3805322422588322 -15.173779536419225 0
7890 4.5482619360467291 -0.85362050555303903 -14.351624120695364 0
7891 -6.9120716121144685 5.4196993911467004 -6.1823925172749625 0
7892 -7.4055356991825256 4.6907169504780049 -6.0605329779172532 0
7893 5.0182384135589686 -2.6867890974742061 -13.829112234265558 0
7894 5.5189164938427027 -3.3836058760876178 -13.82293008045982 0
7895 5.2241293462528233 -3.241862767000967 -13.030588901152015 0
7896 6.7512725912768685 -4.8045416991278955 -8.4995301887201471 0
7897 6.8164626888784738 -4.4361088027408666 -9.425926513235332 0
7898 6.2975261305914936 -5.1574876911497123 -9.3020972779957631 0
7899 6.0434295564155054 -4.2918591757143485 -9.3687987983821372 0
7900 7.4358829199939951 -3.8277859993550392 3.2404978192887208 0
7901 5.3921197931210259 1.1797898973078527 -14.163083631272599 0
7902 6.2591528638917566 1.2049311770838758 -14.035075322342797 0
7903 5.5546522194713353 -6.1542175789769118 -8.5210154005168519 0
7904 5.8756942024561232 -5.7151203890630473 -9.099967306546132 0
7905 7.3593107351499647 1.4162171879696799 3.0274586118287057 0
7906 7.4394276027022066 0.5369181423313848 3.5555943475814882 0
7907 -5.0140971119944453 6.4413411693773188 -9.2009682880343568 0
7908 -4.3519127316383583 6.9084902489115159 -9.4100904987886906 0
7909 -4.9273462984418375 6.7342438206265438 -8.307576947798669 0
7910 -4.3384224615383555 6.2310899145507666 -8.6279666984213659 0
7911 -5.0006068418944434 5.7639408350165695 -8.4188444876670321 0
7912 0.66346543001726843 4.2703563647926597 -14.866628810547994 0
7913 2.2598198755221599 5.6731807423585412 -14.594220256612385 0
7914 5.0113604684295776 2.0478237606759482 -12.688543027010297 0
7915 4.714468594959512 2.7488450597250775 -12.720023001467741 0
7916 -7.9514523526901488 -2.9266397639846566 1.2259985549912078 0
7917 -7.740054916872511 -3.3614714353611426 1.9932856730717026 0
7918 4.6734062603074014 5.7996955290729009 -4.7304585225296529 0
7919 -0.035509523997064182 -5.9394709895270204 -14.790677442187727 0
7920 0.35358895953059355 -5.6650367071947798 -15.294158734450921 0
7921 -0.27842796883458237 -5.5156199867166151 -15.597454936829312 0
7922 -0.07316883331598921 -5.1409908597451324 -14.886626623584293 0
7923 4.8604671932843795 6.769909526818302 3.5578980206002662 0
7924 -5.5337844679089283 3.7798930745993253 -13.26966984238452 0
7925 -5.9239000030220996 3.3912237847909941 -13.067418873997388 0
7926 -5.774150019228923 3.8785136409862977 -12.716599463015712 0
7927 -8.2257717623519966 1.722668832647555 2.5284263553208124 0
7928 4.6593917762749086 -0.76744884133431546 -16.826189495086034 0
7929 4.4848010503149309 -1.5189741651621405 -16.740156633309965 0
7930 4.3038813277158559 -1.0976440848522047 -17.078281249453699 0
7931 -3.9118726710708072 -7.5081966010434051 0.80144622912087304 0
7932 2.6136377800606065 -7.9474621852402212 2.7416496524780083 0
7933 2.1329752153168506 -8.077232326642152 3.4042715103492878 0
7934 1.7439671176293576 -8.2235998555254923 2.537338146405161 0
7935 1.6852485285147574 -0.97064522940098352 -19.026039694164979 0
7936 1.1593453830509519 -0.65942359815808715 -19.049940239466526 0
7937 0.99361574853709345 -1.1603462890211782 -19.303751099388112 0
7938 2.6892424960516146 4.4384335693015275 -16.132476181522375 0
7939 9.0329328913671709 -1.251460569917165 3.0858934417387376 0
7940 9.0747491820177686 -0.40828484515877833 3.5360963347987826 0
7941 9.0036378209865067 -1.0910545628126218 3.8092819791945844 0
7942 4.1405136788728054 -1.4904973477163972 -14.749282819154331 0
7943 -0.7229736097699071 7.1339381294089801 -12.079195953311219 0
7944 -0.99568836300498198 6.8636789962035216 -12.847392746444177 0
7945 -0.18241013945466997 6.9298142373614731 -12.727093319389137 0
7946 -0.56600607675273129 6.2032198993447851 -12.610984444092711 0
7947 -0.29329132351765652 6.4734790325502445 -11.842787650959753 0
7948 5.8207512174571363 1.4081345589191399 -14.688593713032727 0
7949 6.2052677811996126 0.76325599278975553 -14.307980333241176 0
7950 -1.485845193212648 -7.7537507627772211 4.433368332738528 0
7951 -1.81128897345161 -8.2264144768989489 4.6514345991846291 0
7952 -2.5325588377013064 -7.6338104175371253 4.5814436623812718 0
7953 -2.0850754855752784 -8.1675528622850067 4.2328782615659 0
7954 -1.7596317053363162 -7.6948891481632806 4.0148119951197998 0
7955 -7.7492737361453337 5.0620950713634372 -1.9365808787352461 0
7956 -8.4244693376941076 1.7711312294705537 -6.7833959149351006 0
7957 -8.4224678272817091 1.3039785004179407 -7.667811598558508 0
7958 -8.5608245684336381 0.79854157357248268 -6.8629886085079059 0
7959 -7.7986198105127293 1.0114195398404684 -6.3863939370373819 0
7960 6.7923580968835875 -1.9385100124052661 -12.6628381478635 0
7961 -1.7868945907055118 -0.77782408473160236 -17.364027094198782 0
7962 -3.5920064419438384 6.6305958635484155 -8.7906639279572136 0
7963 -4.1809302788473204 7.1337497696241918 -8.4702741773345167 0
7964 6.0776733327094217 1.6600794786685462 -10.484273495657616 0
7965 -8.4590148471857596 -0.92916850113375316 -7.8951871197244037 0
7966 -8.5792434392956558 -0.68377454369244262 -6.8314551499609575 0
7967 -8.500643620801382 -1.6125500478819628 -6.7887561142153601 0
7968 -3.2421110157968114 -2.511083352422089 -15.20891530601965 0
7969 -3.5671802693530661 -7.50976992715497 3.3435341503458496 0
7970 -4.4041545878247632 -7.1061299882007285 3.3467348944558299 0
7971 -7.4905276806759726 0.56919233684930437 -11.35808180964111 0
7972 -6.781906895112229 0.32709639687671749 -11.597423439196525 0
7973 -7.092332612404828 0.095830222307628388 -10.537662320624733 0
7974 7.8387038598573708 1.4453789157211037 -9.6524557854643618 0
7975 7.2480349632327279 1.494849587437318 -9.1212984817886316 0
7976 7.8729684754273386 2.3069349739094287 -9.1167849346937153 0
7977 7.626011468288195 2.19314958719277 -10.046522322911898 0
7978 7.035342571663552 2.2426202589089845 -9.5153650192361656 0
7979 -0.23514644562631437 4.279459469799952 -14.866482258677205 0
7980 -0.089455004328422696 4.6274131288362392 -14.285673939438896 0
7981 -8.4064245847084784 -0.43458849945188893 -8.3810810984569883 0
7982 -8.5266531768183711 -0.18919454201057834 -7.3173491286935421 0
7983 2.8764526849331653 6.5567645303040667 -12.212048925968404 0
7984 2.8395149832361275 6.1121432594273752 -11.409198931294213 0
7985 2.3605160253132484 8.0977212185006788 1.564152286461731 0
7986 3.1599271316154969 -3.1426397250271734 -14.576416323226727 0
7987 2.9856407205131505 -2.7490229806557029 -15.152553564135715 0
7988 3.6191322197439018 -2.7341896497020395 -14.490893154973465 0
7989 -1.4499832952611029 -7.3391188111945649 -4.3874817271690425 0
7990 -0.97310737293610439 -7.6097240915442743 -3.2993659632009935 0
7991 -0.60966980633614321 -8.3743490716286182 -3.5980391142548345 0
7992 -0.24849409875834594 -7.5751560422332442 -3.9352156257921638 0
7993 -1.086545728661142 -8.1037437912789088 -4.686154878222883 0
7994 1.3743513134507213 3.1013300352777184 -15.926799109488989 0
7995 1.7316999582314732 8.200596952834811 2.8048610759577022 0
7996 2.2337679912165345 8.0554807662809349 3.3462010061175933 0
7997 -4.0643703858701237 6.274946373094993 -11.289740220579937 0
7998 6.0384553989283969 -3.2103384282437921 -8.6747068668790241 0
7999 6.347692948959077 -2.6266790209960997 -7.98164154616983 0
8000 5.9732653013267907 -3.578771324630821 -7.7483105423638392 0
8001 8.4912000673818007 -3.8779175618324864 4.680478898848051 0
8002 -3.9971182132502228 3.0004804520175083 -13.722402617022944 0
8003 8.4043480803617605 -1.0864917397628298 -8.0511474306189399 0
8004 4.0712425632912073 8.027539631007663 -4.3313944458029985 0
8005 4.7204564860157916 7.5818527504076902 -4.6834382223660764 0
8006 3.4711805602398353 7.4847944885026809 -4.5286308384462703 0
8007 4.1203944829644188 7.0391076079027073 -4.8806746150093474 0
8008 3.898084479306319 7.9738742048121711 -5.5764084910822831 0
8009 4.7775570901204549 -2.654273820375284 -15.684795370411944 0
8010 4.7367255472768433 -3.1439252387860561 -15.284224668015465 0
8011 8.7362594938082871 -3.4576309341697087 3.9126650094690243 0
8012 8.0991379980382749 -3.16037738364773 4.3406985126443223 0
8013 8.750768122439764 -2.6805073187354735 3.8924057244172436 0
8014 8.5057086960132775 -3.1007939463982517 4.6602196137962704 0
8015 -5.5051928817805686 -1.9920874566761619 -14.862291081527273 0
8016 -5.5193961357384715 -1.1288411535576228 -15.425369089625086 0
8017 -5.2591526180988595 -1.7636333000226339 -15.587297371419456 0
8018 4.2387384343461783 -3.8833416983688158 -13.590890446470706 0
8019 4.7848032442129398 -4.110310845957919 -14.101135612350259 0
8020 4.5527201525331975 -3.1441014171615693 -14.20387379615979 0
8021 7.2563010504558267 5.2747404426356397 -4.4291730071254323 0
8022 7.786289272474102 4.4873524012621422 -4.7935984990207556 0
8023 8.4787675934675946 3.5981132772765547 -1.3291772892244043 0
8024 8.0538191722786028 4.5193829768782532 -1.0817118919729851 0
8025 -5.1418871157463473 4.51131014648311 -13.015712703237943 0
8026 0.26412238164917462 8.9072349485409124 -5.4216481387503563 0
8027 0.052094795749654962 8.7164419068985985 -6.3949113831116318 0
8028 2.1506914618005153 4.6589469053954931 -16.192764988893249 0
8029 -4.1560559155645498 -7.3261525262393832 1.7060475495083431 0
8030 -7.0888640504840996 0.415284971311215 -12.561343179747169 0
8031 5.9265494469520004 5.1854630616005908 -10.252551753304502 0
8032 6.2182265428347883 5.2181189340157061 -9.253465401684231 0
8033 6.0072254774795315 4.3738569951380679 -9.2683759756307644 0
8034 5.2667349236590661 5.0353974307137177 -9.7335772201920374 0
8035 0.93122809780688165 -9.1343725935593056 -1.9520889615314947 0
8036 1.0663462376021295 -9.228725176870082 -0.97742145704329064 0
8037 7.4004517680636983 4.6391623614494621 -6.70724355860452 0
8038 -1.9150466989481827 7.384589458257139 -3.3276475460637842 0
8039 -1.4979253923175044 7.3542100913153723 -4.1976461226690063 0
8040 -0.80072535828723179 7.5170234278293346 -3.1991694598269209 0
8041 8.17682716173905 4.2921276354259517 -0.25182634135265025 0
8042 7.4333738133307392 -0.76079033453845368 -11.181362477844132 0
8043 6.5619525942326407 -1.1229374296935744 -11.478862658311993 0
8044 6.6692625595556931 -0.26319022586857654 -11.572032255994939 0
8045 1.8542345662701463 6.1031625931843658 -14.06955106067694 0
8046 -1.9761877434486768 -9.0155805531257869 -2.2280972952824607 0
8047 -2.8569675552200939 -8.7217765989107878 -1.4318656830976075 0
8048 2.6765734224697111 6.8780236169410642 -5.5393833647842721 0
8049 1.8047211099022404 7.0794048287409126 -5.8149557413825743 0
8050 1.9681278241562863 7.255369223033707 -4.6734939247964808 0
8051 4.8121589166800138 4.2936929337941194 -9.9957244602756212 0
8052 5.1038360125628017 4.3263488062092348 -8.996638108655354 0
8053 5.5526494705004792 3.6321524982184696 -9.53052321571435 0
8054 5.8893188188386496 -4.5900182228300759 -11.418444413671157 0
8055 5.7341858215384995 -4.4883108685178108 -12.160113520078259 0
8056 5.2830439017814612 -3.7387154292474296 -12.444801268329947 0
8057 6.1032926763865873 -3.9366805877280338 -12.130058848163323 0
8058 5.4381768990816113 -3.8404227835596942 -11.703132161922845 0
8059 8.2975371898342374 -3.0748856979490089 3.7519723762077772 0
8060 7.6604156940642252 -2.7776321474270302 4.1800058793830761 0
8061 7.6459070654327483 -3.5547557628612654 4.2002651644348568 0
8062 -2.4235427402025236 -2.1392984448926189 -16.236420123743017 0
8063 -2.8366200871056222 -2.4819852837870915 -15.635170957998231 0
8064 3.8527447016337177 -3.7122951807566338 -15.731054608881081 0
8065 -5.164433505563454 -2.4513894362541055 -12.063818662030375 0
8066 -3.5660887917947055 3.5580924182114479 -13.541470504137227 0
8067 -3.6530989928945412 3.0058750006995472 -14.202870575235178 0
8068 -0.89118004847998233 -8.9661027127083521 -4.2111347460122666 0
8069 -3.8185576627016173 7.889440510347427 -6.1075307383747113 0
8070 -4.1073760428671608 7.9517960279987427 -5.3294642590127301 0
8071 -6.7765675156665219 0.14194661278061227 -13.19429262008043 0
8072 -5.9982906828889995 0.30491100344987843 -12.872045105020021 0
8073 -5.9814463240843612 -0.53890720447757456 -13.265219195304145 0
8074 4.0144081092490866 7.3117381206374832 3.413674238263845 0
8075 3.6246980975697847 7.586990541676629 2.509415669655557 0
8076 0.13592023989911989 7.1611615466975458 -12.174010448849298 0
8077 -0.40464323041611733 7.3652854387450528 -11.526113082771381 0
8078 -0.015106410390997471 6.8182922657326053 -10.902421947146834 0
8079 0.41410515302577894 7.5059747798799075 -11.233644745036379 0
8080 2.0678316955225067 1.7193307193368179 -16.72673788121806 0
8081 1.8309884942503578 2.4034371007670181 -16.524636959629152 0
8082 6.0823193925776611 6.2506366770460922 -6.4686354432725235 0
8083 5.6912801039856502 6.7368793714977659 -6.0288361690190113 0
8084 -8.5055064401054761 0.56922400496134673 -7.5759185052302929 0
8085 -8.6438631812574052 0.063787078115888601 -6.7710955151796908 0
8086 -3.5562211507748493 -5.6415782628531126 -11.57604787472664 0
8087 -4.2836303052043023 -5.9724395572964095 -11.871465638523013 0
8088 -4.5778433982623739 -6.0643766043034537 -10.941363779265181 0
8089 -4.2713463260823135 -5.3817425726945345 -11.041554858821973 0
8090 5.6987920946113926 -3.5270820483361729 -9.205341342959203 0
8091 5.6336019970097873 -3.8955149447232018 -8.2789450184440181 0
8092 5.1798555363244123 -4.248460936745019 -9.0815121077196324 0
8093 -1.2170979200887473 7.1984776583590513 -5.7801087050768736 0
8094 -0.45110078337622445 7.1517464267163771 -6.6938677726888258 0
8095 -1.2853564443356842 7.095649710087967 -6.8168733489797582 0
8096 4.8718202426494983 -6.7842033653969605 3.3588298878627985 0
8097 2.7297425796149843 7.95563873225694 2.5340458126299525 0
8098 5.8894100119567412 0.81334705610170754 -14.987481633320826 0
8099 5.0762620238781544 1.2298809606198049 -14.842584931352247 0
8100 5.4607785876206298 0.58500239449042035 -14.461971551560694 0
8101 -5.0247087344189101 -5.2413534199002711 -6.3110360171068818 0
8102 -5.5679029263132236 -4.3595331147725691 -6.9511697119157159 0
8103 5.1674595758520034 6.7922352932386909 -7.6358621247482761 0
8104 5.7972366187585962 6.3274879453537221 -7.1697037681871372 0
8105 8.0652623759349673 2.3494810547392939 2.7055506861119349 0
8106 8.0208907081988894 2.6531011115928917 -8.1099040800765305 0
8107 8.1721239307849274 2.6833367138862925 -7.2382544730530558 0
8108 -3.2070586462829462 4.8845691192666543 -11.604635653981443 0
8109 3.8074850916430263 -5.9878504250828009 -7.2400440064270501 0
8110 4.4731969363019726 -6.3781169271405727 -7.3923244649322957 0
8111 3.4179193676091306 -6.9861013964326819 -7.2915441056686525 0
8112 6.462131372546164 0.3166467646244957 -9.7445090323570192 0
8113 6.2445713319837424 -0.20084509000909362 -10.324300460913022 0
8114 -5.4532456664140287 -0.16866596710294901 -12.750934338920793 0
8115 7.2471099545655751 -3.249943997546211 4.5197862655868049 0
8116 6.9955249079654518 -3.8596794804518 4.0280369384690484 0
8117 1.8646262600492738 3.8322245271144268 -15.00087750260443 0
8118 1.8468698102354786 4.3035054901253078 -14.278764223464805 0
8119 3.5828277809686186 6.7309609479657011 -3.1353923243062782 0
8120 4.2320417036932021 6.2852740673657284 -3.4874361008693557 0
8121 4.3812942643298287 6.2946007634644054 -2.3422513341699567 0
8122 7.6333931056906472 1.0614046973212548 -1.5297965354058654 0
8123 7.4532706427633109 2.0492004126275369 -1.3282766888902944 0
8124 -2.2724335470524974 4.4684359162093266 -13.591110726545732 0
8125 8.4653069086539503 1.0924222126346597 -7.6615823610436369 0
8126 8.3710001238009308 1.9129978899242843 -7.1840680360864742 0
8127 2.2782925896371866 8.1509580839205658 0.66074705014625434 0
8128 8.6197748973375745 -2.7064875392616603 -4.5146623387734603 0
8129 8.6497385557572066 -2.7589182974794895 -3.5704142056533756 0
8130 3.2428678274230549 -5.6742723630573533 -13.490789049910209 0
8131 3.1161987958151016 -4.9971325683741039 -13.145423256691577 0
8132 -3.6970290358815845 -5.6034989039732404 -13.31046709984312 0
8133 -3.5163130876492756 -5.4923962413171656 -13.740383557125003 0
8134 -4.4029053096433657 -5.265573979061493 -13.102473593961953 0
8135 -4.2221893614110559 -5.1544713164054183 -13.532390051243837 0
8136 0.56093190472253174 -2.9894570831453775 -18.361068175440973 0
8137 0.43492340217436887 -7.9048268911533892 4.0111934373338798 0
8138 -3.933901084932149 -4.9355726657086629 -10.314787712975853 0
8139 -3.2187759096246849 -5.195408355867241 -10.849280728880522 0
8140 3.1427796475481533 7.717871641638494 3.3489038871864634 0
8141 6.3451021443608226 5.5360790365835548 2.3118871105478869 0
8142 -7.0990646845755556 0.60921697152016852 -6.7484358406386065 0
8143 0.8321077805478686 -6.9021691638495284 -12.737534875428695 0
8144 -1.0195879866202946 0.37835109982359105 -19.393261800812802 0
8145 -1.3232897040178817 1.0959855524853166 -19.259096705209551 0
8146 -1.2844738235990933 0.5129906272562863 -18.857854715893907 0
8147 -1.7500836695129454 0.84367200253488195 -19.166726002065872 0
8148 -5.9677840082715505 5.8298673835790122 3.4376507923863882 0
8149 8.1900498115776532 3.7936526745696071 -4.6374592042459444 0
8150 8.3760203770521624 3.4299550153204978 -3.9054327917414575 0
8151 -0.54845403476108012 -7.2639786802523094 -12.008524442262594 0
8152 -0.54836753513169956 -7.4884772667531276 -11.377814951189928 0
8153 0.29064052174796229 -7.3840885671794743 -11.738909087283155 0
8154 -0.021615066644882497 -6.7343672017285439 -11.529813158856573 0
8155 -4.3900371631098771 -4.4879315360909011 -10.344853883425085 0
8156 -5.0806992417071459 -3.6864185559204268 -10.489840674347555 0
8157 -4.6470881266316209 -4.0372971287228934 -11.085326923414186 0
8158 -4.043025731631289 4.9300372069053662 -14.258337840396162 0
8159 -4.467850448106427 4.7179547208886756 -13.775673569791063 0
8160 5.6930785540438684 -3.8113249881890123 -11.069822427164286 0
8161 6.3581943313488445 -3.9075827923573518 -11.496749113404764 0
8162 5.9070524115918062 -3.1579873530869702 -11.781436861656452 0
8163 6.6378065289578645 -1.4597123327853749 -13.227302661272834 0
8164 6.6707906471322387 5.094446744026758 2.5102725543070905 0
8165 6.3338770194509326 5.4582823333261423 3.3435341210793617 0
8166 -0.61973771292045143 -6.8518660432885223 -11.02786942241859 0
8167 -5.8545359524788605 -6.1083577209357003 1.7408596040911843 0
8168 -4.2809932201199858 1.2019506954477057 -14.544095368365232 0
8169 -4.1354888301342951 0.87597886833444616 -15.100610358606181 0
8170 -7.1739774276154931 -3.0326103636257495 3.9677761054947509 0
8171 -8.8987485083994429 -2.5708425458692874 3.8301039914737984 0
8172 -8.5951843858107999 -3.5306031069656978 3.9250875437902595 0
8173 -1.1351347791093009 7.80247681180846 4.565750532236633 0
8174 -0.25095285539055068 8.7911562946796025 4.565750532236633 0
8175 -1.1236546237540164 8.2468555855412635 4.1142929210175465 0
8176 -1.3631102558894039 9.1257302891940526 4.5485423887809135 0
8177 -2.247292179608154 8.137050806322911 4.5485423887809135 0
8178 -8.308438199942545 1.4107360101149695 1.568468024810258 0
8179 -4.610162396203334 -2.3740970776085142 -16.09572469844073 0
8180 -2.7234489735065215 -0.38039836831822027 -16.712918683276222 0
8181 -3.1516389359414667 -0.54987893425811729 -16.277138896644054 0
8182 2.1417807514665523 -0.91479950763146767 -18.860027545863456 0
8183 2.0315404925632357 -0.17725114349083321 -19.108271244668956 0
8184 -4.7019007875222094 4.229047238416932 -10.185574588641876 0
8185 -8.3336682195752907 -1.6925901786071864 -7.7904725279697846 0
8186 4.8653274688328541 0.85237374684302547 -16.435991854804371 0
8187 8.8130001782815413 2.8004622374683574 -1.0639227241356544 0
8188 4.5931300835041888 -2.6056193821484781 -13.022126505427735 0
8189 -6.9497537924755477 -2.1450161681060891 -6.0164816088065525 0
8190 -6.6585586717750997 -3.1277656189185352 -5.6106216232373143 0
8191 -8.0544084995055272 -2.5462312155709985 1.9784102209852561 0
8192 -2.6582261031899073 -5.5395388011036886 -10.795810048094692 0
8193 -2.7896027136593879 -5.8398884472238217 -9.9149921961225829 0
8194 -2.118911751429212 -5.9714841983189366 -10.448194813429865 0
8195 -0.27849802364309761 8.5963522384093451 -7.0656331944313546 0
8196 -1.1127536846025574 8.5402555217809351 -7.1886387707222879 0
8197 5.0443014621367865 0.41851751980244956 -16.238585754989817 0
8198 5.1761366607516042 -0.31472217315027101 -16.230852919966701 0
8199 -8.0198149607982483 0.088361739327116301 -9.6992105002913256 0
8200 -7.4697192372250338 0.015614200032769754 -9.2462864600069885 0
8201 -8.2446135806056855 -0.37921049164587717 -9.0463746104214167 0
8202 -7.9277728406227812 -0.76785903734366179 -9.821542999626665 0
8203 -7.3776771170495667 -0.84060657663800842 -9.3686189593423279 0
8204 -7.1528784972421295 -0.37303434566501492 -10.021454849212239 0
8205 1.6734906147425408 3.5888280742312735 -15.428890712241788 0
8206 -6.5303117489390594 -2.2152920065474997 -8.2991572646223375 0
8207 3.2116610296366153 7.824757632295074 1.6945575950990461 0
8208 -1.3908320435628272 7.4705839074027995 4.0936149399466704 0
8209 -2.514469599416965 7.3607791281844452 4.5278644077100374 0
8210 -2.5029894440616802 7.8051579019172497 4.0764067964909501 0
8211 0.045636998657247047 -2.929178076132648 -18.464834556947693 0
8212 5.7195330303395107 6.3346580157974159 4.3311901393305323 0
8213 6.039712940803426 7.0950138935688507 4.7410220601539912 0
8214 6.3507136023332844 6.2574201201879021 4.5901680791765411 0
8215 6.0203270191062916 6.6307498158936831 3.9854243960783231 0
8216 5.7093263575764333 7.4683435892746317 4.1362783770557741 0
8217 -5.9805409492088444 2.6312316038754662 -13.923369630508041 0
8218 1.6481432718154447 -7.4168725193859579 -2.5661922263791248 0
8219 2.310418495314313 -7.2270517272820367 -3.2103070635676749 0
8220 2.7864852449997515 -7.1886145198353102 -2.3940720793900239 0
8221 2.8366609706942914 -7.9693985275099344 1.1223602004572388 0
8222 2.0692537790632253 -8.2210816577643087 0.80992329248157391 0
8223 1.9536060181845845 -8.22305490767382 1.6680341665164513 0
8224 2.3816043246156555 2.2989273179027201 -16.105586466369441 0
8225 1.3914851291651518 7.6011896918745041 -10.608622025796524 0
8226 2.1577285727295488 7.5762929732988429 -10.217454295773795 0
8227 6.6287685047952305 5.6794930087934894 -6.3518450807959805 0
8228 7.2454309488984183 5.0230286332696625 -6.1642947028122688 0
8229 6.9817106034479366 5.4860228193041269 -5.1578359273293426 0
8230 6.6732573347226189 4.6896961410125364 -5.2975353791595587 0
8231 4.5986451221842604 4.2313878963652538 -10.687192193430143 0
8232 8.3675137246442208 -0.45894138013316249 -8.4226699487760559 0
8233 8.5012289046955338 -0.49745313163946114 -7.4612856215571819 0
8234 -2.3313723748390451 8.9773979898580549 4.5485423887809135 0
8235 -1.3722394290253068 -8.7727466660692315 -5.0455186559622653 0
8236 -0.65711103086305944 -8.844979827884984 -5.5086944374878355 0
8237 -0.37141733049889469 -8.1759769530946613 -5.1493306597484541 0
8238 -0.17075023252254967 -9.0087838971079108 -4.5932525545853871 0
8239 8.7002356043662346 2.0071001514323852 3.714783372659757 0
8240 8.0475487681652531 2.1854657963493791 3.5024016932138125 0
8241 2.644412290786025 1.7025283144801766 -16.316736166779201 0
8242 3.0405350648073952 1.8225636448833407 -15.914907908021128 0
8243 3.2973901361223898 2.3075081599047893 -16.47076879694616 0
8244 2.7777270986370257 2.4189626483058841 -15.703758207611369 0
8245 0.85429425801140746 -7.2524901759650824 -12.007851211500727 0
8246 -0.75939207708765344 -5.7117235706170995 -14.993380395738868 0
8247 -0.55413294156906034 -5.3370944436456167 -14.282552082493851 0
8248 -0.79705138640657847 -4.9132434408352115 -15.089329577135434 0
8249 1.1152341053662678 8.3474485923324035 -7.7881947202334363 0
8250 1.3074245195406431 8.5574052088290173 -6.7316828961629307 0
8251 0.46347460183645706 8.5809812009070292 -7.0136383742474893 0
8252 0.71036793341581972 7.8574674779848985 -6.6067451150067171 0
8253 -3.5169255796291594 6.4539221793735111 -5.3955837447412334 0
8254 -4.4452418214244585 5.9835960296638708 -4.9159179464694756 0
8255 -8.2466437023387549 2.4700979263294607 -6.7967502227814371 0
8256 -8.2446421919263564 2.0029451972768482 -7.6811659064048445 0
8257 -7.9026095296594452 2.9773667209343406 -7.6433036953780853 0
8258 -6.3326679657671008 5.5179861921230806 2.7983748724153497 0
8259 -1.614417280794191 6.7591310812733632 -12.853891505381652 0
8260 -2.0530556559495827 6.9474889616672364 -12.327622047244507 0
8261 -3.3222014599312977 -4.5328032593311498 -12.368514118851657 0
8262 -3.4295233109222165 -5.2011606752351458 -12.77725874192225 0
8263 -4.1353995846839977 -4.8632357503233976 -12.569265236041083 0
8264 -6.7707614080569574 2.2040388992304694 -6.7057236945771521 0
8265 -6.4267272353776486 2.7113076938353489 -7.5522771671738003 0
8266 4.1710738644586058 -1.6415041674925175 -17.038211407045516 0
8267 -1.1367010557867601 2.6952185793158927 -16.433341655245776 0
8268 -1.6975310097467884 -3.8824866337034818 -17.311020020053526 0
8269 -1.0309405122073534 -4.1681315139530906 -17.233322432969672 0
8270 -8.3882964356664438 0.31624238483487976 -8.1221721187441442 0
8271 -8.3458655295797577 0.85365906996639462 -8.2762089354271318 0
8272 0.53123636058690982 -3.7073689887222283 -17.722229488557712 0
8273 0.20726345257606313 -3.3384447928894572 -18.148739078273948 0
8274 7.2284526385617802 -1.2480200732563471 -5.6548588282771917 0
8275 7.3861321314534178 -1.01553210616392 -4.5446256412581461 0
8276 7.2093460365336384 -2.0204767414107963 -4.9240423348894211 0
8277 5.2854723848454874 0.75140295594176143 -15.925695383038802 0
8278 5.4644463781494199 0.31754672890118552 -15.72828928322425 0
8279 4.7247759023651259 0.73606424870363651 -15.651769323405912 0
8280 1.8003480701661179 -6.2050219532473889 -9.7355049510741534 0
8281 2.1378279472509858 -5.8700566619342505 -10.470215234266767 0
8282 2.5474801729813912 -6.0173508631212274 -9.539790275455605 0
8283 4.387045511696325 7.3025781679257653 4.6912193309661641 0
8284 4.7835160904331513 8.0432411788622495 4.6912193309661641 0
8285 5.265102203244501 7.6946072778776786 4.7410220601539912 0
8286 4.9269462559983026 7.5208856901629355 4.4322413911201552 0
8287 4.8686316245076746 6.9539442669411944 4.7410220601539912 0
8288 4.2289703435471724 3.7044102020199032 -15.421935343985002 0
8289 4.0636064209875666 3.6275505467387967 -14.604050361117761 0
8290 2.8232766806158334 -7.9469172373885479 1.8723456725892982 0
8291 4.5652003970549657 -1.5228364464398061 -13.97395055486362 0
8292 -8.3639936786217923 0.10282818567962587 -8.5351179151399741 0
8293 8.9219790135361414 -0.26496516454703412 -4.8973125062634502 0
8294 8.8739855157753134 0.4683080221602135 -5.6762201038261955 0
8295 4.1482045128156511 2.4840707025108317 -16.521491693420945 0
8296 3.6520631102151997 2.6487500810481706 -16.849999119445457 0
8297 3.9148710763855696 2.0523510776256271 -17.061148819855219 0
8298 3.7935315387228412 2.14282878136745 -16.142261370921645 0
8299 3.3323536367684095 8.4666176023664441 -3.2590809749760581 0
8300 2.4507499544700959 8.790297782263595 -3.6382055802675515 0
8301 2.762734961926411 7.8621400945953237 -3.6627413984584791 0
8302 2.8497315064545998 6.9316890431365561 -4.2943693195049875 0
8303 -6.6966128532322244 -0.4448346763600155 -13.387394080931937 0
8304 -6.9615679505814265 -0.3017838801837503 -12.832660999108802 0
8305 7.6982572443132913 -0.071078632316563584 -8.2014681346704528 0
8306 8.4426360740117428 0.38786274781659669 -8.018558880990966 0
8307 7.8319724243646034 -0.10959038382286224 -7.2400838074515779 0
8308 4.8566111009799426 0.0028245557509159469 -15.644036488382797 0
8309 -3.8057439597947029 6.5162776970248277 -4.6175172653792522 0
8310 -2.3258026906790525 8.108974374286344 2.1815523044447089 0
8311 -6.4433737651901097 3.5954238323152139 -5.3348159095370011 0
8312 -6.6006694429262005 3.5574397609600856 -4.0984436752850453 0
8313 -6.0397119039878477 4.3508630231966023 -4.2831643966902853 0
8314 -5.6884491102689232 -6.1968662171311104 2.492994121299327 0
8315 -5.9110104320395447 -5.8779799352392095 3.4877569354087199 0
8316 -6.6283642870597346 -5.0629081866653713 3.4454856674297432 0
8317 -2.6528347435330812 7.9456905329996275 3.0555530068892449 0
8318 3.5176008716670371 5.7332227300429768 -13.246324919236624 0
8319 3.9802538770198961 5.2333955220798689 -13.557309141962566 0
8320 -4.3337261512100893 1.722840230441554 -14.151151402869022 0
8321 -4.0604616960908801 2.5561847532373507 -14.092744229680292 0
8322 0.027195090386810339 7.6629724801634298 -10.730153851921679 0
8323 -0.57277816178688457 7.8932785899134412 -10.019901497481552 0
8324 -0.79155329305508593 7.5222831390285751 -11.02262218965668 0
8325 -0.61507966256469238 7.0485983754826167 -10.192169592706705 0
8326 0.30112829964932869 8.3591655609205038 3.2826496973393549 0
8327 4.5239318032679803 2.5534578619156503 -16.070321925854582 0
8328 -4.5934040362769508 -1.6083368459887755 -13.764687709895369 0
8329 -4.9108341762298622 -0.80996316480889963 -13.642130755390403 0
8330 -0.45573742595648958 5.713713762274649 -15.192887008207464 0
8331 -0.71218345568991182 5.831067555756432 -14.920494300099692 0
8332 -0.3100459846585979 6.0616674213109354 -14.612078688969154 0
8333 -5.6075816971063706 5.0334404359458471 -11.350694325471876 0
8334 -3.2499550477376848 8.6371923421302554 4.5485423887809135 0
8335 -3.3105053398910558 8.1139019178830765 4.1568811985382226 0
8336 -4.3246483633758714 8.1696646799576182 4.6083388097573099 0
8337 -3.9111410014770112 8.4476144905868171 3.7347287784094894 0
8338 -2.8364476858388246 8.9151421527594543 3.674932357433093 0
8339 2.8049095275313909 5.2634622052142586 -11.45113013544551 0
8340 -0.75177837539088732 0.96867721136982743 -19.079838951766476 0
8341 -7.6390413466326361 -0.5076902730371784 -11.060591670310437 0
8342 -7.7916293516454047 -0.12033406433904364 -10.422051699562601 0
8343 -7.6995872314699376 -0.97655484100982171 -10.544384198897941 0
8344 -7.0002904922293601 -0.76039055436314973 -10.659994819960072 0
8345 -0.37057052990721168 7.2762295599409388 -5.9100037699317207 0
8346 -1.1365676666197346 7.322960791583613 -4.9962447023197694 0
8347 3.7095321733130744 -1.8048299361098006 -17.367112196504173 0
8348 -3.5776827596998668 7.3376302397446116 4.1362032174673464 0
8349 -3.1036251056476356 8.1388704746209903 3.6542543763622168 0
8350 6.9887707687351508 5.5141724765382927 4.5901680791765411 0
8351 7.3223602179818919 5.1391639711035761 3.8034410203426359 0
8352 7.781441570247936 4.2928058537038112 4.5755021924548682 0
8353 8.115031019494678 3.9177973482690955 3.7887751336209639 0
8354 6.8232044933821534 4.2756976195819858 4.1656702716314093 0
8355 -5.7064400700663036 -0.56319076661959133 -15.303237303790976 0
8356 -6.0096669560613112 -0.62806338855825461 -14.617602341188199 0
8357 4.2905983668378989 2.1217382370304456 -16.609979052288857 0
8358 -0.158542944007692 7.4670226015832526 -4.9367405255704462 0
8359 -0.52839466188314643 -5.7155376116886023 -12.062715860520083 0
8360 0.28851341716235723 -5.4853264865002132 -12.522784169468611 0
8361 -0.65117954477433548 -5.4232573285053043 -12.811606861325707 0
8362 -7.8480357394994193 0.50121393444855566 -10.270128573625469 0
8363 -7.695447734486649 0.11385772575042086 -10.908668544373302 0
8364 7.4612433488456134 3.6330046025114981 -8.5946964320449908 0
8365 7.8154846371832267 2.774217778376098 -8.7773047967518671 0
8366 -5.1842963867452898 -6.5178274076521721 3.3858054073662398 0
8367 -4.6573782687025647 -6.999771187676405 2.6268391105042754 0
8368 -7.5178206647092303 -2.4117393919541312 4.5303065793441473 0
8369 -7.0820333693844031 -1.7305595249163521 4.5303065793441473 0
8370 -7.0169559893420441 -3.1128330481683664 4.7139700783387255 0
8371 -6.5811686940172178 -2.4316531811305877 4.7139700783387255 0
8372 -7.2438250478935782 -2.2773135170570704 4.2442766576828737 0
8373 1.1937414138895974 -7.6977736628291602 -1.0423699177485297 0
8374 1.0586232740943493 -7.6034210795183839 -2.0170374222367338 0
8375 2.1969652472786558 -7.3751630799677343 -1.8449172752476324 0
8376 7.2290750429508099 4.4040381856502933 1.644710901034069 0
8377 8.829606589935235 -1.8971652797875029 3.7121132471232703 0
8378 -4.8509828631528729 5.9238928681483545 -2.3039566418913235 0
8379 -5.2766783453318329 5.3864639171108273 -3.6023414632059705 0
8380 -5.3742125994662526 6.3834729343779149 -3.3091731014775436 0
8381 -4.4886073650933689 6.2751824384653405 -3.0183936225840045 0
8382 2.6094026257947309 5.8076150806420728 -14.095097436759012 0
8383 0.75572443213099771 2.439720596006377 -16.632497503853457 0
8384 0.96725721475325432 3.1582037561494265 -16.079784855714585 0
8385 5.0659150210663757 3.4554500801923864 -14.672123194108853 0
8386 -7.4154623700556961 -4.0134647209888268 2.1561099380224764 0
8387 -1.0279364127781534 -4.5764677043055606 -16.769320431374254 0
8388 -0.84416346780322848 -5.0103218555343041 -16.212693045941727 0
8389 -0.94950942849093833 -4.5730695386530789 -15.70506698105217 0
8390 -1.4775856181406595 -4.8662515372526549 -16.224355908768015 0
8391 8.0435115781201922 -2.1787309589832264 3.5406301274224097 0
8392 1.3738380977182434 1.1230764429074462 -18.981092267230537 0
8393 1.7036154044884562 0.67925050826936273 -19.220312114490383 0
8394 -1.447448676411258 4.2964618919566222 -14.478203819856722 0
8395 -0.80794143384745221 4.1190560104658154 -15.00347470098599 0
8396 -1.7051319538250216 3.8064399630684331 -15.0715535149033 0
8397 -4.5312007029788788 6.2153434322011893 -1.5681418766689394 0
8398 5.5824376944403458 1.8072758186698858 -14.94546028732039 0
8399 4.8729657119299405 6.9143566677181632 4.2963267594403289 0
8400 4.3913795991185918 7.2629905687027332 4.2465240302525018 0
8401 5.2277402447650845 7.8169774902592026 4.0864756478679469 0
8402 5.1737597006967224 7.2104484678144303 3.9505610161881206 0
8403 -2.6344696717569724 4.1219937970608962 -14.054935987176961 0
8404 -2.1519014469929658 3.9057475621229392 -14.67098270043115 0
8405 0.81661932673541593 7.1156670781614544 -12.13482355475875 0
8406 1.094804239862075 7.4604803113438161 -11.194457850945831 0
8407 -5.034825664082538 -4.3690680250961123 -9.1783484606606169 0
8408 -4.3285765789049675 -4.8249418988571149 -9.7300450846382365 0
8409 -4.584855126133351 -4.9860099252682222 -8.7368454045816648 0
8410 -5.2997079181261117 -6.5590749646802546 -2.226454463916947 0
8411 -4.5143449379757179 7.8274205058531559 -4.6967282429413801 0
8412 -5.1538427996054734 7.294738838492199 -4.9951289240316026 0
8413 -6.6817478757914639 6.385883216107576 4.7161142102352338 0
8414 -6.0331308820817835 5.8533615346942458 4.7161142102352338 0
8415 -6.6608300135411973 5.2664404530550062 4.6638286832464813 0
8416 -6.6445509481779954 5.8779584095142532 4.3799428934817151 0
8417 -7.3094470072508786 5.7989621344683364 4.6638286832464813 0
8418 -0.70580786293961872 -3.7569209503691008 -15.524433409650127 0
8419 -0.88958080791454364 -3.3230667991403573 -16.081060795082657 0
8420 1.1662351424010784 -1.9665567304484024 -18.973553951145107 0
8421 -5.8324185716901304 1.5542039535651369 -14.58546375219418 0
8422 -6.1556393742667073 1.3552697143687609 -13.852417772605525 0
8423 6.5196822996639039 -3.7043413788974675 3.5828432591916952 0
8424 2.1710910339722869 9.0050107860241919 3.8330795575776593 0
8425 5.5703467437621752 4.7505128118853577 -5.6897279819886819 0
8426 5.9232888424148813 4.5570426223959952 -4.495718828522044 0
8427 1.4301618250223258 2.812503684829978 -16.402404544575429 0
8428 -3.5010803139584241 -7.2253949272572164 -9.7375343805047052 0
8429 -2.8303893517282486 -7.3569906783523304 -10.270736997811987 0
8430 -7.900315063506774 3.4700313440905033 -6.6415615849456184 0
8431 -6.9719017682619109 3.4912114081044612 -6.9981660782254069 0
8432 -7.3159359409412197 2.9839426134995817 -6.1516126056287588 0
8433 -2.79143637995542 7.6950716408296174 -4.7800391912703848 0
8434 -2.6692024483811769 8.4876602337932887 -4.8748752365629162 0
8435 -3.7950625706231849 8.2082259412746463 -4.5937319699659298 0
8436 -3.2085576865860981 7.7254510077713832 -3.9100406146651627 0
8437 -3.086323755011855 8.5180396007350545 -4.0048766599576942 0
8438 6.602913455643753 -3.522513583960702 -11.494175181076079 0
8439 6.3480118006814958 -3.5516113793313844 -12.127484915834637 0
8440 -5.3724257100865263 4.9699054919581833 -11.956580139150693 0
8441 -4.3637943345409527 4.0698201100205846 -11.504422649739688 0
8442 -3.7468550437466268 4.6755464154862683 -11.203975292680649 0
8443 8.0965175959019113 3.1033858001511323 -6.8173973744276619 0
8444 7.7726234240010754 4.008298352533946 -6.5482302432633865 0
8445 -6.6574629223311064 5.0478482428958786 3.2721308804695388 0
8446 -0.9652183126534134 -2.8937917624726666 -16.429477685457794 0
8447 -1.6318088101928485 -2.6081468822230578 -16.507175272541645 0
8448 3.0568603817669819 3.6538416703025041 -14.203265338878905 0
8449 2.4203840303793163 4.1711731724759789 -13.988550071710776 0
8450 -7.2240695571056364 -2.519672086051481 -10.885463419270913 0
8451 -7.4117047442540525 -2.875473603775097 -9.9827709125721693 0
8452 1.0708170132925101 5.2610711788177795 -15.821785837622532 0
8453 -0.69903600858722748 0.86105689257457141 -17.554580447005332 0
8454 -0.47567225342597319 0.77469179009959455 -19.153294701637652 0
8455 -0.74348186465538035 0.18436567855335809 -19.466717550683978 0
8456 5.6510964889399498 1.2124883158524535 -15.244348207608487 0
8457 -4.7682230041314586 -5.7670151393798559 -11.472512120674814 0
8458 -4.6101264502540591 -5.6329697103687089 -12.051759435212723 0
8459 -5.1613905068338752 -5.2742723500077453 -11.862130615943993 0
8460 -4.5283972896040581 -4.9311081653265276 -11.782027898811075 0
8461 6.1870091878653639 4.0940484363615308 -5.5021776040049701 0
8462 -5.6115233099605408 5.135807637953544 -2.8635494128723966 0
8463 -6.0425341888207456 4.8405792088567265 -1.8840639616347268 0
8464 -5.1858278277815808 5.6732365889910721 -1.5651645915577495 0
8465 8.6668381939659884 -3.0500256251825482 0.69128859143060795 0
8466 -4.485830608486177 -5.7505538405970178 -6.1010627001282316 0
8467 -3.7704135423597629 -6.145339974250696 -6.3230851691579222 0
8468 3.3610318897797589 0.87503103115522651 -15.980649815459071 0
8469 3.6037432593935477 0.41851751980244994 -15.815702131839206 0
8470 3.0789561122277598 -7.7522205795667141 3.2737952953243616 0
8471 -6.6823045236632979 -4.0019961177918457 -10.482082530902364 0
8472 -7.1055114267630213 -3.4739707822571129 -10.07808363634847 0
8473 2.7525409324413967 -3.5703848002149936 -14.486607474879381 0
8474 3.2343804689618993 -3.459636077627414 -14.100424729091547 0
8475 3.3796038389032859 -3.790426283509527 -13.4019182111492 0
8476 -6.2243075168631075 -2.7648067793846165 -13.075332823098957 0
8477 -6.3493803440813981 -2.1588716477972945 -13.395490050220182 0
8478 5.3844695300934218 1.1656622901862328 -15.663524498828339 0
8479 9.0129316502927459 -0.26496516454703417 -4.1202980390431323 0
8480 9.1245136596957259 0.48314489987792136 -3.5208980803138208 0
8481 1.5750082696114407 -0.23309686526034912 -19.274283392970474 0
8482 2.1733101405063482 8.8095463890547236 -4.2423590880987767 0
8483 0.83598023157814638 4.5536882665730136 -14.367188813155909 0
8484 0.083059797232455296 4.9107450306165923 -13.786233942046811 0
8485 0.99449534674041207 5.0437500349764779 -13.418484985131215 0
8486 0.65358879551339655 -8.1877657399737895 -8.9447511554791888 0
8487 -4.8423673416196591 2.2056757647035448 -13.211540376495986 0
8488 0.87023905659969247 -5.9200920267256834 -11.490307631384951 0
8489 -4.276967037775858 -0.61427235901338384 -17.134338763684262 0
8490 -2.0648768079599504 -2.6766867650265036 -16.182786747056397 0
8491 -1.0249984022020602 4.4418954455718067 -15.767067794494757 0
8492 -0.34893419591113572 3.9060809035533639 -15.355734095939454 0
8493 -0.25182435548342585 4.7405885021926348 -15.662312498733144 0
8494 -1.0586339532299522 -5.8015152162803645 -11.663825589645448 0
8495 -1.1814188361211413 -5.5092349330970674 -12.412716590451071 0
8496 -1.8689534418177893 -5.4928895913385301 -12.044622301173906 0
8497 4.6628148088677657 1.6847011785917732 -16.350052701196638 0
8498 -7.4814611921991681 -0.050849427517096632 -11.554053208748279 0
8499 8.7766299065593643 1.1070029840410527 -6.0418999072878812 0
8500 5.4942564844911344 5.1013537585525333 -4.0770945215685366 0
8501 4.7608712346920115 5.8485516717781465 -3.9254083928767902 0
8502 4.3289907283469748 -1.8758779586242698 -14.139751173111442 0
8503 4.7748506302160667 -2.5342501290914932 -14.386554824536331 0
8504 -3.2579024553667502 -6.6734902735431421 3.7655661564316176 0
8505 -2.369688245246846 -7.0791241135115222 3.7655661527078692 0
8506 -3.1156231638112906 -8.4112284565350137 3.740855318676775 0
8507 5.007792454139528 7.521405422221493 -3.9376423381902987 0
8508 4.3585785314149437 7.9670923028214657 -3.5855985616272212 0
8509 -4.2446389579836099 -5.6921437544255848 -12.504865076000675 0
8510 -5.7151650961171327 -0.11028254836455315 -12.144020731409807 0
8511 -6.4967730829297263 0.2286499286489761 -12.289962406382116 0
8512 -0.43936763258946188 7.4857741280975754 -3.9977680394776831 0
8513 3.5214296183176566 -1.1469264094244993 -15.795374734411983 0
8514 1.8219446996884034 3.5951015431975262 -17.518245428005034 0
8515 1.3590400894193317 3.9408016145169746 -17.195625739144191 0
8516 0.89194347374456795 3.854897112340983 -17.67970721847923 0
8517 2.7772783903562877 4.3667197295961007 -13.201228027098772 0
8518 3.2399313957091467 3.8668925216329928 -13.512212249824714 0
8519 -6.7509195619748148 4.9852911259437143 4.2064913765512628 0
8520 -6.139499495878602 4.9606942511237069 4.5426626933047825 0
8521 -6.1232204305153992 5.5722122075829539 4.2587769035400154 0
8522 -2.5920046017776195 8.7497026649770042 -3.4564667500005042 0
8523 3.0718518201334599 4.7938019550972228 -12.03027808396547 0
8524 3.3534872415825112 5.0612413072495759 -11.175066865371253 0
8525 0.26845404428442349 -7.0337675550639194 -12.468592751211123 0
8526 6.8457216068899358 -1.131649212330343 -8.2122410294570418 0
8527 6.6245747667989736 -1.8742885686022408 -7.9627001243309312 0
8528 6.9794367869412479 -1.1701609638366417 -7.2508567022381687 0
8529 -0.9845620726336195 4.9324121492046036 -13.48559609013266 0
8530 -1.144762343992191 5.4094974262332158 -14.164472594416615 0
8531 -1.7697607564953171 4.761864371659124 -13.541133528241701 0
8532 -1.4944223927198945 5.2109318764086723 -12.796770447552749 0
8533 -1.6546226640784658 5.6880171534372845 -13.475646951836705 0
8534 -0.86942398021676837 5.8585649309827641 -13.420109513727661 0
8535 1.9661850823594536 7.3566356589361099 -3.8157778771192086 0
8536 2.8477887646577669 7.032955479038959 -3.4366532718277156 0
8537 1.0595132831171614 -8.5430834372714184 -7.0658888861396623 0
8538 1.260859406619542 -8.6713144690868251 -6.3289722005723537 0
8539 -5.0976100422150541 0.97046483633131941 -16.156583822316861 0
8540 7.2393096949532705 -2.0729074996286254 -3.9797942017693364 0
8541 -4.7554864192922004 5.5756317974238652 -11.656132782091657 0
8542 4.2812392587218167 5.4054405125344829 -12.903174451759419 0
8543 4.2145581697510277 4.5495751996154592 -12.815965300372008 0
8544 -7.2332031332817346 5.7512116507906867 -2.0062431441171649 0
8545 -6.3764967722425698 6.5838690309250314 -1.6873437740401878 0
8546 -5.9717712339473046 7.0607663369305502 4.7161142102352338 0
8547 -1.1642999618672678 -6.5690750676015544 -13.575063440543513 0
8548 -0.65303335349205782 -6.4710921651957189 -13.872011687991986 0
8549 3.8354902071882391 4.4660197375887289 -11.687127616488265 0
8550 -1.2818215037381848 -5.52368090899202 -15.185368997729139 0
8551 -0.8008573954851137 -5.3275773250915357 -15.789443538819583 0
8552 7.0885160084000294 -1.3368022902779895 -6.4756523275422841 0
8553 6.7022710612173757 -2.3726635442761541 -6.4927491735704095 0
8554 7.0694094063718875 -2.1092589584324388 -5.7448358341545145 0
8555 -5.2543624283753889 -2.5267667732061465 -14.915701169073319 0
8556 0.047556525090084512 1.8354997553000536 -17.10908129973301 0
8557 -0.79760385529119315 2.0749356418247524 -16.972728615957514 0
8558 3.5259181235848724 2.3749797832365558 -17.205148509458567 0
8559 -3.2125663611330122 2.5429644611520734 -15.229517556030533 0
8560 -0.50122382173790747 5.9280794367475371 -11.312866877049608 0
8561 -0.77393857497298235 5.6578203035420778 -12.081063670182566 0
8562 0.039339648577329661 5.723955544700031 -11.960764243127526 0
8563 9.0399108580425072 1.6679915827636542 -2.7488652778348683 0
8564 8.2573907541511868 1.8015647797396896 -2.2521386687802085 0
8565 8.8682133525560616 2.5032665627474984 -1.7374596900939969 0
8566 8.7460940103525431 2.6101061457866255 -2.8950305308034814 0
8567 -1.0822533212387355 -0.079240893618975877 -19.425594066923697 0
8568 -6.8389590027363436 -0.91111198206109001 -12.974492063229007 0
8569 -6.5546623387561045 -1.5891065330030081 -13.284791679345208 0
8570 -2.3602015634861595 -6.326428144700909 -13.399941606914371 0
8571 -2.6816309945748955 -5.5547609448502548 -13.07194135132881 0
8572 6.3163100219186967 -2.9584126702286655 -7.2868949701051928 0
8573 6.7750306400911802 -3.6869874256774047 -7.1784198123326917 0
8574 0.17869219451180307 -4.7277153051872229 -14.102445823042647 0
8575 -0.54519035857878628 -4.499967886277302 -14.305148776593789 0
8576 -0.064226250325715134 -4.3038643023768177 -14.909223317684233 0
8577 -6.4813111252100288 -2.9094158039687001 4.034505994020785 0
8578 -5.8148661034575095 6.5518647472492457 -6.1870333557776895 0
8579 -5.4482675781574805 5.7493421994319052 -6.8827980969698519 0
8580 -5.5894856767150323 5.8960574630935394 -5.6679201666811014 0
8581 3.9324145443226266 1.2740720980435731 -16.421992146263698 0
8582 -3.4967466416362889 -6.0457440240406939 -12.799547685407237 0
8583 -3.2292409166769209 -5.6434057953025993 -12.266339327486367 0
8584 -4.0473291124663966 6.7092029969704257 3.7924613061993213 0
8585 -4.7750979432511418 8.022448215568545 3.7779581894087224 0
8586 0.90653684709995797 4.1784270478012004 -17.093348867805638 0
8587 0.43944023142519406 4.0925225456252097 -17.577430347140677 0
8588 8.3369223545526232 2.4585834501018442 -6.7584083292267056 0
8589 8.5995079652202424 1.7184530471558364 -6.3473238052937839 0
8590 -5.9721944599618721 4.2578730975009424 -5.3382576563090707 0
8591 -5.478730372893815 4.9868555381696389 -5.46011719566678 0
8592 -5.5685325987596102 5.0133122883823313 -4.2866061434623548 0
8593 -3.7592989156952723 0.86665642169180379 -15.580580594191623 0
8594 -5.1467198568778922 6.6012870009927784 4.7161142102352338 0
8595 -6.2013474913103659 0.13270370814215626 -10.859555623275387 0
8596 4.7574534952539391 4.8353889740713587 -8.6017912914471868 0
8597 4.2002968385597814 5.5359250234047739 -8.0402516690273966 0
8598 -3.4235520969308038 6.0722509222754955 -7.6269429282059367 0
8599 -4.1699681165253208 5.6727449732778465 -7.4642456986700889 0
8600 -0.76379424004658047 -0.32212296249054395 -19.471366633570035 0
8601 -0.23520564664194338 -0.25643764759889953 -19.501301614217194 0
8602 -5.373299616049203 5.5928063073780319 4.6013304311752901 0
8603 -4.4868885908453118 6.3407317736765645 4.6013304311752901 0
8604 -4.539229718118369 5.5000121746438086 4.6013304311752901 0
8605 -3.6396879918740774 -4.8436356187016187 -11.244889572233685 0
8606 -5.2103941461440915 -5.6433618825687635 4.6883941195273913 0
8607 -4.3239831238257747 -6.3912873501868237 4.6883941195273913 0
8608 -4.3763242459154839 -5.5505677551682053 4.6883941195273913 0
8609 -0.89715296608369566 5.3962329897079258 -12.693361783116721 0
8610 -0.38729264599742086 5.1177132625038571 -13.382187425696632 0
8611 -2.7425615276411293 -6.4326416180104209 -7.4593734754854681 0
8612 -3.2795914478398664 -6.3082629069551786 -6.915348304076101 0
8613 -5.993443850552552 -7.0697944001833442 4.6946704200642291 0
8614 -5.2742562299915239 -7.5794612567144917 4.5995338894877085 0
8615 -5.3410093972817645 -6.9926024984395099 4.2942043095519367 0
8616 -5.1683924599599234 -6.6103150749193169 4.6946704200642291 0
8617 -4.4492048393988952 -7.1199819314504644 4.5995338894877085 0
8618 -5.5862066174073908 4.5071435180775641 -12.333502341895393 0
8619 -5.857728530045204 3.174280265961456 -13.643270066698978 0
8620 -3.998470084859735 0.35368088778516676 -15.370573824419161 0
8621 7.5842943291427289 -0.20084509000909395 -10.849685267346072 0
8622 7.8018543697051514 0.31664676462449537 -10.269893838790068 0
8623 -1.5561713054539787 -3.0374219188907485 -16.158758382166511 0
8624 -2.3739307131128164 -2.9637979652067505 -15.695584284302257 0
8625 6.2536044942407134 -2.4865371185426257 -11.644650126925297 0
8626 7.0429833695259667 -2.7088472255394072 -11.228388927823801 0
8627 6.6553930128262486 -1.9461059902949542 -11.073183825977749 0
8628 7.4447718881115019 -2.1684160972917361 -10.656922626876252 0
8629 6.5637425851395985 -2.5884584294686173 -10.576660825950345 0
8630 6.6828178482997567 2.5403885822086538 -6.9582976126146869 0
8631 6.1773433373761044 3.3689398040506533 -7.6473388549312826 0
8632 6.3589236763989216 3.4453011345914675 -6.6891304814504107 0
8633 -5.5236243474955771 1.9668333474612067 -14.891144422678973 0
8634 -3.7946611723479977 1.4483405960060631 -15.134579701828562 0
8635 -8.1598540257983192 2.9949715741087632 -6.1535948988679845 0
8636 -7.8135253869663384 3.9949049918698054 -5.9984062610321676 0
8637 -8.1704963129934498 3.4342226156884585 -5.4395157137789507 0
8638 -7.3265782281363503 3.423193655079277 -5.437533420539725 0
8639 -7.6729068669683302 2.4232602373182348 -5.5927220583755428 0
8640 5.293646628863506 0.2674556655892335 -13.065920391060285 0
8641 5.1100738312974503 0.80370616588736388 -13.328661656405902 0
8642 5.1025063881690862 1.4947536271651538 -12.92293852336361 0
8643 0.51950493868174763 -0.036636597811075318 -19.479506661221016 0
8644 1.3475289455820982 0.18658170362650384 -19.364478933330247 0
8645 -5.2503598923763679 2.8001778702570035 -14.832737249490243 0
8646 -1.1718672608283867 4.468631685033003 -16.77630319248895 0
8647 -0.43566810132258793 4.2850641159856782 -17.354833127388396 0
8648 -7.4761868237989564 -3.7440541520480002 2.9734657254369763 0
8649 -7.1567514002580479 -4.2369520043298312 3.4799475610189763 0
8650 5.4217787816906569 -2.3419068035472881 -14.867733266600595 0
8651 4.9970920635084966 -2.3095677048238792 -15.643065530891306 0
8652 4.9562605206648858 -2.7992191232346508 -15.242494828494827 0
8653 -7.8690373944729028 4.9949766877335593 4.6638286832464813 0
8654 5.4952319535732226 -0.36925296381529887 -15.541123054556872 0
8655 5.1757063938015619 -0.051706234914111915 -14.954306622972966 0
8656 3.372353986818454 -6.841118066465774 -3.0000001411725679 0
8657 6.7607306985499811 -0.44329466006459123 -13.266049495458189 0
8658 5.906394071469709 -0.17583899447535617 -13.526286202626206 0
8659 6.2980133193246939 -0.50563979592407393 -12.798807238044983 0
8660 -4.4966000611476158 -6.7735747737070167 4.2879280090150989 0
8661 -5.2157876817086439 -6.2639079171758691 4.3830645395916195 0
8662 -2.4718266782597906 -6.5552885262148441 -12.863379878980229 0
8663 -2.1959336759157178 -5.4910620588890433 -11.354330848414179 0
8664 4.7255572675549748 1.4485847320167484 -13.709275036197454 0
8665 -3.6767930062142677 5.6117565838503509 -9.2253179992753189 0
8666 -4.3389773865703551 5.1446075043161539 -9.0161957885209851 0
8667 -4.2522265730177464 5.437510155565378 -8.1228044482852972 0
8668 1.6175505166448181 6.4245475328567183 -13.601787693424747 0
8669 1.4302797255773445 3.439450308057463 -17.766111489762828 0
8670 0.50027849963350923 3.6992458772009198 -17.927573280237027 0
8671 -4.023361377259171 -8.3748887325587482 3.7589455457832122 0
8672 -4.8603356957308694 -7.9712487936045076 3.7621462898931926 0
8673 -4.165640668814631 -6.6371505495668783 3.7836563835380543 0
8674 5.0470249164119387 -6.8314504731440815 -7.5710075362624289 0
8675 4.6378128205549629 -7.318134956333731 -6.8762662501107172 0
8676 4.647407638553668 -7.1278917411338742 -7.59282233329224 0
8677 3.0617222178871524 -3.0801349513967189 -17.023035506146339 0
8678 3.0076460846092354 -2.3777635813390701 -17.635009510157758 0
8679 2.4899697395691378 -3.0764706898866656 -17.4996451078283 0
8680 6.851474420209259 -0.96899349691426473 -12.968674515270953 0
8681 -1.6420454012564343 -7.2308593618900749 -5.1527802830837413 0
8682 -0.44055620475367724 -7.4668965929287552 -4.700514181706863 0
8683 -8.4989898014688716 3.138259706312537 3.5402552205648306 0
8684 -8.4374533345077189 3.8906672326801788 3.6079582188690846 0
8685 -7.8592586505012338 3.1418305133274016 3.9889710022503384 0
8686 -7.0807371887220079 2.6220167575784257 3.6366655145912326 0
8687 -7.0192007217608534 3.3744242839460679 3.7043685128954857 0
8688 7.5963622628371485 -3.4726368726039176 -2.8825048953523273 0
8689 6.8527399662109731 -3.4701335849430448 -2.2684999111948541 0
8690 3.4669012616147477 7.5477191242068642 -8.5672293369226402 0
8691 2.5981547035177366 7.0621784739745781 -8.8650924553642465 0
8692 3.2048754182767034 7.3947288199484227 -9.5297550309247683 0
8693 4.0568886748900646 7.0155441905416902 -9.2774445208430159 0
8694 3.188142116793053 6.530003540309405 -9.5753076392846204 0
8695 3.4501679601310973 6.6829938445678465 -8.6127819452824941 0
8696 6.2472281083530481 2.3629382982971827 -13.324924817201392 0
8697 -7.8158642191975467 -4.6156417341185199 4.6515536507791504 0
8698 -7.2562738274287408 -5.419627184695889 4.6515536507791504 0
8699 -6.6076568436325296 -4.8871054885383511 4.6515536507791504 0
8700 3.9671067808008131 0.41851751980244983 -15.349131933648223 0
8701 4.3872516968134452 0.31754672890118579 -14.838835461882656 0
8702 -5.8902032315282735 -5.7616762300764748 4.3063999745828987 0
8703 -6.4430565928825621 -4.7863921113135692 4.2632832052978209 0
8704 -6.6130503791970821 -5.5076515231454568 4.3462240708433786 0
8705 -6.0548034822782402 -5.8623896073012567 4.6946704200642291 0
8706 -5.8848096959637211 -5.1411301954693691 4.6117295545186696 0
8707 4.5071561383819558 4.8794157291788984 -13.445046532816992 0
8708 4.540645255857874 3.8482895304965758 -13.252041962443251 0
8709 5.1342286061907227 4.350175050514629 -13.226988504685089 0
8710 4.8081415200838755 5.0514607196335124 -12.790911842613847 0
8711 1.4169919933031159 -7.4910554832581138 -11.095927033344912 0
8712 0.31752456170398874 6.0687687778823918 -11.020398539314609 0
8713 -8.2088529688824217 1.5512555359519258 -8.4033765469267721 0
8714 -7.8668203066155122 2.5256770596094182 -8.3655143359000128 0
8715 3.4817389443799813 -1.6201451883338427 -17.661409620658382 0
8716 3.9178673203443797 -1.0859030274998067 -17.457424958946895 0
8717 3.9432806355255128 -1.4568194197165596 -17.332508831199721 0
8718 0.044493943647656541 7.3953736641670194 3.6380568174703294 0
8719 0.88621732902972972 -5.7863568261438783 -15.048695680040298 0
8720 6.3709162308731475 0.26745566558923328 -14.066612692149523 0
8721 6.5006739454793561 -0.44329466006459112 -13.810428643294683 0
8722 3.9855156423335982 -4.0452341857316991 -15.25636924598605 0
8723 4.444720730462004 -3.6367841104065652 -15.170846077732786 0
8724 7.8513684669541668 -0.34161611104014039 -9.9474890854702558 0
8725 7.9940227405261135 0.31664676462449537 -9.6255771068714679 0
8726 7.1425052716858701 5.7053696793245035 -1.9470187586157326 0
8727 7.6063937553502736 5.2233139152259476 -1.2444263650988217 0
8728 9.0483358154833979 1.5154708474412164 -1.9389795366095681 0
8729 6.9743893842036622 1.8959835128776847 -6.54272148155267 0
8730 7.2369749948712805 1.1558531099316769 -6.1316369576197474 0
8731 1.3637109680266479 -7.4310876371327712 2.9612132748190181 0
8732 1.9630210147991054 -8.7873365072961249 3.7317750807768464 0
8733 1.7527190657141409 -7.2847201082494299 3.8281466387631449 0
8734 -0.66361068935367573 2.5347928902000403 -18.77343271079986 0
8735 4.3330649676279629 6.6960491454809929 4.5553046992863377 0
8736 4.8629727444954893 6.0669748654521385 -10.521420187619546 0
8737 4.5076066005913464 5.576780234600637 -10.027830350507587 0
8738 4.3955215173105575 6.6410135417541731 -9.8165869663148264 0
8739 4.1512126407280965 6.5216357509987199 -10.72394295568081 0
8740 3.7958464968239527 6.0314411201472193 -10.230353118568852 0
8741 4.2632977240088854 5.4574024438451847 -10.935186339873571 0
8742 2.1656689867875092 -3.5806715351985714 -15.05087585864333 0
8743 1.7286091249910744 -3.9582547154310217 -14.870604436877311 0
8744 4.8099182000959733 -5.0085037058576454 -7.7933787166541126 0
8745 5.5847066437661361 -4.2164605239219641 -7.5697635334077784 0
8746 5.1309601830807612 -4.5694065159437809 -8.3723306226833927 0
8747 4.1409393612932002 1.3079560032805202 -17.109486144481654 0
8748 6.5715878950508166 -2.2963877325060302 -7.6258409110465006 0
8749 6.5402049680104373 -2.6281213817385956 -6.9310943349818634 0
8750 -0.67519130819513551 4.4628113143434334 -14.523304547636496 0
8751 -1.3146985507589413 4.6402171958342393 -13.998033666507228 0
8752 -0.52949986689724382 4.8107649733797206 -13.942496228398184 0
8753 -0.21489327125074326 0.25005099344500248 -19.496652531331137 0
8754 0.42258901419765826 -6.0722012476377474 -11.196764197812151 0
8755 -0.4165055423113842 -5.9520913607105825 -11.46637955279159 0
8756 -0.1755336320779107 -6.1897000891977267 -10.694820461374167 0
8757 2.7220498807533753 -6.4629637877048998 -7.3780985661104914 0
8758 2.8051808464292041 -6.667126294229341 -6.2700546939235799 0
8759 8.9534580223510574 1.7762419468157049 -3.4978858936732529 0
8760 8.6596411746610951 2.7183565098386762 -3.6440511466418659 0
8761 -5.8285487041887176 -1.88321940715574 -14.361941301349781 0
8762 -6.1459788441416281 -1.0848457259758644 -14.239384346844814 0
8763 -5.8226230217334791 -1.1937137754962861 -14.739734127022306 0
8764 -1.1819932933232355 3.6768135703314999 -15.499990700696554 0
8765 4.1353254039081015 4.1733423187897571 -15.066320091971228 0
8766 4.6515010647308896 3.8494643590286866 -14.818164284405452 0
8767 -4.2253767034023308 3.5526279878217433 -12.476586452273526 0
8768 -7.7096222917475092 -3.2360276078254158 4.6472401898126918 0
8769 -8.297058837590523 -3.9618561782199464 4.6472401898126918 0
8770 -7.647098358944346 -3.8785818484839778 4.2987938405918422 0
8771 -7.228427673354533 -3.8898131637239892 4.6515536507791504 0
8772 8.6585921013685514 3.1251400737883235 -1.9328539988643529 0
8773 8.5364727591650347 3.2319796568274506 -3.0904248395738376 0
8774 6.0352209540872304 -0.20084509000909356 -10.972427025265887 0
8775 -5.9822713575396609 6.7148591858512461 -3.7823534605847358 0
8776 -5.1942003773011969 7.6035777072057593 -3.1984056199627697 0
8777 -4.8912169223423643 6.8112327346607451 -3.9104612738547111 0
8778 -5.4992756804157725 7.1426189861340763 -4.3836416329619032 0
8779 -5.6792879025808283 5.9225142133062318 -4.4944091144766771 0
8780 -7.8341249260346419 1.1237508372948279 -10.042175074098655 0
8781 -7.5986703289971391 1.9705512417141877 -10.06276165223499 0
8782 -8.0407953968000445 1.4070094906086033 -9.1304302045158998 0
8783 -7.4515910881830001 0.76644508431953851 -8.9873774802941462 0
8784 0.75584233268601642 3.066667219233862 -17.99620444904086 0
8785 2.7430858062193777 -8.3559616938751162 -5.8242525208569003 0
8786 1.867205862778615 -8.6228693622605377 -5.8753581983259782 0
8787 -6.5258294671939234 0.083405515402702829 -9.680867221351221 0
8788 -6.3732414621811539 -0.30395069329543201 -10.319407192099055 0
8789 -6.4337873470184554 -0.77281526126807532 -9.8031997206865604 0
8790 0.36495600317834131 -8.8636642521265507 -5.3621224877229121 0
8791 0.16428890520199629 -8.0308573081132995 -5.9182005928859791 0
8792 0.65064970354250606 -8.194661377336228 -5.0027587099835298 0
8793 -0.61644281938025114 -4.128603857303756 -15.09461474072674 0
8794 -7.4356266749318571 -3.1016017329283549 4.3612102681514173 0
8795 -6.9544320565388817 -3.7553872888269284 4.3655237291178768 0
8796 2.3701015231678593 4.7720754285120499 -12.914205582044985 0
8797 1.6076218539388745 5.0065107222177527 -13.176858430721541 0
8798 -1.2485133269116393 6.6180313573880394 -13.319429578521522 0
8799 -1.5238516906870618 6.1689638526384911 -14.063792659210474 0
8800 -0.73865300682536439 6.3395116301839716 -14.008255221101432 0
8801 -2.9498499234204569 6.271378784907526 -12.849198479335236 0
8802 -2.1689624243143797 5.8376921765162546 -12.71193797981163 0
8803 -2.1601717994091203 6.5707712665781042 -12.868544370671355 0
8804 -2.5988101745645125 6.7591291469719792 -12.342274912534211 0
8805 -6.5270117661445646 4.8759671205561395 -9.4281811327546947 0
8806 -5.8266914028392485 4.6550510701974339 -9.2943259785903258 0
8807 -5.7876780187523673 5.6919542341260509 -9.4460909820670906 0
8808 -6.3244683490238653 5.2640792382152082 -8.7871788151116395 0
8809 -5.6241479857185492 5.0431631878565018 -8.6533236609472723 0
8810 -6.3634817331107474 4.2271760742865903 -8.6354138116348764 0
8811 2.2663436162793698 -5.4402739527073356 -11.53797975590901 0
8812 2.345428811451856 -5.0761862228061077 -12.201429862865218 0
8813 0.97471050046611307 7.0602095595258874 -6.8701370240773443 0
8814 7.7795729548047303 -2.0958915583832702 -9.6452361211032738 0
8815 7.8872280103240868 -2.2734586441778561 -8.6958875547035355 0
8816 8.1083748504150481 -1.5308192879059586 -8.9454284598296461 0
8817 7.2943329993354515 -1.4829550307436343 -9.3053868637291686 0
8818 -1.8942181695792022 4.3957694910111274 -14.077633005384572 0
8819 3.8545232847766107 -5.433794806980921 -13.313605665031588 0
8820 3.2893531477754543 -5.9608843641616751 -12.923679234670772 0
8821 -7.958660776116691 -1.8224221209425959 -9.2342473630041955 0
8822 -8.0840074037271599 -1.0590004434691624 -9.3389619547588154 0
8823 -7.7671666637442556 -1.4476489891669471 -10.114130343964064 0
8824 -7.252330489439097 -1.6040282541114417 -9.2639043675877097 0
8825 -6.4244327692249774 3.2039723169915115 -6.5505350567413352 0
8826 -6.0740490257455866 5.0528505092050757 -9.9996096670836643 0
8827 -0.072018615651039633 4.0462852587892701 -17.65798487848582 0
8828 -3.1920918857584542 1.1059373195729654 -18.218672008644887 0
8829 6.6136323753769837 -0.96860873959545324 -13.504117592841531 0
8830 6.3931500140859967 -1.5207118044085965 -9.5673769861179743 0
8831 6.5008050696053523 -1.6982788902031827 -8.618028419718236 0
8832 6.7219519096963136 -0.95563953393128509 -8.8675693248443466 0
8833 3.2738685012374766 2.2542832697685453 -15.375250781586855 0
8834 -1.7330833187429506 -8.2679575696450076 -7.8812438476379496 0
8835 -2.6443221734562359 -7.9522781431735856 -7.9496017462405604 0
8836 5.5852847486916879 -5.0632692912613386 -11.232703706528172 0
8837 5.1228801666979411 -3.6045994051821721 -14.238953955838063 0
8838 4.8794923833550401 -3.4520604367994592 -14.796396546108834 0
8839 -0.015018853263141729 -6.2386647222560967 -14.263330994739711 0
8840 -0.53247817674970188 -6.0578218709056184 -14.493950048643091 0
8841 -1.1704926769786179 -6.2902493138452424 -14.102630741895368 0
8842 4.0990727749681142 -7.5251318817789468 -7.3371397803073517 0
8843 -3.5058105534232293 5.8370161045630269 -8.285501677821145 0
8844 5.7324551054592465 -4.1427338463776726 -12.650208252336155 0
8845 6.1015619603073343 -3.5911035655878951 -12.620153580421219 0
8846 5.7495738291850378 -5.8282341128171984 -5.5014754427531649 0
8847 6.5486129373674995 -6.1730741845367181 -4.7786114487005902 0
8848 6.405655055364571 -6.101579231471999 -5.8360079103494904 0
8849 6.2157796214245664 -5.0590315404023984 -6.1901482926044658 0
8850 7.0148187296070272 -5.4038716121219181 -5.4672842985518919 0
8851 6.3587375034274949 -5.1305264934671175 -5.1327518309555664 0
8852 1.0131341311405968 8.8390193849133176 -5.358488088521856 0
8853 0.92239551931533936 8.0482605196272132 -5.6334818706454426 0
8854 1.0858022335693853 8.2242249139200077 -4.4920200540593491 0
8855 2.8855055068317759 7.316856009812529 -10.255467607748205 0
8856 2.9438332402105925 6.4106257495539518 -10.482663628650604 0
8857 3.4932098868626755 6.8182935896503434 -10.910513087032436 0
8858 3.7375187634451361 6.9376713804057974 -10.003157097666453 0
8859 2.6910936387978128 -3.2148909773799765 -14.967632047629159 0
8860 0.6774197782621445 -8.0141429870083467 -9.5578533933751899 0
8861 0.049452627684339195 -7.2994776796181435 -9.5226249578562356 0
8862 -6.3971066916413815 -4.0747312016213559 4.6515536507791504 0
8863 -6.1856350076288926 -3.2977510860657335 4.7139700783387255 0
8864 -5.8739910117603422 -3.773873481128927 -12.706687696013809 0
8865 -5.6384526845372838 -4.5319397396594745 -12.232104733918131 0
8866 -5.0192386575022372 -4.0234289186866405 -9.8750318755607083 0
8867 -1.6566193241550229 -5.9230074561042905 -11.006715613749353 0
8868 -1.4586949940789955 -6.7357495546253041 -11.142318537939918 0
8869 4.512258607290585 -2.0585203040329816 -13.714009443028981 0
8870 4.0467403462648139 -2.5158326237203443 -14.088771004923213 0
8871 6.2179323470361574 -2.1325297691113363 -9.5719623871769102 0
8872 6.325587402555513 -2.3100968549059226 -8.6226138207771719 0
8873 6.0163498525248329 -2.893756262153615 -9.3156791414863669 0
8874 -7.3033110350873658 2.1839397815388679 2.7144966997699127 0
8875 -8.789055596893272 2.4141436953633604 2.848432752822224 0
8876 7.4135322915457165 -0.26496516454703378 -4.9896327862739192 0
8877 7.3655387937848866 0.46830802216021383 -5.7685403838366636 0
8878 3.6935855570903042 -3.0511860023022801 -14.014901560838284 0
8879 0.56779067803946082 -4.4532810228549824 -14.605927115305843 0
8880 5.0993920641486969 -3.2540632198070343 -11.176220569657389 0
8881 4.6305165516385021 -3.9364986502797583 -11.09791586992378 0
8882 4.8444904091864398 -3.2831610151777157 -11.809530304415947 0
8883 4.5117947482288869 4.2867214218658418 -14.422400127237228 0
8884 4.2466774349297314 3.8406013980692855 -13.912997272063571 0
8885 -3.1663636848256353 -5.7874241880509212 -13.598055160689857 0
8886 -2.9660812905803393 -6.2296693081183747 -13.087135746253974 0
8887 -2.2934457219412572 -7.2110210635916214 -11.273510334194032 0
8888 0.50977005468678049 -1.160997706702334 -19.39482638324975 0
8889 0.26313856886077724 -0.45696658437908422 -19.480386404722882 0
8890 -1.3386945048402712 -8.7033917363111541 -5.9358855615027517 0
8891 -2.0538229030025184 -8.6311585744954034 -5.4727097799771816 0
8892 -7.9364913502990433 -2.4005080767141198 4.1775467691568391 0
8893 -5.8696389715090742 -2.5902827299301876 -10.081229166835019 0
8894 -1.6833348025853354 1.8195160550127691 -18.903151557180902 0
8895 -5.18647955188443 2.0319313241198445 -14.205832651666276 0
8896 -5.7294411217822123 2.5026552634425538 -14.448075130871651 0
8897 4.1579404288608233 6.2401323403765492 -4.2965578950283536 0
8898 3.3355684221513511 6.6321537947810292 -5.1895281637445603 0
8899 3.5087265061362398 6.685819220976521 -3.9445141184652757 0
8900 1.6915011244190898 7.3420668834178286 -11.107469775234122 0
8901 2.3534263110090219 7.01868767471559 -11.642837347855 0
8902 2.4577445679834868 7.3171701648421665 -10.716302045211391 0
8903 2.2318106032052274 6.6107056795895609 -10.754153452009982 0
8904 1.3644368775996552 6.6577530183154234 -8.3797955277613969 0
8905 1.9475327963038735 6.4053579767166617 -9.0746979599129993 0
8906 5.7718243797562403 -0.52839179225125943 -12.024266827738277 0
8907 5.9258332471050066 -0.062345135859484264 -11.727907091589543 0
8908 5.8812120867384641 -0.66689174640086879 -11.268786761414621 0
8909 5.6575070891060228 7.0705920205358002 -3.7918945106315429 0
8910 5.6253929643159228 6.0452884203111346 -3.0693457099317305 0
8911 6.3401335637480543 6.4687942873487074 -2.8735358742701327 0
8912 5.8067596497426495 7.0799187166344772 -2.6467097439321439 0
8913 4.475383554338352 -3.8347912959674932 -11.839584976330883 0
8914 7.2595712126353575 -2.7773827543915282 -10.538457010240897 0
8915 6.8577826940498223 -3.3178138826391992 -11.109923311188446 0
8916 7.0579887181240331 -3.5386092474338069 -10.282173764550354 0
8917 6.362160090628274 -3.3496849225108956 -10.320377580259802 0
8918 -6.269101724347526 6.4026738088089203 -4.3761433202549229 0
8919 -5.7861060472236376 6.8304336090917506 -4.9774314926320899 0
8920 -0.92691700309418712 -7.3030925237058266 -5.6159560646093123 0
8921 2.0132071631908879 4.5765288713919281 -13.70152762665699 0
8922 2.2271162804310931 -3.9361653580335889 -14.569851285893552 0
8923 -2.745436608185519 5.1364287584919968 -11.800015344194399 0
8924 -2.1648144752100094 5.2005310318146147 -12.229498794359966 0
8925 -1.8137747263540647 5.6882813938790662 -11.722575227558941 0
8926 6.8108026542513258 2.574539932227712 -6.1611584574773026 0
8927 6.7531763589182834 3.1550586292714926 -5.2499580427254244 0
8928 7.6338084263917452 -0.85910796567372971 -10.527280514026259 0
8929 4.4269594088028663 6.1159485538928093 -11.220797109523893 0
8930 5.1387195125702592 5.6612876683462279 -11.018274341462629 0
8931 3.8642265762582175 -4.3196420784567655 -11.591762597657871 0
8932 4.302780068853238 -4.7751964925264794 -12.227033561571872 0
8933 2.5021842251829192 -5.9289181876725578 -13.799760101972083 0
8934 2.7787984089527793 -6.0529589878484131 -13.28005437863521 0
8935 6.2997095954923878 -0.69754324380721655 -9.9730558184522167 0
8936 6.5172696360548095 -0.18005138917362723 -9.3932643898962134 0
8937 6.3908923389051457 6.323394107310186 -3.9435806393232888 0
8938 -1.9850337013953439 4.8688593931807382 -15.92878945008523 0
8939 -1.4618950408935578 4.7392330004438046 -16.357226635878483 0
8940 -1.0878431814177745 5.1814754405781205 -15.860710636167919 0
8941 7.4184526213042652 -0.14229461550866496 -9.1312742675074077 0
8942 7.2008925807418436 -0.65978647014225433 -9.711065696063411 0
8943 -2.6592283344676435 -4.7841866974185319 -12.641287592067709 0
8944 -3.2068382565696685 -4.8728315478708755 -11.835685568225264 0
8945 1.8612527410599 -5.7444687601952138 -11.118986734358998 0
8946 1.5237728639750321 -6.0794340515083523 -10.384276451166382 0
8947 -3.3748626945256781 -7.7658447564681667 -7.5549888315273304 0
8948 -3.9118926147244153 -7.6414660454129244 -7.0109636601179641 0
8949 -2.458945940222347 -5.2264318174859845 -12.130368177631826 0
8950 3.6062218626613656 1.7892831958828492 -15.271285039726237 0
8951 3.745104868261151 0.92052651255897211 -15.55101581506829 0
8952 3.3728884262312837 1.3575635709976446 -15.810942166160512 0
8953 1.756729426452007 7.1371011026415783 -11.729825423566709 0
8954 -1.9706081544408742 7.1518218520932635 -4.8862671564479365 0
8955 -3.0964682766828822 6.8723875595746211 -4.6051238898509492 0
8956 -2.3877294610715527 7.1822012190350293 -4.0162685798427145 0
8957 2.7420351999398016 6.8041603201944412 -11.798561036391447 0
8958 3.4540578369451662 6.604080390158833 -11.52707121303207 0
8959 -1.7842920725631424 -6.5716338679733814 -13.231474168257396 0
8960 -7.5454742415201981 -2.0827996707974106 -10.257950190695311 0
8961 -6.739431692652099 -1.6661275375898632 -10.771300577123181 0
8962 -6.9270668798005159 -2.0219290553134792 -9.8686080704244361 0
8963 1.7226113841890811 -8.0047445048093362 -4.7401211277646498 0
8964 1.7378557894541795 -8.7608163421947953 -5.1304398474592521 0
8965 2.2741112343998635 -8.7160191146492654 -4.0989323321028479 0
8966 1.1869051484881901 -8.1498641497906981 -3.9712511946271247 0
8967 1.2021495537532885 -8.9059359871761572 -4.361569914321727 0
8968 -4.2013924562272011 8.1889566079536316 -2.9497689549739281 0
8969 -3.1582310821006914 8.5704932137033119 -3.2477489768746031 0
8970 4.6488760516341614 4.4532406770151223 -13.84132993833455 0
8971 5.2759485194429283 3.9239999983508533 -13.623271910202646 0
8972 3.57303604258977 3.329963710541433 -13.955109531313131 0
8973 -1.9914220838916108 4.5157224187787977 -16.378311163373862 0
8974 -1.2563607298402912 -5.8300744519956984 -14.696653002194232 0
8975 -6.7809321306282655 -1.8829201067903449 -7.7063312314983552 0
8976 -6.9479075318543568 -1.8028799760651213 -6.7046148177439306 0
8977 3.101301901311551 5.5984548354438628 -10.119145783347129 0
8978 2.4935975212806514 6.0970172556060485 -9.4641003040628959 0
8979 3.3456107778940121 5.717832626199316 -9.2117897939811435 0
8980 4.0325864543246714 -7.7149379420090902 -6.6091586397449014 0
8981 3.3865209814888062 -7.8362379281115491 -7.203119566632969 0
8982 3.4696519471646345 -8.0404004346359912 -6.0950756944460585 0
8983 3.501050333284959 -7.1902639029571231 -6.183500233481741 0
8984 8.3730978741653317 -3.6682088228634182 -2.3039749977594743 0
8985 9.1148707051577471 1.1454525991306928 -3.1125124384264029 0
8986 9.1232956625986379 0.99293186380825493 -2.3026266972011022 0
8987 -4.4286599758660445 6.4738548673606902 -10.454975492579603 0
8988 -1.0237804787601674 6.0220870166381637 -14.495280947649233 0
8989 0.42311310979512062 5.3912078733953992 -15.853441591954192 0
8990 5.3681458212404198 7.1196357768822782 -5.4453580787012363 0
8991 5.3787419586860139 7.1871208061668543 -4.5394620707963647 0
8992 8.5502272586746013 -2.6244498338269429 -5.2814474359166432 0
8993 -2.2841005167312307 4.9115393947380941 -12.777424556216628 0
8994 -4.518951145258927 -1.9542546729073189 -16.454950020829745 0
8995 -7.1270271887452399 -1.5782509814703889 -11.822054090385249 0
8996 -7.1027521761399974 -0.77096046647141669 -12.403287300407731 0
8997 7.3453503085894472 -1.3507344254919216 4.4799271365022975 0
8998 6.3670831456801116 -5.7559076405690242 -7.2890649784656869 0
8999 5.2445124896705284 -5.8240858018517017 -7.3229688277430363 0
9000 6.0193009333406913 -5.0320426199160195 -7.099353644496702 0
9001 1.9271503307807194 7.9215642033120588 -8.8819120618876468 0
9002 2.510246249484938 7.6691691617132989 -9.5768144940392474 0
9003 -5.039045415710012 0.41729275522838577 -16.305018235506896 0
9004 -6.7506280870013597 -0.38416671557029058 -9.0280313314813103 0
9005 6.4728767580793356 1.8761720632799377 -13.195061712206577 0
9006 0.13036964146268804 -8.1257229542284239 -9.2453442425386356 0
9007 -0.29784878890862909 -7.9157200463859478 -9.9790296156835652 0
9008 -0.84393472258216495 -7.9425635671017227 -9.3778422947161761 0
9009 -0.92485173636051377 -7.1163182924914423 -9.6551230100337762 0
9010 -0.49663330598919658 -7.3263212003339184 -8.9214376368888466 0
9011 -0.20201813440839719 6.5157687301413896 -9.6753209640480282 0
9012 0.39795511776529774 6.2854626203913782 -10.385573318488156 0
9013 5.179632286037533 6.1163504935602457 4.5901680791765411 0
9014 3.3660203560092343 -6.1927741516980124 -12.312824374867596 0
9015 3.1213258747935244 -5.3921347002853057 -12.36735400461481 0
9016 2.7957231400296552 -6.3248615769675656 -12.700967196583548 0
9017 2.7166379448571689 -6.6889493068687944 -12.03751708962734 0
9018 -5.2646008455581068 -6.685960154494774 -7.6525559177627418 0
9019 -4.6519669934377088 -7.2256564077612317 -6.9210684965638611 0
9020 -6.0382353459767666 2.0900258695464835 -14.142394460386857 0
9021 8.0560507405956709 -1.1172042557977981 -9.421794020418389 0
9022 -7.2175371999660705 -0.78810993443119781 4.5303065793441473 0
9023 -0.53617111080248359 -8.735122349028039 -6.2725775940450426 0
9024 0.48589592323891717 -8.7538067732696057 -6.1260056442801192 0
9025 6.5315846257137178 2.5101529799152531 -7.8299472196381608 0
9026 2.0139271140783084 -4.9672594329819715 -15.798717034081658 0
9027 1.6440097337448614 -4.777998506478685 -15.092831029217262 0
9028 8.2515918820565251 -1.0370037554055846 -8.753419628805716 0
9029 -5.391538969722462 -4.244398123971056 -8.4371752725636657 0
9030 -5.5875458376736056 -4.1244298386282434 -7.6822960210649764 0
9031 2.2095586396419176 6.5583482809751033 -8.1121722659108713 0
9032 -4.1909520484538927 -4.4849382583406552 -11.055260752964955 0
9033 0.5713273248917784 5.1266249003115831 -16.213399989700694 0
9034 5.4434977093340429 5.2467539385910538 -3.00704975651538 0
9035 -3.9322761085800604 -7.0900945587124182 -9.4529199203575125 0
9036 5.2196645632631871 -7.3106548584761812 3.7186463092367443 0
9037 6.184630138811821 -6.9243779547592492 3.7246753962980161 0
9038 -2.6552121874092176 6.1583135298484368 -13.312169354050141 0
9039 -1.865534063397881 6.457706011519015 -13.331515245386262 0
9040 0.25419992323187207 7.2028641987710991 -6.422779526318001 0
9041 1.0981498409360582 7.1792882066930872 -6.1408240482334424 0
9042 -5.1562352665128035 5.1725840648034129 -6.1461262415519098 0
9043 1.0735633517574936 -6.0455085118444103 -11.03478733008839 0
9044 -8.4545401239961322 2.668094323910303 -5.4008238106550888 0
9045 -8.4438978368010016 2.2288432823306072 -6.1149029957441225 0
9046 1.2827693858211995 4.2434255725476682 -14.70279885555405 0
9047 3.8596503637550335 -5.8287969388921219 -12.535536412954821 0
9048 3.6864960117946808 -4.8650451431045507 -12.757280434975627 0
9049 5.8025980135860564 -0.36925296381529893 -15.068398521768495 0
9050 5.7718124381622538 0.31754672890118546 -15.255564750435873 0
9051 -3.8862125480391612 -4.0549176851403086 -12.45812823503859 0
9052 -3.7279461963794054 -4.4814874605044013 -11.860519717077313 0
9053 4.0552894676705353 -6.2967367280327391 3.7586529269054409 0
9054 5.5933747101914388 -2.5027266227932277 -14.493510132477086 0
9055 5.1278564491656677 -2.9600389424805909 -14.868271694371318 0
9056 4.5868412387777964 1.2700550049768757 -16.647938594591171 0
9057 4.2146247967479296 1.7070920634155482 -16.907864945683393 0
9058 2.2239568905528313 -1.3979445818065037 -18.697115633220474 0
9059 4.5820450528556362 -7.9434659270376731 -2.8558768964327825 0
9060 3.9961763110369342 -8.2909623804072083 -2.2499488346502385 0
9061 2.3743898288621583 -4.7393916185620633 -12.863823128574168 0
9062 -1.7039984287364525 8.1921199605079291 3.0812015237817882 0
9063 4.9819806985147856 3.916311865923563 -14.284227219822965 0
9064 2.9218996842579981 -8.5650881835275676 -3.6022075839459253 0
9065 3.3979664339434366 -8.5266509760808411 -2.7859725997682743 0
9066 3.7365918640966216 8.2665174950552167 -3.7483611577890183 0
9067 6.0876702074051252 0.26745566558923334 -14.576063450356223 0
9068 7.8542185101290372 -3.0015367651172369 -7.8375244467477447 0
9069 7.4797908624967508 -3.9536290687519582 -7.6041934429417539 0
9070 6.7564590361512114 5.9602402719925074 3.7495797219568479 0
9071 5.6149449770679229 0.77002798205287848 -15.454529515384134 0
9072 -5.8089900330258022 7.0788485288674829 -3.1354805506525532 0
9073 4.2766954961770827 -6.8336308408650481 -5.8200948330726074 0
9074 5.3532997873648416 -7.0055312255809845 -5.5343998071563565 0
9075 5.1405891316327548 -7.0367017950461586 -6.4118881528643339 0
9076 4.8353003938135526 -6.3107702850413512 -6.6282275415913245 0
9077 5.9119046850013106 -6.4826706697572867 -6.3425325156750745 0
9078 5.0480110495456394 -6.2795997155761771 -5.750739195883348 0
9079 5.4091283739235196 -6.76410383104486 -6.8069106129214578 0
9080 3.368115353589241 -6.3416638016024409 -6.7841376392224229 0
9081 -1.1239241927306551 -7.3280369800453249 -11.679422822032057 0
9082 -1.7219095636557258 -7.4495292198692518 -11.022312846135964 0
9083 -1.4522047874476918 7.5306332721189957 -10.512619797794557 0
9084 -1.4945062882254996 6.6859530576881721 -10.684887893019711 0
9085 -1.2757311569572982 7.0569485085730381 -9.6821672008445816 0
9086 6.7259290341275948 4.7210819293995119 -8.996425418200463 0
9087 6.5149279687723389 3.8768199905218736 -9.0113359921469964 0
9088 2.7722720928229823 7.8221594659717395 -8.6142888000371212 0
9089 -5.0145681711923125 -1.4374694341192322 -13.248491401946207 0
9090 7.5839970806985963 1.1819188396486264 -3.1839727921601391 0
9091 7.2901802330086323 2.1240334026715981 -3.3301380451287521 0
9092 5.4061973301665853 6.8137306398053958 -6.729904493933625 0
9093 -0.89583915991624208 -6.0479866848782526 -11.063511390213275 0
9094 -1.4938245308413127 -6.1694789247021795 -10.40640141431718 0
9095 -3.793378036039595 -6.1055690601936039 -12.236090599403918 0
9096 -3.045485719692274 -6.4591693298087129 -12.53077320881048 0
9097 -5.5530923540487382 6.4892226746602928 -7.4703529264152237 0
9098 -6.0875039038643841 6.1817213878264035 -6.8276978759537315 0
9099 6.8720906851315249 -1.2248587406195659 -10.410873357337039 0
9100 -0.43523510336132731 6.6841665985459926 -13.19913015146648 0
9101 -0.056145756666456437 5.9247001721407173 -13.299810086672622 0
9102 1.1292269626738223 7.5195087475329325 -3.6908807171130054 0
9103 0.053073228033340247 7.5766649134747874 -3.2020622813296198 0
9104 2.9520039512208194 5.4467914229423489 -10.812874592277012 0
9105 2.3442995711899197 5.9453538431045345 -10.157829112992779 0
9106 7.2072783552803203 0.57948024227805395 -12.005634649038234 0
9107 6.5071533342425827 0.5171351064185713 -12.116588842382122 0
9108 7.259999873611207 -0.062345135859484591 -12.216558128974707 0
9109 7.3693875805934308 -0.2008450900090939 -11.461078062651051 0
9110 -5.5263651969488841 -4.9752652832615389 -11.745844401574839 0
9111 1.1045727235599172 -8.802219395088386 -5.6530952680862132 0
9112 0.56886648785902616 -8.9473390400697479 -4.8842253349486882 0
9113 4.2901281296077149 -2.6683715921030569 -13.531328414652441 0
9114 3.9369733404332061 -3.2037249706849931 -13.457458970567512 0
9115 -8.6833533510040901 -3.0616836558803424 4.6472401898126918 0
9116 -2.9724376765963214 -6.0646909549712866 -8.8936419039817718 0
9117 -2.6628010163435527 -6.3296486094253819 -8.0593048102031286 0
9118 4.8017052313890893 0.75169184512277543 -13.910800310852441 0
9119 4.4171886676466139 1.39657041125216 -14.291413690643992 0
9120 4.4858474621462179 0.80178290843472744 -14.590301610932091 0
9121 5.4915641630444334 -0.10179729822606404 -14.274805322893318 0
9122 -0.013165044545419446 -5.190829885565682 -13.20292616807343 0
9123 5.8727719415756461 -1.498738659556502 -11.294386015079802 0
9124 6.0894696138809223 -0.77749140988111343 -10.632075546439093 0
9125 6.1829100324745312 -1.6006599704824933 -10.226396714104851 0
9126 5.4248584450003063 5.6700631275426137 -10.398819849236276 0
9127 1.815497607272214 0.18658170362650373 -19.22904008593207 0
9128 -0.39869321410975234 4.7673247416538302 -16.671547896727336 0
9129 -4.9239207073169906 -1.8331919012340561 -16.03508976649665 0
9130 6.8971993585268843 -6.2491122699929811 3.7257094306837124 0
9131 5.6115385038556083 3.8293118015930396 -8.7395981251715824 0
9132 1.4000806559924257 4.6137681841506524 -13.943154181066664 0
9133 -6.4936964160143154 0.79823734867432361 -9.61858087224293 0
9134 -6.2582418189768125 1.6450377530936833 -9.639167450379265 0
9135 -6.7003668867797179 1.081496001988099 -8.7068360026601752 0
9136 -6.6788858078147975 -1.1972629696172201 -11.287508048535678 0
9137 -7.3878859883225001 -0.6725139982436753 -11.710748333222142 0
9138 -6.654610795209555 -0.38997245461824781 -11.86874125855816 0
9139 -1.7313707879765872 1.3435389977183778 -19.075996707530116 0
9140 -0.71027755148050675 1.4595845956923781 -18.94336144404366 0
9141 -1.281788880107501 1.5868929368078672 -19.122619197486735 0
9142 -2.1728780566256658 -8.6583311874710454 3.7334821553316564 0
9143 1.2172554706085166 7.253386672940854 -5.4974595558111705 0
9144 1.3806621848625624 7.4293510672336485 -4.355997739225077 0
9145 1.753737618824025 -4.2701136788563314 -14.379233713943144 0
9146 7.3505215730651505 2.6977320844314132 -10.391592027167123 0
9147 7.5974785802042941 2.8115174711480724 -9.4618546389489424 0
9148 7.1843482585115508 3.4731449919089021 -10.07017136478483 0
9149 6.8691692571099523 3.0180331663864735 -9.1939443568538728 0
9150 6.6222122499708096 2.9042477796698143 -10.123681745072055 0
9151 -4.7944972640933692 1.7834124881667961 -13.575343542401223 0
9152 3.8122813485845422 -3.6181340639520188 -12.935388269426248 0
9153 4.3696508501144624 -3.0314327511274848 -12.990929028844562 0
9154 4.4285654056430994 -3.5282854133739474 -12.405141396022493 0
9155 4.8550224914047355 -3.7934930477907445 -13.060643573066951 0
9156 4.2976529898748153 -4.3801943606152784 -13.005102813648637 0
9157 -6.3835251008466027 6.815732932723142 3.9696425114858327 0
9158 -7.0112242323060165 6.2288118510839032 3.9173569844970801 0
9159 7.7272488449853531 -1.6822765262751096 -10.121601681692017 0
9160 5.8731117287741199 0.57948024227805428 -11.516983611653067 0
9161 0.84891355692297887 -7.3751042073348669 -5.265152335384129 0
9162 1.3851690018686629 -7.330306979789337 -4.2336448200277239 0
9163 0.31320732122208794 -7.5202238523162279 -4.4962824022466039 0
9164 -6.9181722107859116 2.1102089725152582 -6.097690191469491 0
9165 -6.5718435719539317 3.1101423902763008 -5.9425015536336732 0
9166 -7.3396640824651689 2.4094842316080811 -10.495077218510032 0
9167 -7.0762333106605499 2.5452404621779081 -11.260056368816187 0
9168 8.63358573446855 1.1728674869782765 -6.7729835121535515 0
9169 7.9416584194954112 0.85617076997681241 -6.9087582179952776 0
9170 -6.3454178065722857 6.259846889764936 -4.9499475509838948 0
9171 4.8246068453722142 -0.8660783559451628 -13.840428932668665 0
9172 7.7650565009648842 2.0404269742773087 4.5755021924548682 0
9173 7.4514552213229157 3.1911042261451792 4.5755021924548682 0
9174 -0.32847016411288693 -5.2205652003116416 -16.039366549620311 0
9175 7.4048691410201339 2.2170296337697355 -10.731075603990583 0
9176 -6.7317963431707888 -1.5226011342650851 -8.3322052901686838 0
9177 -6.8571429707812577 -0.75917945679165166 -8.436919881923302 0
9178 -6.5403022307983534 -1.1478280024894363 -9.2120882711285521 0
9179 8.1987050141676185 -0.45894138013316244 -9.0998820418196011 0
9180 2.9157260274314352 -4.9440987975365545 -11.813287041149266 0
9181 6.9344171715770395 1.032070188829552 -7.7740231154170782 0
9182 6.6888771641379812 1.822410263825776 -8.1681583974833885 0
9183 6.8401103867240192 1.8526458661191767 -7.2965087904599146 0
9184 0.38647770069649234 5.2553999989786124 -12.977108872411861 0
9185 0.93186605902160924 -0.2397450292712342 -19.140135779826299 0
9186 6.3958780599639953 -3.0603752469416872 -6.6798981145760816 0
9187 1.7286514450528674 5.9520309744605999 -10.691859281922138 0
9188 7.4122995752121508 2.017193819632471 -2.1725672044192672 0
9189 -2.9602952603142398 -7.5138160736515713 -9.4540353078699368 0
9190 -2.2896042980840638 -7.6454118247466862 -9.9872379251772188 0
9191 -1.7638090175190579 -7.0002018038282241 -9.7695721255551042 0
9192 -1.9967329505990556 -7.7883718341256785 -9.2716014886884999 0
9193 -2.4344999797492335 -6.8686060527331092 -9.2363695082478223 0
9194 5.4827727766258469 -5.0409901295152855 -5.1396892418974129 0
9195 5.3398148946229185 -4.9694951764505664 -6.1970857035463132 0
9196 5.9489785688653756 -4.2717875571004855 -5.8283620917487138 0
9197 2.9355803785787669 4.60755093771576 -12.610885863390118 0
9198 3.3982333839316259 4.1077237297526521 -12.92187008611606 0
9199 -7.5282597009096905 -2.4466643042440741 -6.8792399679896183 0
9200 -8.3495524009087649 -2.3838068091194602 -6.6128539708342435 0
9201 -8.1000366975547404 -3.0117499889268915 -7.1115053797048686 0
9202 -7.2370645802092426 -3.4294137550565207 -6.473379982420381 0
9203 -8.0583572802083161 -3.3665562599319063 -6.2069939852650062 0
9204 7.1479704721199351 -5.370492745579833 -4.704732922177719 0
9205 6.491889245940401 -5.0971476269250324 -4.3702004545813935 0
9206 6.9580950381799296 -4.3279450545102325 -5.0588733044326952 0
9207 3.4344780500007666 -4.5072877004890275 -12.037683900456795 0
9208 2.8641808340211874 -4.6393751257585816 -12.425826722172745 0
9209 -0.68872099417492338 5.0379260570646327 -16.25247134011687 0
9210 7.5924220381394871 1.0293981043261886 -2.3740870509348384 0
9211 -5.5676985202519331 7.4064803150016152 3.8618671110079079 0
9212 2.0837128244551657 -5.2971176868743175 -15.295863262495743 0
9213 -1.4461135301951209 7.3820764656693783 -11.108417162034605 0
9214 -2.1067650245877267 7.3904265987597997 -10.598414770172482 0
9215 5.3712442325085696 -3.1125779108633038 -14.310829104100545 0
9216 2.7811872498573109 7.0183735196859534 -11.182002910391814 0
9217 -4.6306238638400883 6.5470018132082748 -9.8683271492830897 0
9218 6.7336539882577551 -2.0409298950435883 -7.1874957496350476 0
9219 3.6842622043388671 -7.1762203210594606 -9.4528705792033918 0
9220 0.89604471345384096 8.6928659148205867 -6.1129559050270732 0
9221 6.0858440370540787 -0.36925296381529898 -14.558947763561793 0
9222 5.6213218776506411 -0.81254762387988844 -14.018621274038479 0
9223 3.7687438003561109 7.7008417323107885 4.303605472766062 0
9224 3.714763256287748 7.0943127098660161 4.1676908410862357 0
9225 3.7050648178989487 8.1901282252416667 3.8634186763652596 0
9226 4.3277006166614296 7.7522770616336114 3.8063372338516994 0
9227 4.3816811607297916 8.3588060840783847 3.9422518655315257 0
9228 -3.3620287877119832 6.0638221633095242 -12.857991056733198 0
9229 5.2360506290875302 -6.0339040330996916 4.5592346741396934 0
9230 5.7902508808353765 -5.0974686069452853 4.6540502973975846 0
9231 6.2010162046361632 -5.6476271293827596 4.5652637612009652 0
9232 6.0548625670042391 -6.5541656228220058 -5.2851360540261743 0
9233 5.1909689315485679 -6.3510946686408953 -4.6933427342344469 0
9234 -6.4898937146434212 5.923065649152603 3.7961909945553804 0
9235 -5.3570205506860002 6.2043242638372789 4.3174446414105239 0
9236 -5.7236938348140223 6.5551777054069289 3.8548587324258889 0
9237 -5.4633891644828196 5.3116569802667399 4.1439931244800725 0
9238 -7.9967892921523251 0.68513626039527398 -9.7112900676552592 0
9239 -8.2034597629177277 0.96839491370904929 -8.7995451980725043 0
9240 8.5500665771811128 2.5016977683089836 4.5755021924548682 0
9241 1.5931613133924825 -7.2602689085499108 -5.0328496575511394 0
9242 5.183966373459798 6.0767628943372145 4.145472778462878 0
9243 0.40040253673411946 -5.7218802355221925 -11.926447861740119 0
9244 -7.9636391983169075 4.7483930663107845 3.6163453896110451 0
9245 4.9574072178153745 6.2441018038446492 -9.6939866279315563 0
9246 0.60545761098512507 -6.2568151273817278 -10.610031590776991 0
9247 1.0556671232026635 -6.2907406670456698 -9.9595207118549816 0
9248 0.0073349647095561354 -6.3743139689417081 -10.108087854339006 0
9249 -2.1408724271733037 6.0086385067694668 -14.075878326075216 0
9250 3.699218765633546 4.2797687202072661 -12.267735395912915 0
9251 -4.2517190607126079 7.343914402021702 -3.6120605927644878 0
9252 -4.859777818786017 7.6753006534950323 -4.0852409518716799 0
9253 -6.9288144979810422 2.5494600140949535 -5.3836110063804572 0
9254 -6.4223675592179088 -3.1167845837522301 -7.1321906534389221 0
9255 -5.9680312231389818 -3.7404784924734518 -7.1923955893145628 0
9256 4.7705259298727656 5.9192756887557483 -3.1486758624418676 0
9257 5.4531524045147961 5.3174779555686555 -2.2303172260804573 0
9258 -6.4509283437936533 -0.96160026369267537 -13.678431032789405 0
9259 -5.697149660104122 -1.2169017554194927 -13.575518811420345 0
9260 4.9197784905093922 5.9286023848544254 -2.0034910957424685 0
9261 0.6210202854108029 4.5063757139890299 -16.759547081490449 0
9262 0.15392366973603905 4.4204712118130391 -17.243628560825488 0
9263 -5.9500704380441984 -6.3470078027237644 -6.6518692020570809 0
9264 -6.4932646299385119 -5.4651874975960624 -7.292002896865915 0
9265 4.3444682439322388 3.094929953295638 -12.98350090032967 0
9266 4.0505004230040962 3.0872418208683476 -13.644456209949988 0
9267 -5.0890183456410707 1.5101110563381366 -15.952052266277921 0
9268 6.3796146053178742 2.4519354292963236 -8.5883077455775947 0
9269 6.1326575981787306 2.3381500425796649 -9.518045133795777 0
9270 5.9664842836251308 3.1135629500571538 -9.1966244714134842 0
9271 5.2248600271084182 -5.7913742945866113 -10.38386701972512 0
9272 5.8661874753315288 -5.4746357723991448 -9.7435889769280131 0
9273 4.3001014642697557 -5.3937861149074688 -12.724018101115385 0
9274 4.9112584423498902 -4.9089353324181966 -12.971840479788398 0
9275 -8.1139897674178254 -4.1843886628642712 3.9294010047567181 0
9276 -6.6927828092225177 -3.686395919524323 3.9720895664612095 0
9277 -8.064284101733536 -2.7192462048303119 -7.700511415542481 0
9278 -8.1468244038614692 -2.1713431557481044 -8.2035764204262804 0
9279 -8.3137998050875606 -2.0913030250228806 -7.2018600066718559 0
9280 -6.3527855072821868 4.5586347005623526 -10.319552189066449 0
9281 -6.8057482476811657 4.3817513119134173 -9.7481236547374799 0
9282 8.0177799337304858 -1.6929785988255275 4.6602196137962704 0
9283 8.798952246721365 -2.1661591362669812 4.6602196137962704 0
9284 8.192485094165221 -1.5999117292655247 4.1401467502985687 0
9285 8.877790714216836 -1.3828170973190106 4.4799271365022975 0
9286 8.0966184012259568 -0.90963655987755687 4.4799271365022975 0
9287 4.733343995484196 -0.36925296381529865 -14.128129958159079 0
9288 4.7025584200603934 0.31754672890118574 -14.315296186826458 0
9289 -2.3729864812755581 7.0494743524966994 -11.861693775060306 0
9290 -2.1574666585855873 7.3001752128577939 -11.35034449703042 0
9291 -1.4004243132298018 -8.0085098601732589 -8.9412608447632991 0
9292 -0.42611994918494894 -8.191669247299961 -8.8087627925857603 0
9293 -0.23932010073832677 -7.6324025207853285 -8.2011764636890288 0
9294 -1.143111107978932 -8.3145911806246708 -8.220999671563483 0
9295 -1.2136244647831798 -7.4492431336586264 -8.3336745158665693 0
9296 8.2568230237226032 3.4363325755866558 4.5755021924548682 0
9297 7.8228355830886569 -3.3332704143498022 -7.1427778706831067 0
9298 5.5628089664378875 -6.3639938268708374 -7.8229317014788862 0
9299 5.9249124239494684 -6.2966471847716159 -7.058834778137915 0
9300 0.26231758239410519 -9.4124342202694287 3.8021819903386076 0
9301 -0.021193228796592092 5.1878075726819404 -16.186208065049684 0
9302 5.9538947081635607 -1.5502446521433915 -14.388162264512186 0
9303 5.9369562471553241 -0.88102871125662441 -14.765835830343931 0
9304 -3.5233773804538471 6.883290367305424 4.5278644077100374 0
9305 -4.3308932762832226 7.1920343832712508 4.6083388097573099 0
9306 -3.733678074261956 6.4863276301499253 4.1291948388853275 0
9307 -4.5411939700913315 6.7950716461157521 4.2096692409326 0
9308 5.5099628465074648 -0.90934131645636618 -12.495561743464663 0
9309 5.6645144144331878 -1.3881389960762573 -11.931097230055329 0
9310 0.46622750913139177 7.3936572404134129 -5.4495162819567273 0
9311 3.8892428691236978 6.4505035550994947 -11.338393048197473 0
9312 0.58533313880385018 7.4677557066611806 -4.8061517895344537 0
9313 2.7960531615673299 8.5277373498841076 3.8607157952963895 0
9314 2.5298422871744726 7.0599072898708997 3.7102574944209996 0
9315 2.467165329930225 8.0094373096141567 4.1971360458810647 0
9316 6.4850110074581391 0.95586230251450965 -9.4092848984328405 0
9317 6.2723186158889632 1.703632973986176 -9.8033514358803746 0
9318 -6.4188597724361633 6.0255995759531755 -6.1737258172379423 0
9319 -6.0256663211780701 6.4798161264486982 -5.6015029374106842 0
9320 3.7173957761234724 3.6241706319599074 -13.201558928461573 0
9321 6.0528333393720892 -3.6807339013438427 -7.1413136868347289 0
9322 -8.2877021414443277 -0.87595420182272044 -8.7058051572807607 0
9323 -8.1623555138338588 -1.6393758792961539 -8.6010905655261407 0
9324 1.7013239081506524 -1.4082394433807701 -18.90734699089051 0
9325 1.0096911281729883 -1.5979405030009648 -19.185058396113643 0
9326 -0.65486724968276866 -6.2855954133653977 -10.291952298795852 0
9327 -6.2497128391040793 -1.712351995286197 -13.845744993400618 0
9328 4.2949743852913329 -4.9987839829962679 -13.502087353192152 0
9329 8.0451351303060257 0.90901039892589663 -9.2786723695613986 0
9330 8.0793997458759925 1.7705664571142219 -8.7430015187907539 0
9331 4.7098603485701958 7.5143677211231141 -5.5893342302709481 0
9332 -1.1558173421918196 -8.4708575456864583 -7.5179497883573951 0
9333 -1.1065507768453671 -8.5992817605673046 -6.7436293883494702 0
9334 -4.7148345030611392 -5.4062242812038432 3.7958520485690164 0
9335 -6.1896713288979033 -6.152019944692916 3.813412467834564 0
9336 -5.4415485483553958 -4.7663768087908807 3.897803576611496 0
9337 -7.3236234799193376 0.56777295575012732 -11.975274356572235 0
9338 6.5192756230281059 1.8174183607028349 -8.8736140476621941 0
9339 -9.0486246553479983 -0.43709670284322266 -3.6755667995819028 0
9340 -8.3064085261387408 -0.34828216473504603 -3.8660354966739376 0
9341 -0.083874742533383756 5.4623682308658781 -12.57306235606168 0
9342 -4.5395429254967254 2.2586621464229006 -13.708082111061699 0
9343 -6.3806881418714863 -3.4715908547572454 -6.2276792589990597 0
9344 4.6716139172083091 -4.5043784723346274 -13.648331033777271 0
9345 5.2289834187382294 -3.9176771595100939 -13.703871793195583 0
9346 5.2878979742668664 -4.4145298217565561 -13.118084160373515 0
9347 5.781121513888996 -2.1410910987301648 -10.7978630150524 0
9348 -1.4342795458225446 -5.1835070068098865 -15.801106401645875 0
9349 6.6587844198101305 4.4124708489796607 4.5901680791765411 0
9350 6.6220924839113531 3.3357129752066648 4.5755021924548682 0
9351 5.8294216823985678 4.5570795980411463 4.5901680791765411 0
9352 -4.2933382989716078 -3.6097248225042149 -12.384898881325935 0
9353 -4.686663641263813 -4.5045383899624358 -12.379636416772353 0
9354 -2.6506586000614716 -7.7787737281056666 -8.6196982140912937 0
9355 -2.1248633194964652 -7.1335637071872045 -8.4020324144691791 0
9356 7.2665118410939771 -2.1340764644398922 4.6602196137962704 0
9357 7.40639008235018 -1.8814774084612482 3.9686636305977077 0
9358 -1.2480607099915477 -6.8692625118592803 -7.8028498580880195 0
9359 -2.159299564704833 -6.5535830853878583 -7.8712077566906302 0
9360 -3.5488231506581682 -7.3988778363243606 -9.0697108466756795 0
9361 -3.2391864904054 -7.6638354907784558 -8.2353737528970381 0
9362 6.3894560533724754 -5.9475987049694954 -6.5775411825169545 0
9363 6.9986197276149316 -5.2498910856194136 -6.208817570719356 0
9364 6.998725738516189 -0.45894138013316216 -7.8154325565408023 0
9365 7.0738480878837109 0.38786274781659702 -7.4113214887557133 0
9366 7.1324409185675011 -0.49745313163946081 -6.8540482293219283 0
9367 6.819955285058402 -2.4192147955748613 -12.22058626937983 0
9368 5.6465424075018209 -4.9908054404816014 -4.3847866675857823 0
9369 6.1127481997413486 -4.2216028680668014 -5.0734595174370831 0
9370 0.19089855694887464 4.9027318374811912 -16.560343330164429 0
9371 5.0941022787660026 -5.6397466361795328 -10.999707667181223 0
9372 -6.1710490527309645 -2.276237323710836 -9.5294095397274461 0
9373 -5.9834138655825484 -1.92043580598722 -10.432102046426191 0
9374 -6.3048185499971101 -1.4835633907331496 -9.804588817850588 0
9375 0.53441939290259788 -1.6014401661009598 -19.27842896747827 0
9376 -3.5062441904576414 8.1458704236233306 -5.3717984493279101 0
9377 -2.5026179997898765 7.6327161231783007 -5.5581056706323659 0
9378 -7.63339716647811 -2.2403229221446335 -9.8389510658409236 0
9379 -0.42031541603944306 5.3313569561954282 -15.79444736110073 0
9380 -7.4838739058724411 3.3852095837241487 -4.2011611862877691 0
9381 -8.0383170315914612 3.8765304513549896 -4.8139056290907654 0
9382 -6.3085821942895342 -0.49532295799160087 -14.091333050492334 0
9383 -2.7747265448517249 6.5573370391335501 4.5278644077100374 0
9384 -3.7382377552431896 6.0147784455046907 4.6013304311752901 0
9385 6.8986958071644864 -3.3757735964131812 -0.27439478295995184 0
9386 6.8620082891803769 -3.7194650725071181 0.61570790197645031 0
9387 4.5875711891973019 -7.496537285354961 -6.1429361906076085 0
9388 4.8002818449293887 -7.4653667158897861 -5.2654478448996311 0
9389 7.0686961690566825 1.0754078355880599 -7.0202358065098327 0
9390 7.5200213959063085 4.8117462566011753 -5.4356317826083584 0
9391 7.2032455567408942 3.9023080996390389 -5.6619608710548821 0
9392 -7.1034232139792142 1.3315157657018466 -6.0543434504544802 0
9393 -7.2397784447187439 0.35892610980377582 -6.1339361440272864 0
9394 -7.3581859103020921 -4.317889878928705 -7.1741370049728239 0
9395 -7.7708428290345966 -4.0490022412124977 -6.2094206746573199 0
9396 -7.1963273800166645 -0.14929589574483804 -12.246592175933868 0
9397 -0.42079326567659853 6.1447732792565235 -10.678041656223158 0
9398 7.0611137712629546 1.1105401248193536 -12.283457476575785 0
9399 -7.81252224638102 -3.6941959702074829 -7.1139320690971832 0
9400 6.5019792273812147 -6.5342052045907124 4.5652637612009652 0
9401 5.5370136518325817 -6.9204821083076435 4.5592346741396934 0
9402 5.7160424970341026 -5.2148969496684163 -10.616863059072067 0
9403 5.3743480198310989 -4.7534992413924648 -10.118243645286622 0
9404 -0.96902516936482508 -4.6634917411490413 -13.979002334542812 0
9405 -0.24514261627423584 -4.8912391600589613 -13.77629938099167 0
9406 0.63706803934941514 8.9767789393159614 -4.7334564982961567 0
9407 1.4323970854081274 8.9383742998884301 -4.2833024479867792 0
9408 5.4548416680839349 -2.5681254098755675 -11.324904238831692 0
9409 5.1999400131216778 -2.5972232052462494 -11.958213973590251 0
9410 -6.7034204660744514 -6.3949113034587945 4.6946704200642291 0
9411 8.3504478322695928 -4.3658693371300723 3.8463841318273211 0
9412 7.7000656748022962 -4.6707930547206065 3.6741559058615136 0
9413 7.911725528295543 -3.9831241009093725 3.6856914985660745 0
9414 5.0184161893032648 0.26745566558923362 -13.635794886746808 0
9415 8.2738273635351405 0.38786274781659674 -8.6957709740345113 0
9416 7.4935749706717871 0.70450951244109428 -8.7271631997223196 0
9417 4.9089623744085937 5.5207269842319633 -11.732857860640907 0
9418 -5.2018111742474238 -0.74711300384348189 -13.061250302081838 0
9419 7.1020868846484229 -5.758263004995344 -2.739265223545889 0
9420 7.6635378203643789 -5.0523514553257609 -2.4667807807899607 0
9421 6.7189942221269661 -5.0065041788539411 -2.7048129384584989 0
9422 3.8548366177943012 3.8269531446649641 -12.665811019147021 0
9423 8.8647793903910426 1.2281027849300767 3.8386421615503856 0
9424 6.0250374987994881 -5.8060723972027208 -3.7106881811593455 0
9425 7.127975045220138 -5.6022865146950389 -3.5506902563838647 0
9426 6.995469257608617 -5.6959431833742347 -4.2840810563287839 0
9427 7.5948267923610517 -4.8933617444173496 -4.2102025298059127 0
9428 6.6243950335519228 -5.0034909582458358 -3.6368096546364752 0
9429 0.67549968920063896 -0.66007501583924311 -19.141015523328164 0
9430 0.45148425890815203 -9.0518230053750344 -4.1284008279898039 0
9431 3.8816537023649107 2.7805381353452772 -14.234326027966324 0
9432 4.2588603412636257 7.1746974359881861 -8.4216517681076759 0
9433 4.2421270397799757 6.3099721563491684 -8.467204376467528 0
9434 0.26674447912451743 -8.3290298429110337 -8.4318433003484454 0
9435 0.41974079621600718 -8.4708293835427497 -7.6601045151206275 0
9436 -3.0019120270933546 7.7451130343258132 -8.2586427809398337 0
9437 -2.7937186090820258 7.0236451288268356 -8.3207819078949026 0
9438 -2.37460664702258 7.9129027788915582 -8.7285770823316966 0
9439 -2.1924466856205971 8.2016103605983126 -7.900574850524885 0
9440 -2.6115586476800434 7.3123527105335917 -7.49277967608809 0
9441 -7.1757464292087807 3.9336961616477053 -9.4505944929186043 0
9442 1.6541981692215761 9.028757074763968 4.5847499040811677 0
9443 -1.6481455521093276 -9.0545659071973148 -2.9150959168349151 0
9444 -2.6098127366403521 7.395633415417417 -10.092262186331922 0
9445 -3.4137282926987376 7.25114999144599 -9.8700595604588202 0
9446 3.2756602093066816 -7.2558562566247193 4.5592346741396934 0
9447 2.9929493267403098 -7.4090062550076805 4.1370597787350452 0
9448 1.8654757477627673 -7.84167429052044 4.5778251045953517 0
9449 2.181025522208571 -7.0403060708582599 4.5778251045953517 0
9450 3.5912099837524853 -6.4544880369625393 4.5592346741396934 0
9451 6.4532770644331565 3.7696545810224977 -4.8601443204173673 0
9452 5.68526587671849 -0.062345135859484209 -12.338441426479058 0
9453 5.4234043434697146 -0.4432946600645909 -12.809736342205445 0
9454 -1.861955336949729 7.6376993606715526 -9.9765954237341479 0
9455 -0.98252871128892205 8.0003446784659982 -9.4838771234211414 0
9456 -5.5770951811347711 3.7999359195454927 -9.1499068672941597 0
9457 -4.8377614337425729 4.6159230331154042 -9.1678167166065556 0
9458 -5.3745517640140719 4.1880480372045614 -8.5089045496511062 0
9459 0.11480517804088837 3.7869410841401359 -17.899512739872396 0
9460 4.165249784273783 0.81955572165770807 -15.040719343302722 0
9461 -1.8217893117324513 5.9084408281509075 -11.125841952832481 0
9462 -1.1024215979635981 5.7701826466906514 -11.480647892563127 0
9463 -1.1104361833419847 5.9903420809624919 -10.883914617836666 0
9464 2.6137357328949422 -8.4939086738093739 -5.0793341699901742 0
9465 4.3659323351558443 -6.7794124817235843 4.5592346741396934 0
9466 4.7624029132762971 -7.5200754936609027 4.5592346741396934 0
9467 3.8829512210442321 -7.9514671211386467 4.5592346741396934 0
9468 4.554611516651212 5.6635497147017091 -6.3937554390905511 0
9469 6.8132809084884514 -2.5284548436534271 4.5197862655868049 0
9470 6.9531591497446534 -2.2758557876747831 3.8282302823882421 0
9471 7.689425980936095 -4.8963749650254549 -3.2782058136279364 0
9472 7.1858459692678789 -4.2975794085762526 -3.3643252118805469 0
9473 9.0032991894307735 0.28289979743991406 3.8002236488644194 0
9474 5.4360059991087679 6.1199330639287934 -8.8762094032785317 0
9475 4.8788493424146093 6.8204691132622095 -8.3146697808587415 0
9476 5.1481739039094725 -0.44329466006459078 -13.37961083789197 0
9477 -2.0279316445918933 -5.1998495247389869 -12.606135167590732 0
9478 -7.9798575409959636 -2.2951693599863692 -8.7372809913544796 0
9479 -7.6545939313573825 -2.7130701611884067 -9.3419846941912077 0
9480 0.2034507315796919 9.0669157329834889 -4.0666487892938177 0
9481 6.7283048573717519 -3.0615672347485239 -11.724063269352428 0
9482 -5.6404774946513943 -7.3829462130559511 3.8012168028036024 0
9483 6.3517861555806006 -0.95507040750591654 -14.017316710076821 0
9484 2.9090019117100145 -8.4623247602206852 3.6012988657519198 0
9485 -5.3673840595641229 -6.8308702741075535 -6.6990460275341706 0
9486 -5.1808997276031672 -5.9407257921365728 -7.1715437492224279 0
9487 7.1371876398856511 4.1899037864882498 -8.8177786094142583 0
9488 7.078298606530522 3.9927444831136798 -9.6087036999570241 0
9489 2.5232844884011074 -4.9776651903609004 -15.508654572565799 0
9490 2.2399813142154548 5.6468713529779579 -11.08436441563639 0
9491 -2.6269248193608581 -6.0713074376592679 -9.3760336410797613 0
9492 -1.9562338571306821 -6.202903188754382 -9.9092362583870433 0
9493 1.5234459395547271 -8.8619061328481425 -3.8657632457709239 0
9494 4.024636682037265 -7.8219997779818611 -5.6288532453087647 0
9495 -1.7710876777345905 5.9986922140529133 -10.373912225974543 0
9496 -6.0002989082996363 -0.011836080136811755 -11.451481764224216 0
9497 6.9311349399114759 3.5272169452593483 -10.711349902430417 0
9498 -7.0770189702326132 -6.0582076079509655 3.8540820654011458 0
9499 -7.6298723315869008 -5.0829234891880599 3.8109652961160672 0
9500 4.7992836964741343 5.6094361070157532 -9.0287439988873182 0
9501 4.6768776760410482 6.6613158678157127 -9.1704625335940815 0
9502 0.83289136874491143 6.5013496794773928 -13.668226217341452 0
9503 -0.078544180763045437 6.3683446751175081 -14.035975174257048 0
9504 0.22487372270099165 6.7129996434795292 -13.226850104622098 0
9505 3.4293509710223438 -4.1122855685778266 -12.815753152533562 0
9506 4.045635028080901 -4.0224369179997552 -12.285506279129805 0
9507 6.8193419307317971 1.4971491786909688 -12.662382400731168 0
9508 3.3112986143511205 -1.9702578558256969 -17.653992164883626 0
9509 -5.8831956227438971 -2.9377478115702305 -9.4838059302799635 0
9510 -5.4755757262244744 -3.8114122535144346 -9.1911214099337677 0
9511 -0.84789925972709002 -6.6950994469060712 -8.3522502638469529 0
9512 0.12640510431776292 -6.8782588340327724 -8.2197522116694124 0
9513 -0.59058605447622026 -7.0011807673574822 -7.6319890906471359 0
9514 -0.88295228249718172 -7.56564570853247 -10.907863730614633 0
9515 -5.2454549796172234 -4.4640673246563445 -13.019342071148138 0
9516 4.095564276149009 2.0410360735750332 -14.328227256722407 0
9517 -4.3029004467392538 8.0232333213621878 -4.1274022385728264 0
9518 -3.8669698977120213 8.2606795542429055 -3.8366042868828383 0
9519 -4.6373230052544336 7.9515103750729139 -3.2405669066639158 0
9520 -1.8945404513249389 8.4278021464540345 -7.2392460374242811 0
9521 -7.0109894002758253 4.4205521336393634 -9.0414282379777049 0
9522 -6.8084459831551261 4.8086642512984312 -8.4004259203346496 0
9523 -5.3054295979477679 4.8679001183894837 4.5426626933047825 0
9524 -0.17315347711842188 -7.3564197830933002 -5.4117242851490523 0
9525 -5.5156530500469083 -6.3254366541373557 -8.2539130531524236 0
9526 5.7165355408830942 5.7027189999577299 -9.3997334976160065 0
9527 5.137634761665506 -6.5439045107565992 -3.8660393743611481 0
9528 5.971406825562676 -6.859388926104117 -3.724226071612029 0
9529 -4.4429599364902774 -8.0976122305218947 4.5995338894877085 0
9530 6.2458999422542565 -4.1882240015247163 -4.310908141062912 0
9531 -5.0868402204591625 7.7726400317796189 -1.9417627000534181 0
9532 8.7642995206445047 -0.4974531316394612 -6.0075456932824958 0
9533 8.0002512501792005 -0.029145109479245368 -6.3514849585614925 0
9534 -2.2966665310222387 -7.4352436395484087 -10.660471933278904 0
9535 -6.9070251839180923 -5.3369481961190779 3.7711411998555873 0
9536 -4.7936826682079445 5.8142237173936575 -4.2036296355831375 0
9537 8.32493975331505 0.98022638211799806 -8.3488662367244437 0
9538 5.6570048291149551 -3.862899540966779 -13.088029488458579 0
9539 6.5255403227905369 -6.3246597181779478 -4.0103926393189449 0
9540 6.6580461104020578 -6.2310030494987512 -3.2770018393740261 0
9541 4.2262593076982338 -5.9664968191461325 -5.6774238691774137 0
9542 4.013548651966147 -5.9976673886113065 -6.5549122148853911 0
9543 4.7848642053347046 -5.4436362633224356 -6.4855565776961317 0
9544 -7.2039069312546928 -2.0468733200774523 -11.373931874180926 0
9545 -7.5253116156692554 -1.6100009048233819 -10.746418645605322 0
9546 -4.6938907930449414 -5.3239267187038228 -12.467819332126746 0
9547 -4.8521571447046981 -4.8973569433397302 -13.065427850088025 0
9548 -5.2451548496247575 -4.9652293583428602 -12.278190512858016 0
9549 -8.5901862235638333 1.4630867388430393 -6.0719531895691716 0
9550 -8.7265414543033639 0.49049708294496835 -6.1515458831419778 0
9551 0.28454979973653655 -8.6255757414541989 -6.8629223298474269 0
9552 -0.086323783646837016 -7.7742020614170446 -7.4294376784612108 0
9553 -0.58543767614893638 -8.6066981341471909 -7.0468979940529675 0
9554 -0.037057218300384331 -7.9026262762978927 -6.6551172784532868 0
9555 4.6722038969014541 -6.1096416229113579 -10.809395191605091 0
9556 -4.154184806578189 6.3469053847546135 -3.9052289544929151 0
9557 -3.3724659537902024 -6.4573417973592271 -11.840481756050753 0
9558 3.2274480558707395 8.3059549472434124 4.6123861417998979 0
9559 2.6201570483749448 7.6103440820099468 4.6123861417998979 0
9560 2.6024859282756969 8.7832283833834968 4.5847499040811677 0
9561 -6.6003831452624926 -4.4384545750194366 -9.9249689496235813 0
9562 -5.6742595439725729 -4.3287559085523739 4.6117295545186696 0
9563 7.462841408780319 -4.7559847603853491 -5.7122956614082536 0
9564 7.5959931512932259 -4.722605893843264 -4.9497442850340825 0
9565 7.1400363964074822 -5.7909575565424429 4.5652637612009652 0
9566 -8.751623952239898 -0.2963119478965906 -6.0701433886852838 0
9567 -8.0341763077718706 0.53020779458374867 -5.6532698701472484 0
9568 -8.8508252187595087 0.19506596274476051 -5.2574266282223459 0
9569 -8.8841106600144961 -0.88745822712770539 -5.1412617745796858 0
9570 -8.1666630155464688 -0.060938484647366065 -4.7243882560416504 0
9571 -8.0674617490268581 -0.55231639528871723 -5.5371050165045883 0
9572 -2.7859261743202755 -5.2246042850364987 -11.4400767248721 0
9573 8.5870717477113949 0.38786274781659663 -7.3083175266067615 0
9574 8.6456645783951842 -0.4974531316394612 -6.7510442671729765 0
9575 -0.76492895396128935 2.1022429936543587 -18.96778113725906 0
9576 -7.2816008335812263 4.2691481176815866 4.6638286832464813 0
9577 6.4264162621815206 -4.8959841396752282 4.5082506728822445 0
9578 6.7313421531571507 -3.0166724250862327 3.5943788518962561 0
9579 6.4177472163278093 -3.3945527414998176 4.5197862655868049 0
9580 3.4859087232093637 5.836128472725207 -8.4858392316447073 0
9581 5.3298765578985225 -7.1652150859055812 -4.7640063478240755 0
9582 6.0314393375379218 -6.7138494831466025 -4.5147425946938924 0
9583 -7.7009031463655724 5.4467927104007696 3.7518370725802304 0
9584 -7.1795726287029771 5.1410465084694703 3.6306710826385311 0
9585 6.9772961812159853 5.7503121231215264 -3.8116338493601525 0
9586 6.9265374060588947 5.8957123031600478 -2.7415890843069963 0
9587 1.0411171727012098 -8.9217619304659905 3.7372367407684886 0
9588 7.5268142319243481 -1.5839588951398338 -10.775683645509888 0
9589 -5.4914143211680102 6.1414241124852413 -8.9969318704938939 0
9590 -5.4046635076154024 6.4343267637344663 -8.1035405302582042 0
9591 8.0388913005688671 3.6839044971949129 -5.9061969596757837 0
9592 0.43555339508087332 -6.5843168767841842 -9.3744024811940765 0
9593 -6.4963126623695455 -1.8583365225087984 -8.9247058368907197 0
9594 -0.83252953615650394 -7.218557793107073 4.433368332738528 0
9595 0.11961145389681915 -7.2185578000674102 4.433368332738528 0
9596 -7.5520266709945645 3.7599821952848176 -7.6690420254089489 0
9597 -7.5497322048418933 4.2526468184409794 -6.6672999149764838 0
9598 -5.1241324407357922 3.9768193081944281 -9.721335401623131 0
9599 7.4023543154904843 3.4358452991369282 -9.3856215225877566 0
9600 4.4227607478231237 -5.510982905421657 -7.2496535010371037 0
9601 -5.8369224805177016 -0.71489213780278216 -11.708037006514338 0
9602 -5.861197493122944 -1.5221826528017544 -11.126803796491856 0
9603 -6.1220562927002042 -0.61644566957504088 -11.015498039328747 0
9604 2.7556233646186956 6.2500075598644891 -8.5015746100607696 0
9605 -6.0949387381926714 3.5051046634317977 -12.590908268955673 0
9606 -5.9069953363711392 4.133734540523065 -12.207811147835354 0
9607 8.7553505735259929 0.4683080221602135 -6.4197186777166761 0
9608 6.6546125485680134 0.96085420563745072 -8.7038292482540349 0
9609 -3.3219854952463406 7.669523144150272 4.6083388097573099 0
9610 0.79669593426340402 -7.4267622812408547 3.7770085719763897 0
9611 1.267452916918846 -7.308555197817423 4.5778251045953517 0
9612 5.0297105580269861 -3.9887221140142897 -9.9547861898636878 0
9613 5.8932845781180792 -4.03212035298362 -10.242072880526193 0
9614 1.5763605898210293 -7.3899145251498846 -3.4329889185915388 0
9615 0.50439890917445429 -7.5798313976767755 -3.6956265008104188 0
9616 -1.3229746007581875 -7.1990644587516179 3.6174908230651264 0
9617 -4.768340599480827 7.9278685230031556 -2.7097959769616646 0
9618 6.5859487909887804 6.3220123322506225 -2.0950460260735388 0
9619 6.0525748769833747 6.9331367615363924 -1.86821989573555 0
9620 2.9875000139645032 -6.710518970783756 -5.5239142377805841 0
9621 3.7631451768566264 -6.3538859086916819 -5.1605088373714496 0
9622 5.2645783050621047 3.5029350755672857 -10.247856835126893 0
9623 -1.217723083845522 -6.9733582831124492 -10.370759446522495 0
9624 -8.2215879119597624 0.21756402942228059 -9.0584541777853484 0
9625 -3.4450070459800051 6.8034354853427459 -3.8928105699765041 0
9626 -8.9419546368446134 0.65023542190273431 -4.6224015872866691 0
9627 -8.9752400780995991 -0.43228876796973159 -4.506236733644009 0
9628 -0.94004168144827283 7.2774039657814367 3.494913570473698 0
9629 -0.77545397054334286 8.8269975857533058 3.7177890177813557 0
9630 5.7790481951133419 -4.8971487718024047 -3.6513958676408631 0
9631 5.1720216576075533 -4.941157063758423 -7.0292817933131415 0
9632 -7.6274348869878672 -0.17087750837986546 -3.081016941412587 0
9633 4.5504839571517621 4.7641684335463834 -9.3080855613414535 0
9634 4.2588068612689742 4.7315125611312681 -10.307171912961723 0
9635 3.7913556340840415 5.3055512374333027 -9.6023386916570033 0
9636 -0.88315711650315198 -5.1236666029985845 -13.384980074243947 0
9637 4.4138974701041196 -5.9571208386535037 -4.9144248506672703 0
9638 4.9725023677405886 -5.4342602828298068 -5.7225575591859883 0
9639 -8.8416563205634571 1.463132943562786 -4.6942452494161309 0
9640 -8.6794543340601429 1.7476315370738877 -5.3817789288539899 0
9641 -8.6167421104994464 2.3835957303992013 -4.7132901312172297 0
9642 -7.9084633642274706 1.9420484920615149 -4.8595979914854102 0
9643 -4.5828375086801305 -5.5565722536997875 -6.6812248516423338 0
9644 -1.5053739152424175 -6.5631811914078693 -8.5231110312878364 0
9645 -2.2516964477455605 8.5298337494910452 -5.5976152028670256 0
9646 -3.088738189822025 8.1880439393210871 -6.0945384156320195 0
9647 4.5464571913114593 7.1933314208784171 -7.7681688959875839 0
9648 3.7544981116625813 7.5663531090970952 -7.91374646480255 0
9649 6.8021410395310573 -5.2229021651330356 -7.1180229226115914 0
9650 5.1154602497435171 -5.5057552358945259 -4.6651610975370872 0
9651 -0.056134504762439141 -6.7027862555930486 -8.9197121722169683 0
9652 -0.48435293513375632 -6.4927833477505725 -9.6533975453618979 0
9653 -1.0304388688072921 -6.5196268684663474 -9.0522102243945071 0
9654 5.9397859897481808 2.3021588949708347 -10.222077562033103 0
9655 5.7736126751945811 3.0775718024483236 -9.9006568996508122 0
9656 -7.324867256712885 2.7504779006865023 4.1063301377222405 0
9657 -6.4848093279725054 2.9830716713051686 3.8217276483673883 0
9658 -7.2633307897517314 3.5028854270541445 4.1740331360264946 0
9659 -4.2792102529592206 -4.1227901001434386 -11.670890897808583 0
9660 -2.1785985818135765 -3.5893403359082372 -17.386553623229567 0
9661 -6.1473299756878026 3.0686973656765115 -7.9979424458163351 0
9662 8.3202515691675778 -3.3383473627494853 -4.9885426613027484 0
9663 8.2673422168194843 -3.2061332525384931 -5.712404275038713 0
9664 7.8065471915050342 -4.2490995234817346 -5.2886662210850561 0
9665 7.7536378391569407 -4.1168854132707429 -6.0125278348210198 0
9666 7.3386476733295662 -3.4505717603200683 -5.5213011210245604 0
9667 6.7487230010405295 -4.1661437736693525 -10.152778533847124 0
9668 6.0796414644561239 -4.6277838393474688 -10.902223380751609 0
9669 6.2297864427535492 -4.8875226620781973 -10.028949298607554 0
9670 -1.2009531833563045 -6.3124389340811717 -9.6907649778284615 0
9671 4.6240914251136367 -4.2292086912119835 -10.515487594203677 0
9672 4.7742364034110629 -4.488947513942712 -9.6422135120596231 0
9673 -5.9012017263507524 5.7771699007345347 -8.8871463195334961 0
9674 -6.4379920566222513 5.3492949048236911 -8.2282341525780449 0
9675 6.6284646075831484 -4.3343350005659396 -6.7306300326991026 0
9676 -6.7002380891215232 -2.7729593479135204 -6.5151330176771776 0
9677 -6.9024672209190747 -0.039729200808947429 -8.4188726418232527 0
9678 -6.884339071877041 0.71110168347782132 -8.1599636621104086 0
9679 -6.1786245157983197 3.3643139121716272 4.6456961357491977 0
9680 -6.574158192177654 2.4982159766086265 4.6456961357491977 0
9681 7.534807170424985 -4.0021624597519363 -6.8787556044688927 0
9682 7.191762449833079 -4.6225211141540923 -7.340171176727539 0
9683 -3.439651104885519 7.7304629187006366 -7.6661555826352492 0
9684 -2.6301857634127614 8.186960244973136 -7.3080876522203004 0
9685 0.27940142140925267 -7.0200583746644885 -7.4480134264415963 0
9686 -0.36355570044081575 -7.2594723161429453 -6.1625236503365537 0
9687 0.658511333600585 -7.278156740384512 -6.0159517005716303 0
9688 8.3502152275872099 -3.3907781209673145 -4.0442945281826645 0
9689 7.9396989340179411 -4.2157206569396495 -4.5261148447108841 0
9690 7.4717994158424741 -3.4171928937779832 -4.7587497446503875 0
9691 7.5017630742621053 -3.4696236519958124 -3.8145016115303032 0
9692 -1.6633625096456739 -6.3458631981333742 -9.1935998218983244 0
9693 -1.8953691985608609 -9.066761654132641 4.6514345991846291 0
9694 -2.6166390628105574 -8.4741575947708192 4.5814436623812718 0
9695 -8.8373966675078002 2.141224441424618 -3.8950403693017739 0
9696 -7.9042037111718138 2.6201399899233468 -4.0603931113710523 0
9697 -8.1291179212358244 1.699677203086932 -4.0413482295699534 0
9698 -9.1492126597275565 0.014977568263524504 -3.0117260640126968 0
9699 -9.1610211325753479 -0.79265248841372005 -2.5422786339793442 0
9700 4.0652473453499045 4.6065804217029935 -10.972544097309989 0
9701 6.0253733169802599 3.3107222534317238 -8.4056993808707183 0
9702 -5.5373971721659414 5.3360658391057267 -7.7599323207115827 0
9703 -6.0808918329229211 5.9277407139677303 -7.4833908938249873 0
9704 -6.704432976747027 5.2069630668076625 -7.7178700671052276 0
9705 -6.0718087219815864 5.0285645522718374 -7.1172772702500904 0
9706 -6.6153033827385661 5.6202394271338409 -6.8407358433634959 0
9707 -5.4584933184837565 7.4610487218104016 -2.5455495424521359 0
9708 -0.41282226578726844 -7.1310481012620972 -6.9368440503444777 0
9709 0.45716521009820443 -7.1499257085691044 -6.752868386138938 0
9710 -6.8003446912172194 3.034741456133867 -4.7759253622837852 0
9711 -3.8711220940249298 7.2193173800322405 -9.296001216253611 0
9712 -3.0728342611631172 7.6123666453106607 -8.8261191961913017 0
9713 -2.6154404598369245 7.644199256724411 -9.4001775403965109 0
9714 -2.9647010618730638 6.7983856081141596 -9.2605982293490783 0
9715 -4.619467935016802 4.0367854610118812 -10.791625882600057 0
9716 5.9227857827457822 -4.8146257074661438 -2.875665186789794 0
9717 6.3896375298866968 -4.1057009371884554 -3.535177460211842 0
9718 4.5232865779827574 -6.112385763018894 -3.3091119044310471 0
9719 5.4106893151167377 -5.3745536494650157 -3.1537607112292445 0
9720 -8.2731230848837534 0.73424202513741987 -3.9822003503165977 0
9721 -9.0817001474368855 0.36289174181505435 -3.7640488279189563 0
9722 -3.7001396412338918 7.4445769007449165 -8.356184894799437 0
9723 -1.7007763304866943 6.2175271518371025 -9.7097543790417529 0
9724 -1.0401248360940882 6.209177018746681 -10.219756770903876 0
9725 -0.82134970482588709 6.5801724696315471 -9.2170360787287464 0
9726 6.6422584248726988 0.3166467646244957 -9.0604118254926824 0
9727 6.9220630478817249 0.38786274781659708 -8.1306056926557257 0
9728 2.1625509279340793 7.3425077990645011 -3.0984827608082917 0
9729 0.6349523800388287 4.8795812835818584 -16.5177512465931 0
9730 -3.071533959126695 6.002428142676477 -9.0682477175145877 0
9731 -2.2676184030683095 6.1469115666479031 -9.2904503433876897 0
9732 -2.1607855058146783 6.9428690320855866 -9.4828008552221768 0
9733 -2.2732461262648824 6.3954774079548971 -8.5983656974522784 0
9734 -5.8144509127981445 6.0700725519837588 -7.9937549792978064 0
9735 0.86117071605585882 -9.0517269249520638 -3.2216484085823738 0
9736 0.52462992498932193 -8.3396849418946175 -3.3271363574385751 0
9737 4.1473442914152283 6.1726473110919731 -5.2024539029332253 0
9738 6.0497505797804134 5.3708420440231048 4.5901680791765411 0
9739 -0.44820680963316378 -9.1526816031669664 -2.8480713949051899 0
9740 0.27640646454459461 -9.1181135538559364 -3.4839210574963602 0
9741 0.68609292169230141 -9.1180174734329675 -2.5771686380889305 0
9742 4.7976722604911881 -2.9766551325841699 -12.375086724107558 0
9743 6.5485169769663187 -3.9453484088747448 -10.980528080485218 0
9744 -1.0047016705568186 -9.1203798853185862 -3.1778807304053305 0
9745 -0.28008839637906019 -9.0858118360075562 -3.8137303929965007 0
9746 -1.3751363511986727 5.4999235134851929 -12.248844685696085 0
9747 -4.9219255204128949 -5.0964433002874916 -7.264545907335453 0
9748 -5.7240939194974816 -5.0589054870088717 -7.8116774440312611 0
9749 -1.8792431806451622 -7.0986174478669772 4.5814436623812718 0
9750 -6.3596651152124233 -6.8732793565248036 3.8963533333801226 0
9751 -5.8472872240381832 -6.2020976831109849 -7.6053790922856521 0
9752 -1.9903965239938204 -7.9618762491935975 -8.6015050208377666 0
9753 5.4855415097562066 2.9483543797971397 -10.617990519063355 0
9754 3.5470467575015805 5.1861734466778504 -10.509694681022987 0
9755 -6.1826021775375057 -1.0853102375476842 -10.499290567916253 0
9756 8.3792744871530047 -3.5179649790692196 -3.2349220627253397 0
9757 7.9687581935837359 -4.3429075150415546 -3.7167423792535601 0
9758 6.4734032024094947 -3.0906650301192062 -12.357373004110986 0
9759 -7.89782107703234 1.5027974504818196 -5.5736771765744439 0
9760 -0.45024667966946569 -8.4519517762357435 -7.8440801793261681 0
9761 -1.8675830601463019 7.8862652019785466 -9.2845107777987366 0
9762 5.2765423880154616 -7.3580249280212833 -3.9367029879507762 0
9763 -4.8242317565852586 4.8906655849926306 -8.4219089881716869 0
9764 -5.3610220868567566 4.4627905890817878 -7.7629968212162375 0
9765 8.60177558292804 3.3708579358242536 -0.49929173860406928 0
9766 -6.479264220137801 3.8955388692128299 4.1883588290539802 0
9767 -5.9289493399727373 4.1483199669712123 4.5426626933047825 0
9768 -6.235134152146923 3.7670777261047537 3.7186942059229722 0
9769 -2.9005515063356571 6.2276876633891529 -8.1284313960604138 0
9770 -8.9814018311557291 1.1757892634751059 -3.8358924900484181 0
9771 -6.6776686011116384 0.42784303016404601 -9.0717085316931616 0
9772 -2.3199549719924972 8.4270058012199627 -6.6343798467699102 0
9773 -2.8076498965173391 6.8100320419233054 -5.3831903692129304 0
9774 6.8469406985142029 -0.4589413801331621 -8.5347167604408156 0
9775 -7.013655613926149 4.2868914818537291 4.0709996935820776 0
9776 -8.7767879627608778 1.6844905287506893 4.4606340019730428 0
9777 -7.9325848697171768 1.7658258380099745 4.4606340019730428 0
9778 -8.9012487468623327 0.64508265708161472 4.4500510053510407 0
9779 -8.0570456538186317 0.72641796634089983 4.4500510053510407 0
9780 -6.5652728090496435 4.2995821116031419 -6.9954177308923811 0
9781 -7.1087674698066232 4.8912569864651445 -6.7188763040057866 0
9782 6.4869084823504908 3.4794524846105253 -5.8919913263130272 0
9783 7.6878717166774635 4.3756046629992671 -6.035756015323356 0
9784 7.954139593245257 4.051210807660234 -5.3937227317357532 0
9785 6.9715093281750544 -3.7139763461637836 -6.2692144604404554 0
9786 7.3882411379169532 -4.6495100346404712 -6.4309658248353037 0
9787 -7.4647657308319539 -1.1411363368507386 -11.262626117017817 0
9788 5.2059019166866225 5.2766597635417725 4.5901680791765411 0
9789 5.2781835275052167 -5.4682103181442123 -3.8871515111741637 0
9790 4.5766207478658183 -5.9195759209031902 -4.1364152643043468 0
9791 3.998325172186219 5.3767717779582789 -8.8960444217627366 0
9792 -8.579604369931058 2.6439969841337065 4.4606340019730428 0
9793 -2.0088753668811372 -6.3392467154453946 -8.7112080848003366 0
9794 -6.6983918285003323 -2.4308231558725524 -7.2032662266145557 0
9795 -5.2010252361239111 7.0556268734319652 4.3244530199925428 0
9796 -6.760270315918631 3.9634019157502873 4.5426626933047825 0
9797 -8.3924376773213663 3.1494700078824991 -4.7538017085193722 0
9798 -8.6130922343297183 2.9070987189079158 -3.9355519466039164 0
9799 5.7524998807815013 -4.2447986366141066 -6.7375674436409501 0
9800 -8.8257427208229746 0.98187499358631947 -5.338829122679039 0
9801 -1.4258876133791973 -7.8041739488579784 -9.6683598930526511 0
9802 -1.7187589608642058 -7.6612139394789853 -10.383996329541372 0
9803 7.9002038716649725 -3.4695378383822084 -6.4603176144546079 0
9804 -7.1014184025947467 5.5944759971061817 -3.6570041955049417 0
9805 -8.1927624290303456 3.6721683127087177 -4.0763200215206332 0
9806 0.91408536632216109 -7.5797353172538058 -2.7888740814029891 0
9807 3.558342617416578 6.3711246994071757 4.5553046992863377 0
9808 3.710429168865482 7.1339003090890483 4.6123861417998979 0
9809 2.9357068186540971 6.8089758630152311 4.6123861417998979 0
9810 -5.0855369216357218 5.4410720886651616 -4.8878943158395227 0
9811 0.33389791661511015 7.5579133869604647 -4.1410347674223829 0
9812 -0.87980167970566159 -7.7773304281422035 -10.26954721402004 0
9813 -4.9415684317732751 -4.8613400241431659 -7.9956722164847136 0
9814 -6.4814989384841013 -5.1960810118047736 -8.6536112476777554 0
9815 -6.0315284005349143 -5.8130229119768835 -8.212108191598805 0
9816 6.6550908227175638 -3.5545133948875423 -4.0307584061940869 0
9817 7.0656071162868326 -2.7295708589152072 -3.5489380896658673 0
9818 6.749690011292607 -3.5575266154956475 -3.0987616900161115 0
9819 3.5504345211245396 -6.3850564781568568 -6.0379971830794261 0
9820 6.9533976247038032 5.1829780458993939 -6.8575606910134628 0
9821 -4.2033244270284857 5.8579003873757394 3.7854529276173023 0
9822 -3.239813216637021 6.4004589810045989 3.7119869041520488 0
9823 -5.8615261823704259 4.7639963726714694 -3.5805934379067286 0
9824 -7.1453977117822971 4.5683528987834974 -7.6662936780759239 0
9825 8.1913663849401885 -4.1148255316455478 -1.1017001754370086 0
9826 8.0363026725495725 -4.5067503952202053 -1.9135994815415831 0
9827 -7.2309987966074782 -0.44340110014454776 -6.0913872868124876 0
9828 -7.1523989781132054 -1.372176604334068 -6.0486882510668911 0
9829 0.16119235838936086 -7.5750599618102754 -3.0284632063847341 0
9830 -1.8876113710421962 9.161571580267756 3.7005808743256363 0
9831 -2.0521990819471263 7.6119779602958868 3.4777054270179786 0
9832 -5.155944653352635 7.6515137192090226 4.6083388097573099 0
9833 -7.6623759415330994 4.8010527348696641 -3.4722834740997017 0
9834 -6.6775058064352439 -5.076112726461961 -7.8987319961790678 0
9835 6.4842367184617391 -4.1087141577965607 -2.6031807440338661 0
9836 6.1580217588108939 -4.5577197159157166 -2.0397323748522513 0
9837 -6.2925370612306288 4.4687679435746519 -2.6011079866690583 0
9838 3.5634337801117324 8.2128520688597249 -4.9933752030683021 0
9839 -5.4599887196441736 -3.4657731471049629 -9.8878048248338573 0
9840 -7.0099454917442134 3.1793958609507023 4.6456961357491977 0
9841 -7.5443368855325614 3.5707484735916015 4.528337000277296 0
9842 5.5464920957705859 -1.9257729707019049 -11.821427238859094 0
9843 -6.5675672752023146 3.8069174884469792 -7.9971598413248479 0
9844 -5.6939753436603571 4.5193028988788395 -6.2973079846038589 0
9845 -6.1874394307284142 3.790320458210144 -6.1754484452461496 0
9846 -7.0327865171518118 2.7084943328564215 -4.0431058018600297 0
9847 -7.3336825947205098 1.3545541877419367 -4.6787412681697056 0
9848 -7.0981260974613694 1.8357659329986564 -5.4118653350598382 0
9849 -7.1087683846565 2.2750169745783517 -4.6977861499708045 0
9850 2.8549881817983076 8.5901976749523676 -4.1274857630805108 0
9851 4.1329089551879523 -4.8056860361301785 -10.28249155485673 0
9852 3.0752472261744259 7.8672133738044652 -8.0251118079155592 0
9853 -1.7064040536832672 6.4660929931440965 -9.0176697331063416 0
9854 8.0633573821587792 -4.3459207356496599 -2.7847456630755838 0
9855 -4.0404189532415096 -5.9084559683032385 3.8725166135777371 0
9856 -5.0457938953941239 -5.5426485053439816 4.3001236740460609 0
9857 -4.88482828937566 -6.1274836930357308 3.8787929141145749 0
9858 8.9768909635896161 -0.40828484515877828 4.479927136502301 0
9859 7.2558527986540788 -0.49745313163946087 -6.0998659732929639 0
9860 -5.9432444335962344 3.4889559515161226 -8.6361964161263636 0
9861 5.4784613436839305 -2.992842316217927 -10.70389944609723 0
9862 5.8802498622694657 -2.4524111879702555 -10.132433145149681 0
9863 -8.1317734464242371 4.2965770436435742 4.528337000277296 0
9864 -7.5889785202751465 0.22679778013676014 -3.7454558235260507 0
9865 -7.4492330096828727 0.51414146022444007 -4.6038085828937634 0
9866 -7.4825184509378602 -0.56838272964802583 -4.4876437292511033 0
9867 -7.350031743163262 0.022763549583088995 -5.4165253433567013 0
9868 2.4931440383022792 7.3436417323956817 4.2508634963092655 0
9869 2.3367233994311087 6.6204537219368405 4.6384773545093676 0
9870 -7.329422941664852 2.0326456856037689 -3.8795363880553486 0
9871 -5.0507397957351134 -5.0483360680688101 4.6117295545186696 0
9872 5.0095858311737356 -3.675277746690651 -10.625594746363621 0
9873 5.6786673677581412 -3.2136376810125338 -9.8761498994591363 0
9874 -3.3989689812422892 7.9479983830742622 -6.7682462210824097 0
9875 -2.5708765240368137 7.5298881749072173 -6.5948703145352505 0
9876 -4.7374809430326508 5.1835682362418556 -7.5285176479359972 0
9877 -2.1587292639287208 6.5920936161671468 -7.9272231304486489 0
9878 -2.7860346439994954 6.4243038716014027 -7.4572888290567843 0
9879 -1.9765693025267383 6.8808011978739021 -7.0992208986418355 0
9880 -5.7407010164755352 3.8770680691751913 -7.9951940984833092 0
9881 -5.9699356615537091 -3.940420626455341 3.9322654702007291 0
9882 7.0356434578672005 -2.6771401006973781 -4.493186222785952 0
9883 8.8383711645498853 0.53691814233138446 4.5183456491882668 0
9884 -6.4224837213087778 3.9705731104349522 -3.3958727165014881 0
9885 -7.3634855043820746 -1.0345473793756625 -5.1625056727068896 0
9886 -7.5324292814549505 5.2992475680093634 -2.6775187442672719 0
9887 -7.5349861315887452 4.5926376837850293 4.1921656835237773 0
9888 -5.8208688165432605 7.1097591514934155 -1.8311125617594548 0
9889 -7.3389797112383546 0.85030402044512687 -5.3212193835643475 0
9890 0.038202540303884341 -0.0366365978110752 -19.525944886395742 0
9891 -1.7511520963060203 7.1414272289671326 -5.4628258302600781 0
9892 -1.8194106205529574 7.0385992806960491 -6.4995904741629626 0
9893 -5.2718924928482958 4.8760669494079654 -6.8858625974745058 0
9894 3.4014707488754059 6.6537737688698879 3.7750278454983812 0
9895 -7.4759461639075147 0.97041507721696996 -3.9861149092033186 0
9896 -7.2150749423673926 4.0002935477997514 -8.4031742676676764 0
9897 -0.48181911805461586 7.2672838418189478 4.565750532236633 0
9898 0.066351299965675889 7.9450243721968166 4.565750532236633 0
9899 -3.5888618476997345 -6.8099144976832804 4.2698377819086621 0
9900 -2.7928157821086885 -6.8303683316175539 4.5814436623812718 0
9901 -3.5753322799834484 -6.0653340263776503 4.6883941195273913 0
9902 -2.7453525203562661 6.6418393359750283 -6.5593794675039447 0
9903 -6.1897338968810853 3.2976558350539813 -7.1771905556786155 0
9904 -5.7831049376688179 4.1060265385526611 -7.1744422083455905 0
9905 -8.673024133745626 -1.2250874520861108 -6.0274443529396873 0
9906 6.8268472080111469 3.630985373559811 -0.68901026851110281 0
9907 -3.5414666259510144 -7.1563216554267282 4.5814436623812718 0
9908 6.5384883831334921 -3.0153364407380945 -5.9926728482076044 0
9909 6.9056267282880048 -2.7519318548943792 -5.2447595087917094 0
9910 7.2421269136983089 0.46830802216021389 -6.5227226398656279 0
9911 6.2493120274559635 -3.7077228218302212 -6.2321083349424935 0
9912 2.4727667595003178 -8.5372851550343682 4.5778251045953517 0
9913 8.5110312700230892 2.997347507474752 3.771939915926362 0
9914 4.3191863732539293 -7.8765067263249655 3.5827084352962615 0
9915 8.7392709115242599 1.5114504122666168 4.5183456491882641 0
9916 -3.7140835632728555 -7.5386090789469211 4.1809775518689793 0
9917 6.3919223506254603 -3.6626840156266289 -5.5448830685740162 0
9918 1.9308588679514842 6.8713851487925091 3.7363487071304693 0
9919 6.5250740931383682 -3.6293051490845438 -4.7823316921998442 0
9920 0.47032188793739155 7.2672838466873229 4.565750532236633 0
9921 -2.5881938383824852 6.7996374187971744 -5.9597490430250719 0
9922 -7.605873352493715 2.8183409472239598 4.4606340019730428 0
9923 1.4231508091046186 6.8887028468325617 4.6384773545093676 0
9924 3.9040643987015828 8.4746328060801304 4.6912193309661641 0
9925 -3.5352217230423966 -8.1339519544981584 4.5814436623812718 0
9926 -8.5180679029699036 3.3964045105013483 4.528337000277296 0
9927 -8.7901445588281 2.1872497363575061 3.6200456464787782 0
9928 7.7003408871711017 -2.8555656183326756 4.6602196137962704 0
9929 0.72734795642640349 8.7415424974002534 4.565750532236633 0
9930 -1.8611539383622799 6.825586158194934 4.5278644077100374 0
9931 4.3593345982770533 5.8563584154625188 4.5553046992863377 0
9932 -4.9694315893250325 -6.797813830798793 -2.2760399665798037 0
9933 -2.1723148234411251 4.1099319398896501 -16.705786430664361 0
9934 -6.9657303140306492 -3.8534427656379311 -9.8407406968678224 0
9935 -7.7667279010795163 2.11479728705751 -9.3357079946458619 0
9936 -3.962238979876016 -0.62003664768999567 -17.446509829784773 0
9937 4.1281513477572025 -0.64491741666815994 -17.305848576153704 0
9938 -8.8961055467605483 -1.8041653966650399 2.230955503785033 0
9939 8.1284699830041891 -2.2824544540703582 0.9705351819911805 0
9940 -1.4897743498930289 8.2811242812300243 2.0332104120615275 0
9941 4.0965909897741799 1.4143432244751404 -14.741831423014627 0
9942 4.4836617963162553 -0.31472217315027085 -17.053756821786038 0
9943 -2.3193765017559369 6.8357062821574228 3.4570274459471024 0
9944 6.1280872584008259 4.1830306826609416 3.8118230408820839 0
9945 -5.7074793379403479 4.5863466584388242 3.7267851844405717 0
9946 -4.9412794581109489 5.2184587146931491 3.7854529223110798 0
9947 3.162903527258055 -6.6989020743537093 3.8095562083074865 0
9948 6.9207580599136111 2.9616640598264605 3.7971571541604119 0
9949 4.0241065476378868 6.2159226052618326 3.717946402984821 0
